hotel,date,y_p,y_pred_p
HFL01,2023-01-01,164.4065354304107,
HFL01,2023-01-02,154.84101955524423,
HFL01,2023-01-03,147.73800830896587,
HFL01,2023-01-04,103.78877255844336,
HFL01,2023-01-05,114.32584657594788,
HFL01,2023-01-06,155.12367025660558,
HFL01,2023-01-07,160.4379608258578,
HFL01,2023-01-08,173.87101952515104,
HFL01,2023-01-09,125.47003331637242,
HFL01,2023-01-10,101.6152865347994,
HFL01,2023-01-11,104.8737271538731,
HFL01,2023-01-12,77.04812248937893,
HFL01,2023-01-13,98.83072190002945,
HFL01,2023-01-14,149.05666313536642,
HFL01,2023-01-15,193.76579786140334,
HFL01,2023-01-16,140.0054866625576,
HFL01,2023-01-17,127.68528114910181,
HFL01,2023-01-18,69.68278482006211,
HFL01,2023-01-19,58.11885784004884,
HFL01,2023-01-20,96.01811277788312,
HFL01,2023-01-21,103.27147388934209,
HFL01,2023-01-22,133.72235931821734,
HFL01,2023-01-23,155.81431842249515,
HFL01,2023-01-24,187.97329256530338,
HFL01,2023-01-25,144.09766357787325,
HFL01,2023-01-26,74.96146313044855,
HFL01,2023-01-27,81.21262087606435,
HFL01,2023-01-28,157.5130618341889,
HFL01,2023-01-29,175.31744192940363,
HFL01,2023-01-30,101.99126466950416,
HFL01,2023-01-31,37.02462105721889,
HFL01,2023-02-01,54.45394854862617,
HFL01,2023-02-02,48.989295740775695,
HFL01,2023-02-03,100.0124887607492,
HFL01,2023-02-04,147.6517403427567,
HFL01,2023-02-05,168.39162762193152,
HFL01,2023-02-06,293.68724308482064,
HFL01,2023-02-07,259.81785839882747,
HFL01,2023-02-08,65.82274203817187,
HFL01,2023-02-09,237.99530626787282,
HFL01,2023-02-10,199.91857172302332,
HFL01,2023-02-11,160.34813439583593,
HFL01,2023-02-12,117.4598350001934,
HFL01,2023-02-13,294.2931520139484,
HFL01,2023-02-14,277.60886990509994,
HFL01,2023-02-15,59.14181352440923,
HFL01,2023-02-16,261.98928019901837,
HFL01,2023-02-17,234.47546979009513,
HFL01,2023-02-18,167.41848727996316,
HFL01,2023-02-19,199.58745610921224,
HFL01,2023-02-20,141.88699501083818,
HFL01,2023-02-21,276.31810453850653,
HFL01,2023-02-22,242.94449163265529,
HFL01,2023-02-23,96.05860625517013,
HFL01,2023-02-24,166.240027022189,
HFL01,2023-02-25,172.56920483140763,
HFL01,2023-02-26,221.43724937549848,
HFL01,2023-02-27,305.04329769500424,
HFL01,2023-02-28,307.3779342383282,
HFL01,2023-03-01,116.78195794588474,
HFL01,2023-03-02,27.82053966258639,
HFL01,2023-03-03,34.95983909210953,
HFL01,2023-03-04,57.9295454866544,
HFL01,2023-03-05,68.132114722091,
HFL01,2023-03-06,221.3874895896475,
HFL01,2023-03-07,206.6683040017288,
HFL01,2023-03-08,24.908248683945146,
HFL01,2023-03-09,17.14794830787986,
HFL01,2023-03-10,46.04713661450955,
HFL01,2023-03-11,70.52661313459171,
HFL01,2023-03-12,72.9029772559895,
HFL01,2023-03-13,41.99967409604955,
HFL01,2023-03-14,15.6609901368299,
HFL01,2023-03-15,23.267048547397376,
HFL01,2023-03-16,18.241120538998224,
HFL01,2023-03-17,78.50533006740872,
HFL01,2023-03-18,108.71257728407375,
HFL01,2023-03-19,108.99077893535177,
HFL01,2023-03-21,19.56964619700913,
HFL01,2023-03-22,24.31702891162522,
HFL01,2023-03-23,54.75019110958292,
HFL01,2023-03-24,107.79270057529133,
HFL01,2023-03-25,152.98140342450745,
HFL01,2023-03-26,153.3480565667103,
HFL01,2023-03-27,154.2778001301585,
HFL01,2023-03-28,52.41226613970547,
HFL01,2023-03-29,39.620633773255726,
HFL01,2023-03-30,57.27638618445207,
HFL01,2023-03-31,77.106677768431,
HFL01,2023-04-01,120.0223183189467,
HFL01,2023-04-02,179.99280790828448,
HFL01,2023-04-03,120.72779152808972,
HFL01,2023-04-04,70.19358272265728,
HFL01,2023-04-05,42.96622830637593,
HFL01,2023-04-06,43.13620411573039,
HFL01,2023-04-07,92.14450794823878,
HFL01,2023-04-08,125.52658806531103,
HFL01,2023-04-09,175.15894295721162,
HFL01,2023-04-10,116.40742102642227,
HFL01,2023-04-11,87.12365158604888,
HFL01,2023-04-12,62.68495595695598,
HFL01,2023-04-13,39.21857503242109,
HFL01,2023-04-14,75.19554751536158,
HFL01,2023-04-15,125.24692299611107,
HFL01,2023-04-16,175.17950619455448,
HFL01,2023-04-17,144.7819947638608,
HFL01,2023-04-18,48.15022989761169,
HFL01,2023-04-19,33.95047189994919,
HFL01,2023-04-20,62.0878949675979,
HFL01,2023-04-21,103.95272053306479,
HFL01,2023-04-22,150.64407159001655,
HFL01,2023-04-23,199.98210330471443,
HFL01,2023-04-24,339.625673151179,
HFL01,2023-04-25,335.54534978281356,
HFL01,2023-04-26,65.47930784701587,
HFL01,2023-04-27,67.94606820257381,
HFL01,2023-04-28,116.17657855559447,
HFL01,2023-04-29,150.60024899649366,
HFL01,2023-04-30,182.2003987729546,
HFL01,2023-05-01,194.4113389175671,
HFL01,2023-05-02,90.55793120145871,
HFL01,2023-05-03,51.10417448917849,
HFL01,2023-05-04,185.14250783292624,
HFL01,2023-05-05,126.30654018523644,
HFL01,2023-05-06,111.32432498796526,
HFL01,2023-05-07,187.97539519061718,
HFL01,2023-05-08,160.3966639550003,
HFL01,2023-05-09,75.68203160469811,
HFL01,2023-05-10,83.0794260675131,
HFL01,2023-05-11,136.34643045385735,
HFL01,2023-05-12,107.65869541425303,
HFL01,2023-05-13,142.78462396711353,
HFL01,2023-05-14,147.3293245577177,
HFL01,2023-05-15,117.36418069937899,
HFL01,2023-05-16,61.52159983982483,
HFL01,2023-05-17,90.977671598179,
HFL01,2023-05-18,101.88833796714218,
HFL01,2023-05-19,142.56591096255175,
HFL01,2023-05-20,156.74430322713786,
HFL01,2023-05-21,169.13684108414293,
HFL01,2023-05-22,172.2790358155115,
HFL01,2023-05-23,62.31348423620618,
HFL01,2023-05-24,67.2878606011065,
HFL01,2023-05-25,73.69358600337814,
HFL01,2023-05-26,177.149330995541,
HFL01,2023-05-27,142.11041216197515,
HFL01,2023-05-28,180.98985238230125,
HFL01,2023-05-29,229.35591295471684,
HFL01,2023-05-30,169.8933540188839,
HFL01,2023-05-31,31.852611013326264,
HFL01,2023-06-01,58.911636902788636,
HFL01,2023-06-02,121.53015048517706,
HFL01,2023-06-03,140.73945250346375,
HFL01,2023-06-04,170.4598091413854,
HFL01,2023-06-05,176.74343687619455,
HFL01,2023-06-06,149.04632276215386,
HFL01,2023-06-07,106.18619751449954,
HFL01,2023-06-08,49.114672398466425,
HFL01,2023-06-09,102.97893607313604,
HFL01,2023-06-10,139.3704061226768,
HFL01,2023-06-11,158.32844183305866,
HFL01,2023-06-12,115.62183560470528,
HFL01,2023-06-13,66.91052611797686,
HFL01,2023-06-14,82.10703721966301,
HFL01,2023-06-15,73.98397690366401,
HFL01,2023-06-16,115.02143592332682,
HFL01,2023-06-17,151.88253341959947,
HFL01,2023-06-18,195.2443919170629,
HFL01,2023-06-19,222.97540958283074,
HFL01,2023-06-20,68.7848771058347,
HFL01,2023-06-21,49.99847838719709,
HFL01,2023-06-22,109.62018147686659,
HFL01,2023-06-23,127.29222795142842,
HFL01,2023-06-24,149.30659096883446,
HFL01,2023-06-25,222.76258466150946,
HFL01,2023-06-26,208.48818701747996,
HFL01,2023-06-27,168.12533493597607,
HFL01,2023-06-28,106.55847872487888,
HFL01,2023-06-29,114.48177008678194,
HFL01,2023-06-30,120.22967969429,
HFL01,2023-07-01,134.68245398983544,
HFL01,2023-07-02,160.75311003672306,
HFL01,2023-07-03,140.98133002347888,
HFL01,2023-07-04,158.1058564591985,
HFL01,2023-07-05,84.94777122073701,
HFL01,2023-07-06,264.11016751593905,
HFL01,2023-07-07,152.47523882920603,
HFL01,2023-07-08,145.3008681209589,
HFL01,2023-07-09,172.80468877526766,
HFL01,2023-07-10,166.61470694591912,
HFL01,2023-07-11,72.75039020458259,
HFL01,2023-07-12,65.82479613843418,
HFL01,2023-07-13,172.34920147924524,
HFL01,2023-07-14,125.84355582736771,
HFL01,2023-07-15,93.28486079524124,
HFL01,2023-07-16,156.83046249236386,
HFL01,2023-07-17,147.1834422798024,
HFL01,2023-07-18,129.38166821676347,
HFL01,2023-07-19,145.66879745962854,
HFL01,2023-07-20,172.25842079398365,
HFL01,2023-07-21,155.2491769150479,
HFL01,2023-07-22,82.60186953849335,
HFL01,2023-07-23,66.50169048983611,
HFL01,2023-07-24,60.26344833640378,
HFL01,2023-07-25,60.24941659015336,
HFL01,2023-07-26,73.75414023831611,
HFL01,2023-07-27,108.64247356441473,
HFL01,2023-07-28,76.59100680130153,
HFL01,2023-07-29,84.60421321797722,
HFL01,2023-07-30,88.70156810241832,
HFL01,2023-07-31,83.98003397157584,
HFL01,2023-08-01,82.70865429853902,
HFL01,2023-08-02,88.5918036846854,
HFL01,2023-08-03,88.78996647865495,
HFL01,2023-08-04,88.30273745710005,
HFL01,2023-08-05,91.17953298000306,
HFL01,2023-08-06,108.22805035187301,
HFL01,2023-08-07,101.91631668993756,
HFL01,2023-08-08,93.29452567280389,
HFL01,2023-08-09,57.1480312862148,
HFL01,2023-08-10,67.233240514541,
HFL01,2023-08-11,91.03009162265332,
HFL01,2023-08-12,87.6483302582266,
HFL01,2023-08-13,90.70187700677758,
HFL01,2023-08-14,96.1720519178379,
HFL01,2023-08-15,122.33402868848515,
HFL01,2023-08-16,114.28670649916816,
HFL01,2023-08-17,103.15395217253645,
HFL01,2023-08-18,98.66224200579073,
HFL01,2023-08-19,122.85499857695083,
HFL01,2023-08-20,228.9065640191524,
HFL01,2023-08-21,234.08634623731874,
HFL01,2023-08-22,171.0087897583194,
HFL01,2023-08-23,113.21179107915147,
HFL01,2023-08-24,138.32968224991689,
HFL01,2023-08-25,181.5649570617697,
HFL01,2023-08-26,160.38751534530698,
HFL01,2023-08-27,259.35520839031915,
HFL01,2023-08-28,240.78756698519845,
HFL01,2023-08-29,176.7443030759813,
HFL01,2023-08-30,140.5028564005503,
HFL01,2023-08-31,223.2761231150156,
HFL01,2023-09-01,160.6337844639469,
HFL01,2023-09-02,143.45720096060487,
HFL01,2023-09-03,228.53190833047734,
HFL01,2023-09-04,193.99359651449566,
HFL01,2023-09-05,103.22513262401833,
HFL01,2023-09-06,172.31793584342515,
HFL01,2023-09-07,128.43489499174015,
HFL01,2023-09-08,139.5255728691864,
HFL01,2023-09-09,142.42898984956085,
HFL01,2023-09-10,201.6931062867846,
HFL01,2023-09-11,173.66126481809536,
HFL01,2023-09-12,107.97519947589171,
HFL01,2023-09-13,79.98453469826924,
HFL01,2023-09-14,104.00463653443097,
HFL01,2023-09-15,110.2034418330791,
HFL01,2023-09-16,165.79971230104053,
HFL01,2023-09-17,127.75319336283827,
HFL01,2023-09-18,100.5669307029288,
HFL01,2023-09-19,63.504171547200166,
HFL01,2023-09-20,57.38247578997788,
HFL01,2023-09-21,65.98533954504529,
HFL01,2023-09-22,101.58440720734782,
HFL01,2023-09-23,125.86398383531275,
HFL01,2023-09-24,143.76791944710638,
HFL01,2023-09-25,95.78327254773839,
HFL01,2023-09-26,56.76779995008173,
HFL01,2023-09-27,106.62803790548719,
HFL01,2023-09-28,134.74338803150832,
HFL01,2023-09-29,110.97521206906514,
HFL01,2023-09-30,108.42202121358878,
HFL01,2023-10-01,106.09220690554285,
HFL01,2023-10-02,87.79208064210528,
HFL01,2023-10-03,151.92006228370724,
HFL01,2023-10-04,76.512579736548,
HFL01,2023-10-05,78.85345901015707,
HFL01,2023-10-06,104.91579574082061,
HFL01,2023-10-07,102.51865533765852,
HFL01,2023-10-08,111.17054044489528,
HFL01,2023-10-09,170.23533289336018,
HFL01,2023-10-10,207.2899571606183,
HFL01,2023-10-11,101.02333365649694,
HFL01,2023-10-12,118.54733974877867,
HFL01,2023-10-13,155.49935717174475,
HFL01,2023-10-14,142.41208977052415,
HFL01,2023-10-15,182.18418185187917,
HFL01,2023-10-16,148.4885799559859,
HFL01,2023-10-17,191.57266390998888,
HFL01,2023-10-18,116.01947734229466,
HFL01,2023-10-19,186.32020546956224,
HFL01,2023-10-20,190.06844940486064,
HFL01,2023-10-21,153.79841886228232,
HFL01,2023-10-22,219.99180718852136,
HFL01,2023-10-23,209.41643644283963,
HFL01,2023-10-24,129.6525709569285,
HFL01,2023-10-25,145.2848465045786,
HFL01,2023-10-26,181.30779683099942,
HFL01,2023-10-27,181.02174268400623,
HFL01,2023-10-28,149.34610345751233,
HFL01,2023-10-29,232.680080267378,
HFL01,2023-10-30,208.64641114661754,
HFL01,2023-10-31,102.90366077716635,
HFL01,2023-11-01,144.58311661329526,
HFL01,2023-11-02,130.6941073502327,
HFL01,2023-11-03,179.15450108237943,
HFL01,2023-11-04,136.5802643965918,
HFL01,2023-11-05,203.66156289796928,
HFL01,2023-11-06,215.33833741519697,
HFL01,2023-11-07,151.31450104439125,
HFL01,2023-11-08,91.90578977023704,
HFL01,2023-11-09,180.58742002896804,
HFL01,2023-11-10,142.58922823348223,
HFL01,2023-11-11,136.4948175160615,
HFL01,2023-11-12,168.2847598349281,
HFL01,2023-11-13,224.41409387780547,
HFL01,2023-11-14,115.49069100710389,
HFL01,2023-11-15,76.426147900311,
HFL01,2023-11-16,79.68091648612007,
HFL01,2023-11-17,123.23252937908104,
HFL01,2023-11-18,127.86641857083163,
HFL01,2023-11-19,143.4481596338536,
HFL01,2023-11-20,141.14679191852107,
HFL01,2023-11-21,59.23905793445066,
HFL01,2023-11-22,53.922021583767304,
HFL01,2023-11-23,51.2201298805952,
HFL01,2023-11-24,109.94511075890121,
HFL01,2023-11-25,101.10623014414483,
HFL01,2023-11-26,181.047143630683,
HFL01,2023-11-27,85.87062109749688,
HFL01,2023-11-28,50.18012838208866,
HFL01,2023-11-29,47.24968376708573,
HFL01,2023-11-30,23.89792768857956,
HFL01,2023-12-01,79.26738050246578,
HFL01,2023-12-02,121.2161581290259,
HFL01,2023-12-03,137.26663153260168,
HFL01,2023-12-04,82.06689665103855,
HFL01,2023-12-05,34.044582708918085,
HFL01,2023-12-06,118.1509359562336,
HFL01,2023-12-07,132.85407354846947,
HFL01,2023-12-08,81.1334698290384,
HFL01,2023-12-09,122.78945700130484,
HFL01,2023-12-10,136.51893283848065,
HFL01,2023-12-11,99.89605473682697,
HFL01,2023-12-12,60.430774498285466,
HFL01,2023-12-13,42.09253455019587,
HFL01,2023-12-14,42.07071526069066,
HFL01,2023-12-15,85.05863567296886,
HFL01,2023-12-16,104.39200010828522,
HFL01,2023-12-17,134.48682765653513,
HFL01,2023-12-18,116.38249519198878,
HFL01,2023-12-19,94.84850941823663,
HFL01,2023-12-20,63.279257735909574,
HFL01,2023-12-21,72.74275570220112,
HFL01,2023-12-22,108.78883751051679,
HFL01,2023-12-23,95.30631853749178,
HFL01,2023-12-24,92.03692407829031,
HFL01,2023-12-25,100.90863204693835,
HFL01,2023-12-26,76.03298251377288,
HFL01,2023-12-27,68.5699081880732,
HFL01,2023-12-28,109.64842002666934,
HFL01,2023-12-29,125.24814773363968,
HFL01,2023-12-30,93.20384611166341,
HFL01,2023-12-31,91.04100371240999,
HFL01,2024-01-01,201.9832362856941,
HFL01,2024-01-02,172.08290051051165,
HFL01,2024-01-03,319.06895588856935,
HFL01,2024-01-04,116.36079205714385,
HFL01,2024-01-05,128.703618172994,
HFL01,2024-01-06,130.3615837495938,
HFL01,2024-01-07,157.7937356110088,
HFL01,2024-01-08,141.31235522670042,
HFL01,2024-01-09,80.31518228451777,
HFL01,2024-01-10,98.88729787282544,
HFL01,2024-01-11,99.44220308894869,
HFL01,2024-01-12,139.21424914756494,
HFL01,2024-01-13,137.50634375267722,
HFL01,2024-01-14,204.6884089978601,
HFL01,2024-01-15,189.81635368408075,
HFL01,2024-01-16,133.67021054213328,
HFL01,2024-01-17,68.27165072537319,
HFL01,2024-01-18,93.9983486132606,
HFL01,2024-01-19,162.9396777216229,
HFL01,2024-01-20,129.23688649590144,
HFL01,2024-01-21,202.9352606217846,
HFL01,2024-01-22,173.76419990542846,
HFL01,2024-01-23,122.82421953269755,
HFL01,2024-01-24,100.8062975837141,
HFL01,2024-01-25,116.88756323205,
HFL01,2024-01-26,149.55397518473458,
HFL01,2024-01-27,128.1886249510138,
HFL01,2024-01-28,184.282440432043,
HFL01,2024-01-29,204.60943375438606,
HFL01,2024-01-30,84.99660562391914,
HFL01,2024-01-31,123.58284488115791,
HFL01,2024-02-01,124.25506716983844,
HFL01,2024-02-02,123.94198197731251,
HFL01,2024-02-03,125.14963054473617,
HFL01,2024-02-04,153.57666893643545,
HFL01,2024-02-05,197.90718474192573,
HFL01,2024-02-06,48.70598473946898,
HFL01,2024-02-07,41.86233724963263,
HFL01,2024-02-08,80.26483484944215,
HFL01,2024-02-09,102.89679697445474,
HFL01,2024-02-10,105.35314315877248,
HFL01,2024-02-11,116.81141806968236,
HFL01,2024-02-12,164.8335838413277,
HFL01,2024-02-13,143.73283566128399,
HFL01,2024-02-14,113.4207245784535,
HFL01,2024-02-15,105.68273529762857,
HFL01,2024-02-16,153.59657331756813,
HFL01,2024-02-17,137.86954530375104,
HFL01,2024-02-18,162.7407266352235,
HFL01,2024-02-19,233.46306194536487,
HFL01,2024-02-20,51.12149329240339,
HFL01,2024-02-21,73.56673808813163,
HFL01,2024-02-22,80.53548699116601,
HFL01,2024-02-23,167.51184868929965,
HFL01,2024-02-24,133.88599271680312,
HFL01,2024-02-25,188.04844090852285,
HFL01,2024-02-26,258.28724386794886,
HFL01,2024-02-27,194.85141539362698,
HFL01,2024-02-28,201.78602726982967,
HFL01,2024-02-29,172.29853955423528,
HFL01,2024-03-01,128.22305464687145,
HFL01,2024-03-02,131.83739361644618,
HFL01,2024-03-03,298.058691951937,
HFL01,2024-03-04,272.72811246353405,
HFL01,2024-03-05,27.893508330227,
HFL01,2024-03-06,20.742081838144642,
HFL01,2024-03-07,28.032705731651415,
HFL01,2024-03-08,54.20825029603152,
HFL01,2024-03-09,89.56874423078484,
HFL01,2024-03-10,173.9570739557993,
HFL01,2024-03-11,79.63563602233108,
HFL01,2024-03-12,95.37157578043568,
HFL01,2024-03-13,38.79220887427787,
HFL01,2024-03-14,33.421808052109874,
HFL01,2024-03-15,93.17680913757239,
HFL01,2024-03-16,102.9114079259945,
HFL01,2024-03-17,132.99867887515046,
HFL01,2024-03-18,180.35559764578073,
HFL01,2024-03-19,25.646571763816866,
HFL01,2024-03-20,25.872445138491436,
HFL01,2024-03-21,34.188094136547505,
HFL01,2024-03-22,74.55481590456994,
HFL01,2024-03-23,94.798768262438,
HFL01,2024-03-24,146.65134420550632,
HFL01,2024-03-25,181.47124699467807,
HFL01,2024-03-26,106.39639085321463,
HFL01,2024-03-27,99.09327813775143,
HFL01,2024-03-28,62.431384894955386,
HFL01,2024-03-29,69.109736867054,
HFL01,2024-03-30,97.5998392959908,
HFL01,2024-03-31,147.57925240111416,
HFL01,2024-04-01,140.42604456906886,
HFL01,2024-04-02,81.69147381274097,
HFL01,2024-04-03,49.858490962040065,
HFL01,2024-04-04,59.43300995294951,
HFL01,2024-04-05,86.56935780326569,
HFL01,2024-04-06,117.98117409270507,
HFL01,2024-04-07,191.87501860424803,
HFL01,2024-04-08,150.08206742994915,
HFL01,2024-04-09,113.71509050088001,
HFL01,2024-04-10,130.27193110070158,
HFL01,2024-04-11,124.44024875173696,
HFL01,2024-04-12,99.14730524987935,
HFL01,2024-04-13,126.17533215857175,
HFL01,2024-04-14,149.13754125849255,
HFL01,2024-04-15,93.10707557699887,
HFL01,2024-04-16,54.53939505788938,
HFL01,2024-04-17,65.6136238977178,
HFL01,2024-04-18,69.57424678141669,
HFL01,2024-04-19,99.01464280701626,
HFL01,2024-04-20,113.60627881162743,
HFL01,2024-04-21,147.3055344022635,
HFL01,2024-04-22,153.73997332685204,
HFL01,2024-04-23,93.34388504726425,
HFL01,2024-04-24,72.90626974036661,
HFL01,2024-04-25,74.31087457623268,
HFL01,2024-04-26,107.32434973762454,
HFL01,2024-04-27,121.43893268971259,
HFL01,2024-04-28,169.13815542084117,
HFL01,2024-04-29,147.6590875816212,
HFL01,2024-04-30,119.72195442881578,
HFL01,2024-05-01,108.48521510550952,
HFL01,2024-05-02,98.73330984324036,
HFL01,2024-05-03,106.19666844872256,
HFL01,2024-05-04,80.49396976816001,
HFL01,2024-05-05,77.09560783418432,
HFL01,2024-05-06,122.47213561805498,
HFL01,2024-05-07,139.59902509583887,
HFL01,2024-05-08,37.28162379081232,
HFL01,2024-05-09,51.91736752104634,
HFL01,2024-05-10,57.810718139684155,
HFL01,2024-05-11,82.40030430743188,
HFL01,2024-05-12,133.36899008309888,
HFL01,2024-05-13,98.50741933993956,
HFL01,2024-05-14,121.2134785224846,
HFL01,2024-05-15,77.89665812714722,
HFL01,2024-05-16,76.32664345866654,
HFL01,2024-05-17,91.558274194165,
HFL01,2024-05-18,111.87080108096528,
HFL01,2024-05-19,154.157338870367,
HFL01,2024-05-20,127.58441523559965,
HFL01,2024-05-21,86.83514939782184,
HFL01,2024-05-22,71.9833025568444,
HFL01,2024-05-23,144.51257326976972,
HFL01,2024-05-24,115.20150452163007,
HFL01,2024-05-25,129.239389303983,
HFL01,2024-05-26,159.71153852087252,
HFL01,2024-05-27,222.25683204506345,
HFL01,2024-05-28,92.69981849987457,
HFL01,2024-05-29,74.90052185737314,
HFL01,2024-05-30,65.84684130894101,
HFL01,2024-05-31,125.7012792471274,
HFL01,2024-06-01,137.85228133048045,
HFL01,2024-06-02,134.5739154777902,
HFL01,2024-06-03,88.98529506516853,
HFL01,2024-06-04,70.66496242326065,
HFL01,2024-06-05,178.3742959656598,
HFL01,2024-06-06,128.5724465920271,
HFL01,2024-06-07,116.43674896096147,
HFL01,2024-06-08,112.80648297355069,
HFL01,2024-06-09,180.73134563974568,188.9127936701987
HFL01,2024-06-10,107.19761355815172,80.73250094496
HFL01,2024-06-11,64.21735158399417,44.820807391982335
HFL01,2024-06-12,58.437029940691,60.79830321999806
HFL01,2024-06-13,128.2286675418328,107.85952684014318
HFL01,2024-06-14,127.5773233402148,149.74381112523943
HFL01,2024-06-15,132.35822620984734,127.4018163691472
HFL01,2024-06-16,165.3314680276476,189.6973828439946
HFL01,2024-06-17,136.50131962437254,148.37077543569532
HFL01,2024-06-18,129.36679907317662,118.91382009265665
HFL01,2024-06-19,158.49050199578863,188.07372801314798
HFL01,2024-06-20,175.3097700440776,199.32512102307598
HFL01,2024-06-21,161.48446354982707,180.4220423089991
HFL01,2024-06-22,126.96561131731538,120.72104575229082
HFL01,2024-06-23,203.2516522738122,170.75206883451574
HFL01,2024-06-24,202.45944405983937,159.64047454278727
HFL01,2024-06-25,164.1073748442219,146.17607211618392
HFL01,2024-06-26,167.1184181441881,143.3748336420806
HFL01,2024-06-27,199.46374029424368,207.87630148765683
HFL01,2024-06-28,150.2011678668085,133.34513684427884
HFL01,2024-06-29,119.98790865299149,106.33607981961018
HFL01,2024-06-30,131.35746986385246,113.79449545776984
HFL01,2024-07-01,95.80806820076225,74.28591625080651
HFL01,2024-07-02,83.7973910160507,52.60234963188158
HFL01,2024-07-03,53.20085310333144,54.83366725754027
HFL01,2024-07-04,89.75692468629963,80.03689923093752
HFL01,2024-07-05,116.31058253320919,124.5352837532385
HFL01,2024-07-06,112.2838208421924,111.61606569241205
HFL01,2024-07-07,132.01970735609177,205.27685125410645
HFL01,2024-07-08,123.18191479131725,133.47799177020985
HFL01,2024-07-09,103.34250849206516,107.33982555979995
HFL01,2024-07-10,80.30683838370497,92.59834972144084
HFL01,2024-07-11,92.65853404308922,111.82946943890771
HFL01,2024-07-12,112.87719637246734,126.22676144439491
HFL01,2024-07-13,121.77976617090066,126.97478700328196
HFL01,2024-07-14,178.82882286355738,209.26746096165454
HFL01,2024-07-15,140.88883888684583,133.34406533184858
HFL01,2024-07-16,120.56912683743386,129.3010137126759
HFL01,2024-07-17,96.04552693978749,83.52999435901056
HFL01,2024-07-18,109.42046857458178,116.18807625102842
HFL01,2024-07-19,94.43285574077622,96.5098402187687
HFL01,2024-07-20,89.60245836355735,100.3744744094061
HFL01,2024-07-21,80.60574630105404,98.86167543850586
HFL01,2024-07-22,63.25434982811073,50.06890166062206
HFL01,2024-07-23,45.328790744576544,44.12007470571363
HFL01,2024-07-24,78.42313886499741,86.12624267194872
HFL01,2024-07-25,85.53772032937637,99.73912999436311
HFL01,2024-07-26,97.02230600283683,97.57681716154757
HFL01,2024-07-27,90.86649656501497,96.66210032256106
HFL01,2024-07-28,72.2997130847309,65.51090984214444
HFL01,2024-07-29,75.13061545430355,61.07548424000176
HFL01,2024-07-30,79.03042964434529,70.95612690731632
HFL01,2024-07-31,76.94342440776315,69.88699791135855
HFL01,2024-08-01,75.41326446065251,69.42502461113969
HFL01,2024-08-02,75.86295746157666,71.85817418884679
HFL01,2024-08-03,80.27826337563312,79.22857390112908
HFL01,2024-08-04,97.4730452006975,65.81567926687607
HFL01,2024-08-05,100.6015075115389,74.55657180955863
HFL01,2024-08-06,113.57399699326412,92.28031724937658
HFL01,2024-08-07,96.93339224007454,90.48187698278646
HFL01,2024-08-08,102.10383945272928,92.5065067797964
HFL01,2024-08-09,105.51120102205118,96.78237409969587
HFL01,2024-08-10,117.11920892058879,115.77941620086777
HFL01,2024-08-11,134.6632813126968,98.71943678972075
HFL01,2024-08-12,145.7173611799157,115.23754096070806
HFL01,2024-08-13,148.92183233100397,128.91946623275302
HFL01,2024-08-14,145.0900663374237,130.56977072850486
HFL01,2024-08-15,93.19105838822617,86.14518148956574
HFL01,2024-08-16,87.66940975205671,86.40025544708674
HFL01,2024-08-17,95.68088675349308,93.64375320045092
HFL01,2024-08-18,181.63376803426036,133.2724393000761
HFL01,2024-08-19,223.31358727997787,155.79221620126006
HFL01,2024-08-20,201.7235758100575,157.33827008744075
HFL01,2024-08-21,171.30669243664565,138.61873712161668
HFL01,2024-08-22,193.55637825624902,153.10551472685069
HFL01,2024-08-23,165.7493735900834,159.47880431126865
HFL01,2024-08-24,132.70169560551486,126.3017601490031
HFL01,2024-08-25,231.57751628613156,180.8540857320483
HFL01,2024-08-26,236.1160567715229,188.04639714652666
HFL01,2024-08-27,182.70835361496444,152.02048859640493
HFL01,2024-08-28,128.5533041684656,112.00506285340029
HFL01,2024-08-29,210.79698909946006,183.68993619347071
HFL01,2024-08-30,159.51762394107777,158.3790594862913
HFL01,2024-08-31,134.70441104296015,126.35067916612644
HFL01,2024-09-01,258.13729484283346,176.91751568464213
HFL01,2024-09-02,134.11466695795738,102.2708959402582
HFL01,2024-09-03,74.1577904260649,55.584904700305856
HFL01,2024-09-04,63.42473666119908,52.81636981894157
HFL01,2024-09-05,244.2209484570674,162.75394465126723
HFL01,2024-09-06,122.51408192128113,182.94048917281242
HFL01,2024-09-07,124.29921109873462,106.6774116510552
HFL01,2024-09-08,163.6075503089008,173.07281994696004
HFL01,2024-09-09,138.01845344773182,83.94812343435417
HFL01,2024-09-10,112.73882584574707,69.46675672478592
HFL01,2024-09-11,45.15252580833298,48.486203235993216
HFL01,2024-09-12,63.80593233851503,50.60602640035948
HFL01,2024-09-13,87.75915442462973,96.05219020935036
HFL01,2024-09-14,98.04318211720914,88.38554576695537
HFL01,2024-09-15,98.74863082540638,102.19440747402285
HFL01,2024-09-16,96.49399755271898,93.2693344604892
HFL01,2024-09-17,129.32678638504996,114.81179647120803
HFL01,2024-09-18,192.3165622771207,154.03770410608286
HFL01,2024-09-19,177.0802733396874,173.4717248126421
HFL01,2024-09-20,106.6378495190675,95.9218428377117
HFL01,2024-09-21,96.33400219986488,84.14785090633922
HFL01,2024-09-22,118.93721447527787,111.15970302301926
HFL01,2024-09-23,120.04895188965425,98.86120865167335
HFL01,2024-09-24,86.03002707922766,75.28685095103049
HFL01,2024-09-25,90.09084596140717,71.61349663778341
HFL01,2024-09-26,85.49755421768108,84.0818965050891
HFL01,2024-09-27,106.39425055120775,95.31916379186781
HFL01,2024-09-28,124.6407961599089,109.28088632246417
HFL01,2024-09-29,224.79729168523107,186.14122634698995
HFL01,2024-09-30,229.85780685834933,169.72373830577595
HGA01,2023-01-01,50.09768465505392,
HGA01,2023-01-02,47.427106281444715,
HGA01,2023-01-03,41.48789756929192,
HGA01,2023-01-04,92.74724337292393,
HGA01,2023-01-05,54.99272351504672,
HGA01,2023-01-06,43.06212610500175,
HGA01,2023-01-07,47.548029858479886,
HGA01,2023-01-08,55.24666606450981,
HGA01,2023-01-09,71.43890825544618,
HGA01,2023-01-10,91.0308548895615,
HGA01,2023-01-11,67.13992648091836,
HGA01,2023-01-12,67.70974149729811,
HGA01,2023-01-13,56.52787483862772,
HGA01,2023-01-14,54.821342202267395,
HGA01,2023-01-15,73.74482715228412,
HGA01,2023-01-16,90.94113565275924,
HGA01,2023-01-17,84.90649794766352,
HGA01,2023-01-18,55.98138607012468,
HGA01,2023-01-19,41.23199676789454,
HGA01,2023-01-20,33.604081106451225,
HGA01,2023-01-21,27.030118770349763,
HGA01,2023-01-22,53.85644511380802,
HGA01,2023-01-23,74.31135458970823,
HGA01,2023-01-24,74.68724985657076,
HGA01,2023-01-25,77.86732649220073,
HGA01,2023-01-26,85.17853080785294,
HGA01,2023-01-27,59.289427821703015,
HGA01,2023-01-28,57.362586807119705,
HGA01,2023-01-29,62.22025930785857,
HGA01,2023-01-30,83.47184345958122,
HGA01,2023-01-31,67.2517106147188,
HGA01,2023-02-01,83.17419311562355,
HGA01,2023-02-02,85.06608023659888,
HGA01,2023-02-03,61.60155386712909,
HGA01,2023-02-04,57.37616739036291,
HGA01,2023-02-05,70.12461638502855,
HGA01,2023-02-06,90.03178087975688,
HGA01,2023-02-07,93.76797490855854,
HGA01,2023-02-08,71.12266603961572,
HGA01,2023-02-09,88.7490128731382,
HGA01,2023-02-10,75.97476883262391,
HGA01,2023-02-11,54.39329161967667,
HGA01,2023-02-12,85.19937687486393,
HGA01,2023-02-13,90.0636827925622,
HGA01,2023-02-14,101.14520076039325,
HGA01,2023-02-15,97.51569876208308,
HGA01,2023-02-16,105.36448284619557,
HGA01,2023-02-17,79.65009710512246,
HGA01,2023-02-18,57.82539094933667,
HGA01,2023-02-19,76.950340447276,
HGA01,2023-02-20,85.0666831036032,
HGA01,2023-02-21,81.47931141370516,
HGA01,2023-02-22,88.3790536167614,
HGA01,2023-02-23,91.5531890160594,
HGA01,2023-02-24,74.01891400739305,
HGA01,2023-02-25,55.78722371158847,
HGA01,2023-02-26,105.06116365867585,
HGA01,2023-02-27,96.63774273567593,
HGA01,2023-02-28,91.95005100378802,
HGA01,2023-03-01,41.8259614606674,
HGA01,2023-03-02,33.58245968244975,
HGA01,2023-03-03,60.1960236864188,
HGA01,2023-03-04,60.78934606317772,
HGA01,2023-03-05,52.45570008023538,
HGA01,2023-03-06,42.11192821592635,
HGA01,2023-03-07,51.00037463835239,
HGA01,2023-03-08,44.36941450802911,
HGA01,2023-03-09,54.49827108332054,
HGA01,2023-03-10,60.17632367170648,
HGA01,2023-03-11,56.260969299786076,
HGA01,2023-03-12,57.794590454091455,
HGA01,2023-03-13,57.59658948169127,
HGA01,2023-03-14,50.92950989465611,
HGA01,2023-03-15,52.19558249843485,
HGA01,2023-03-16,97.70103185159206,
HGA01,2023-03-17,67.64255555225795,
HGA01,2023-03-18,58.174205273720474,
HGA01,2023-03-19,70.9214932116856,
HGA01,2023-03-20,58.30697363407105,
HGA01,2023-03-21,56.969903580257586,
HGA01,2023-03-22,62.18250522755912,
HGA01,2023-03-23,57.567136409931614,
HGA01,2023-03-24,75.50912092208186,
HGA01,2023-03-25,58.109572123101074,
HGA01,2023-03-26,56.982477266747026,
HGA01,2023-03-27,51.14459483541873,
HGA01,2023-03-28,71.16973824477385,
HGA01,2023-03-29,77.12593656235227,
HGA01,2023-03-30,83.66969491064033,
HGA01,2023-03-31,81.45801883008535,
HGA01,2023-04-01,55.111788524869645,
HGA01,2023-04-02,82.30058476442723,
HGA01,2023-04-03,68.22168594981572,
HGA01,2023-04-04,61.382542593412346,
HGA01,2023-04-05,75.65424140540614,
HGA01,2023-04-06,73.99896670782258,
HGA01,2023-04-07,71.60617421562416,
HGA01,2023-04-08,52.66207386960886,
HGA01,2023-04-09,74.70843367855612,
HGA01,2023-04-10,61.87955075333432,
HGA01,2023-04-11,68.0338220069559,
HGA01,2023-04-12,81.4200520500079,
HGA01,2023-04-13,100.85151309742669,
HGA01,2023-04-14,69.26859156943318,
HGA01,2023-04-15,52.506783639156225,
HGA01,2023-04-16,67.15191609396666,
HGA01,2023-04-17,62.138777669399815,
HGA01,2023-04-18,55.31369028260381,
HGA01,2023-04-19,94.94054722778347,
HGA01,2023-04-20,89.44192678157125,
HGA01,2023-04-21,67.45373509519536,
HGA01,2023-04-22,51.96384521669953,
HGA01,2023-04-23,57.620747709593275,
HGA01,2023-04-24,46.5391644619586,
HGA01,2023-04-25,70.60832298350152,
HGA01,2023-04-26,69.29754584640622,
HGA01,2023-04-27,82.67789034087853,
HGA01,2023-04-28,65.0752316813159,
HGA01,2023-04-29,49.71948806926319,
HGA01,2023-04-30,64.59349400424922,
HGA01,2023-05-01,53.13840472487635,
HGA01,2023-05-02,58.059778045357056,
HGA01,2023-05-03,56.91990437354243,
HGA01,2023-05-04,49.59577026717313,
HGA01,2023-05-05,42.03341642722926,
HGA01,2023-05-06,41.259044454710214,
HGA01,2023-05-07,49.179949307505865,
HGA01,2023-05-08,43.487404967754,
HGA01,2023-05-09,56.67843673066458,
HGA01,2023-05-10,71.90397619582993,
HGA01,2023-05-11,89.19986530185672,
HGA01,2023-05-12,60.6677049348269,
HGA01,2023-05-13,50.2796107285331,
HGA01,2023-05-14,58.98963990069762,
HGA01,2023-05-15,52.71346690912356,
HGA01,2023-05-16,73.36754831173822,
HGA01,2023-05-17,67.82266603282959,
HGA01,2023-05-18,72.01443838447597,
HGA01,2023-05-19,55.065411221942895,
HGA01,2023-05-20,49.6923962873355,
HGA01,2023-05-21,87.24489092935445,
HGA01,2023-05-22,78.24682594772781,
HGA01,2023-05-23,75.8807527506174,
HGA01,2023-05-24,90.1265101060517,
HGA01,2023-05-25,88.88794331831079,
HGA01,2023-05-26,63.55789542146767,
HGA01,2023-05-27,48.6252868374734,
HGA01,2023-05-28,56.109396614500014,
HGA01,2023-05-29,66.58721636526327,
HGA01,2023-05-30,73.5474372704553,
HGA01,2023-05-31,82.98641567225359,
HGA01,2023-06-01,86.72101971331635,
HGA01,2023-06-02,52.62750902934138,
HGA01,2023-06-03,49.94401452333284,
HGA01,2023-06-04,53.21988976115406,
HGA01,2023-06-05,64.5421323610532,
HGA01,2023-06-06,61.75362623582416,
HGA01,2023-06-07,98.20912993056098,
HGA01,2023-06-08,89.14211079864755,
HGA01,2023-06-09,63.09599941707486,
HGA01,2023-06-10,51.69644226581919,
HGA01,2023-06-11,60.79879882409806,
HGA01,2023-06-12,65.8212818922913,
HGA01,2023-06-13,107.01188097059807,
HGA01,2023-06-14,87.47949053645812,
HGA01,2023-06-15,91.9882585700486,
HGA01,2023-06-16,67.21420937783252,
HGA01,2023-06-17,53.12708084369564,
HGA01,2023-06-18,90.26726391439891,
HGA01,2023-06-19,86.87578113795087,
HGA01,2023-06-20,104.27037382392741,
HGA01,2023-06-21,63.06480699927579,
HGA01,2023-06-22,88.90114569526158,
HGA01,2023-06-23,69.92090153176547,
HGA01,2023-06-24,55.15046559347789,
HGA01,2023-06-25,91.25976013008497,
HGA01,2023-06-26,64.40356480256077,
HGA01,2023-06-27,79.82409890156237,
HGA01,2023-06-28,82.23154307959105,
HGA01,2023-06-29,96.3287398154649,
HGA01,2023-06-30,55.97999100342367,
HGA01,2023-07-01,46.78215617998305,
HGA01,2023-07-02,45.218633344564196,
HGA01,2023-07-03,40.15151648448789,
HGA01,2023-07-04,58.98666850633109,
HGA01,2023-07-05,52.641864065297256,
HGA01,2023-07-06,77.75264518321877,
HGA01,2023-07-07,54.516656429261126,
HGA01,2023-07-08,48.0080632204638,
HGA01,2023-07-09,62.99061630316989,
HGA01,2023-07-10,75.64177170186295,
HGA01,2023-07-11,90.51194937481193,
HGA01,2023-07-12,79.54537821950072,
HGA01,2023-07-13,105.17345501800946,
HGA01,2023-07-14,51.72663601671091,
HGA01,2023-07-15,48.39214720107568,
HGA01,2023-07-16,62.303360420529465,
HGA01,2023-07-17,54.24899629436803,
HGA01,2023-07-18,50.41106494081577,
HGA01,2023-07-19,70.90254931873908,
HGA01,2023-07-20,79.21344611905245,
HGA01,2023-07-21,46.81771966351273,
HGA01,2023-07-22,47.97795097702293,
HGA01,2023-07-23,40.54186523379213,
HGA01,2023-07-24,53.38629938856364,
HGA01,2023-07-25,61.98284576268598,
HGA01,2023-07-26,65.36474177307949,
HGA01,2023-07-27,61.560906896095965,
HGA01,2023-07-28,49.836047390466014,
HGA01,2023-07-29,47.249809690929226,
HGA01,2023-07-30,46.122057535042586,
HGA01,2023-07-31,47.03960693058234,
HGA01,2023-08-01,44.903854665819566,
HGA01,2023-08-02,52.08340904603193,
HGA01,2023-08-03,51.737694039017825,
HGA01,2023-08-04,50.97749516690641,
HGA01,2023-08-05,48.202379354987414,
HGA01,2023-08-06,60.698354821704484,
HGA01,2023-08-07,53.193359275281104,
HGA01,2023-08-08,57.489807651081264,
HGA01,2023-08-09,39.500304084723176,
HGA01,2023-08-10,38.48848675877815,
HGA01,2023-08-11,48.47933769136566,
HGA01,2023-08-12,46.402310588631345,
HGA01,2023-08-13,45.82308796504452,
HGA01,2023-08-14,56.5799588692285,
HGA01,2023-08-15,60.96054232593098,
HGA01,2023-08-16,60.83748526798327,
HGA01,2023-08-17,83.91394955548176,
HGA01,2023-08-18,58.81627450573441,
HGA01,2023-08-19,44.343766529968704,
HGA01,2023-08-20,73.68456908174339,
HGA01,2023-08-21,71.23778376467057,
HGA01,2023-08-22,74.1831442976043,
HGA01,2023-08-23,70.97303912393068,
HGA01,2023-08-24,71.65137153784038,
HGA01,2023-08-25,63.46499019625531,
HGA01,2023-08-26,49.417464996227295,
HGA01,2023-08-27,81.07160366085726,
HGA01,2023-08-28,86.98952669764118,
HGA01,2023-08-29,70.52025056233026,
HGA01,2023-08-30,56.20895440545736,
HGA01,2023-08-31,73.2462989514617,
HGA01,2023-09-01,66.61583724695326,
HGA01,2023-09-02,52.24215308445678,
HGA01,2023-09-03,73.76966375617567,
HGA01,2023-09-04,87.64251089766427,
HGA01,2023-09-05,90.14191737034797,
HGA01,2023-09-06,98.33372283121989,
HGA01,2023-09-07,91.3627050775802,
HGA01,2023-09-08,67.4999572613771,
HGA01,2023-09-09,47.70273012415628,
HGA01,2023-09-10,85.08141731615159,
HGA01,2023-09-11,84.05514047476268,
HGA01,2023-09-12,83.32901513635316,
HGA01,2023-09-13,93.30890605205099,
HGA01,2023-09-14,98.98085480143479,
HGA01,2023-09-15,70.91958882272796,
HGA01,2023-09-16,48.70024442845753,
HGA01,2023-09-17,84.24678423563594,
HGA01,2023-09-18,83.71982423601544,
HGA01,2023-09-19,64.15444881625889,
HGA01,2023-09-20,81.25532341151431,
HGA01,2023-09-21,89.89759331013308,
HGA01,2023-09-22,71.5822864223915,
HGA01,2023-09-23,47.988279133791195,
HGA01,2023-09-24,63.31935690964221,
HGA01,2023-09-25,64.65831472121901,
HGA01,2023-09-26,45.545933647685764,
HGA01,2023-09-27,74.58405451215341,
HGA01,2023-09-28,40.01769840568071,
HGA01,2023-09-29,53.788731278646615,
HGA01,2023-09-30,51.22779922387273,
HGA01,2023-10-01,47.13422980277705,
HGA01,2023-10-02,55.598012592554625,
HGA01,2023-10-03,62.108319704006284,
HGA01,2023-10-04,82.75566330657874,
HGA01,2023-10-05,89.54234755852511,
HGA01,2023-10-06,59.347819898808986,
HGA01,2023-10-07,42.89452649680414,
HGA01,2023-10-08,43.2611698581654,
HGA01,2023-10-09,65.10887810676222,
HGA01,2023-10-10,65.5860439325487,
HGA01,2023-10-11,111.50158042277864,
HGA01,2023-10-12,84.71457723340798,
HGA01,2023-10-13,59.272531083141516,
HGA01,2023-10-14,49.3932092701331,
HGA01,2023-10-15,69.85857163783034,
HGA01,2023-10-16,68.04210772139204,
HGA01,2023-10-17,79.21151522535072,
HGA01,2023-10-18,93.08760491432609,
HGA01,2023-10-19,87.86077070824241,
HGA01,2023-10-20,52.56322714578472,
HGA01,2023-10-21,50.5604848400044,
HGA01,2023-10-22,77.55750130439475,
HGA01,2023-10-23,78.41401246507517,
HGA01,2023-10-24,88.7469552691529,
HGA01,2023-10-25,91.18817371460987,
HGA01,2023-10-26,90.5944394447925,
HGA01,2023-10-27,61.15000103692133,
HGA01,2023-10-28,49.60966712229745,
HGA01,2023-10-29,78.50622559941671,
HGA01,2023-10-30,71.35548618026904,
HGA01,2023-10-31,81.08264275998198,
HGA01,2023-11-01,99.72876919566215,
HGA01,2023-11-02,102.64108322673933,
HGA01,2023-11-03,60.11162608947273,
HGA01,2023-11-04,22.777959595388918,
HGA01,2023-11-05,46.17102738883711,
HGA01,2023-11-06,57.74316266477597,
HGA01,2023-11-07,74.83743934634386,
HGA01,2023-11-08,95.17537325556924,
HGA01,2023-11-09,103.14111586303741,
HGA01,2023-11-10,62.522771303137965,
HGA01,2023-11-11,46.23238398770242,
HGA01,2023-11-12,35.10827651986096,
HGA01,2023-11-13,76.89106257595171,
HGA01,2023-11-14,67.00646614611635,
HGA01,2023-11-15,88.41951895632029,
HGA01,2023-11-16,88.71788688124553,
HGA01,2023-11-17,64.78943722508436,
HGA01,2023-11-18,48.486493956007244,
HGA01,2023-11-19,83.47569363687893,
HGA01,2023-11-20,96.83549653264147,
HGA01,2023-11-21,95.965525568036,
HGA01,2023-11-22,100.52673682110249,
HGA01,2023-11-23,100.33273707423017,
HGA01,2023-11-24,61.04486553655437,
HGA01,2023-11-25,46.593313740150144,
HGA01,2023-11-26,73.13680443331877,
HGA01,2023-11-27,71.08923766213238,
HGA01,2023-11-28,75.97108194655614,
HGA01,2023-11-29,88.87946850452403,
HGA01,2023-11-30,72.17826362609021,
HGA01,2023-12-01,36.33588615123917,
HGA01,2023-12-02,55.56471155560813,
HGA01,2023-12-03,52.252274670605495,
HGA01,2023-12-04,46.91333294833402,
HGA01,2023-12-05,53.0,
HGA01,2023-12-06,57.93307900949738,
HGA01,2023-12-07,72.69901019130441,
HGA01,2023-12-08,62.06896919571709,
HGA01,2023-12-09,48.67189455918468,
HGA01,2023-12-10,58.13348037455828,
HGA01,2023-12-11,44.93230234060855,
HGA01,2023-12-12,48.44062405849445,
HGA01,2023-12-13,50.141533039439594,
HGA01,2023-12-14,52.05706796774391,
HGA01,2023-12-15,48.54848344002338,
HGA01,2023-12-16,51.054395121558414,
HGA01,2023-12-17,66.3161911195474,
HGA01,2023-12-18,79.78206802845163,
HGA01,2023-12-19,72.21925393930363,
HGA01,2023-12-20,79.36174001464272,
HGA01,2023-12-21,73.09521004279358,
HGA01,2023-12-22,32.995760989220486,
HGA01,2023-12-23,35.69629911023468,
HGA01,2023-12-24,35.9342428325924,
HGA01,2023-12-25,63.401251499968595,
HGA01,2023-12-26,48.029657839947525,
HGA01,2023-12-27,50.93197049537041,
HGA01,2023-12-28,57.708931718222544,
HGA01,2023-12-29,40.00104562493592,
HGA01,2023-12-30,39.2218039350706,
HGA01,2023-12-31,37.05483439544331,
HGA01,2024-01-01,37.56942887390367,
HGA01,2024-01-02,36.73211869031834,
HGA01,2024-01-03,51.18537496060927,
HGA01,2024-01-04,62.99797220579163,
HGA01,2024-01-05,36.78901624895183,
HGA01,2024-01-06,54.78047110946458,
HGA01,2024-01-07,57.541208156130715,
HGA01,2024-01-08,70.16533064137546,
HGA01,2024-01-09,88.16184464007637,
HGA01,2024-01-10,84.94920191434986,
HGA01,2024-01-11,95.35719471173518,
HGA01,2024-01-12,53.78406210706639,
HGA01,2024-01-13,59.1520612523056,
HGA01,2024-01-14,69.72493512125578,
HGA01,2024-01-15,95.71988951608756,
HGA01,2024-01-16,93.53887554873923,
HGA01,2024-01-17,71.69561467238982,
HGA01,2024-01-18,77.62241930198022,
HGA01,2024-01-19,48.32608521327635,
HGA01,2024-01-20,60.1191777991632,
HGA01,2024-01-21,63.246940049246575,
HGA01,2024-01-22,65.17349606794536,
HGA01,2024-01-23,78.35475001702166,
HGA01,2024-01-24,77.53738826916876,
HGA01,2024-01-25,94.3799132003656,
HGA01,2024-01-26,45.15611715821312,
HGA01,2024-01-27,55.76583953590364,
HGA01,2024-01-28,59.79462522635508,
HGA01,2024-01-29,85.2081202062782,
HGA01,2024-01-30,92.65568744162476,
HGA01,2024-01-31,58.17529435546228,
HGA01,2024-02-01,53.10718172900403,
HGA01,2024-02-02,36.975997332645214,
HGA01,2024-02-03,53.117778822446695,
HGA01,2024-02-04,37.911292339506225,
HGA01,2024-02-05,49.317113611029455,
HGA01,2024-02-06,35.338174277157414,
HGA01,2024-02-07,19.41053868905911,
HGA01,2024-02-08,36.696317875447704,
HGA01,2024-02-09,33.21128019712889,
HGA01,2024-02-10,47.396748208860956,
HGA01,2024-02-11,69.46989560092531,
HGA01,2024-02-12,65.02696131896872,
HGA01,2024-02-13,70.2510284113283,
HGA01,2024-02-14,87.98126027969256,
HGA01,2024-02-15,94.43707574191065,
HGA01,2024-02-16,67.75716839929541,
HGA01,2024-02-17,55.519233115516144,
HGA01,2024-02-18,66.08083846670506,
HGA01,2024-02-19,84.54203189258905,
HGA01,2024-02-20,82.96114658489245,
HGA01,2024-02-21,96.50870395697171,
HGA01,2024-02-22,85.19610053992089,
HGA01,2024-02-23,72.36799303651583,
HGA01,2024-02-24,58.184553813530236,
HGA01,2024-02-25,89.86018480197885,
HGA01,2024-02-26,92.58743998271808,
HGA01,2024-02-27,96.51564663444834,
HGA01,2024-02-28,105.86613716780262,
HGA01,2024-02-29,63.055539432380485,
HGA01,2024-03-01,63.83814724220475,
HGA01,2024-03-02,62.62833649632821,
HGA01,2024-03-03,39.59235095769834,
HGA01,2024-03-04,26.01915015409331,
HGA01,2024-03-05,59.312228693047004,
HGA01,2024-03-06,68.26200342580329,
HGA01,2024-03-07,60.24551833515755,
HGA01,2024-03-08,45.75948710719218,
HGA01,2024-03-09,58.61264211905542,
HGA01,2024-03-10,33.08725202204676,
HGA01,2024-03-11,26.244750201584907,
HGA01,2024-03-12,44.276527817271756,
HGA01,2024-03-13,36.2805681897813,
HGA01,2024-03-14,42.41385608387267,
HGA01,2024-03-15,60.46451693692106,
HGA01,2024-03-16,59.78979069390075,
HGA01,2024-03-17,63.24262601382091,
HGA01,2024-03-18,35.35796076799087,
HGA01,2024-03-19,32.11637811724981,
HGA01,2024-03-20,59.35404813756523,
HGA01,2024-03-21,63.00243144105168,
HGA01,2024-03-22,76.0786896214615,
HGA01,2024-03-23,58.43285281463762,
HGA01,2024-03-24,79.1294507245072,
HGA01,2024-03-25,92.54311852749002,
HGA01,2024-03-26,89.28932313486963,
HGA01,2024-03-27,92.31658718405691,
HGA01,2024-03-28,90.31575803494012,
HGA01,2024-03-29,64.92579834417572,
HGA01,2024-03-30,62.247228890593085,
HGA01,2024-03-31,78.13128978153394,
HGA01,2024-04-01,79.14920645526057,
HGA01,2024-04-02,62.239005472415684,
HGA01,2024-04-03,89.47360253138044,
HGA01,2024-04-04,85.22696926205238,
HGA01,2024-04-05,83.21715375913121,
HGA01,2024-04-06,59.265429956168056,
HGA01,2024-04-07,80.53412548944411,
HGA01,2024-04-08,61.36780373675177,
HGA01,2024-04-09,64.23749885117265,
HGA01,2024-04-10,56.689542239238584,
HGA01,2024-04-11,94.11200895870668,
HGA01,2024-04-12,79.5807682390773,
HGA01,2024-04-13,58.541551235089344,
HGA01,2024-04-14,77.67820138013595,
HGA01,2024-04-15,51.51381089616578,
HGA01,2024-04-16,56.51045474974657,
HGA01,2024-04-17,91.25185116478612,
HGA01,2024-04-18,89.97658943928039,
HGA01,2024-04-19,82.14415813621547,
HGA01,2024-04-20,62.43761588971387,
HGA01,2024-04-21,59.31598727147085,
HGA01,2024-04-22,57.94215765419061,
HGA01,2024-04-23,47.64245097297116,
HGA01,2024-04-24,58.18104824659212,
HGA01,2024-04-25,98.82787808430069,
HGA01,2024-04-26,81.4823804075102,
HGA01,2024-04-27,63.19094138287359,
HGA01,2024-04-28,82.66975379534642,
HGA01,2024-04-29,90.9814973982593,
HGA01,2024-04-30,80.03614820848208,
HGA01,2024-05-01,82.47198410401684,
HGA01,2024-05-02,80.47523661163612,
HGA01,2024-05-03,67.64627650719532,
HGA01,2024-05-04,47.32345951409546,
HGA01,2024-05-05,52.113356181097494,
HGA01,2024-05-06,70.4145639435413,
HGA01,2024-05-07,69.89429246741196,
HGA01,2024-05-08,49.34164892572171,
HGA01,2024-05-09,346.73107795844186,
HGA01,2024-05-10,73.02803625689411,
HGA01,2024-05-11,58.73978644476239,
HGA01,2024-05-12,73.59508753674119,
HGA01,2024-05-13,66.7764339978973,
HGA01,2024-05-14,55.046376387755984,
HGA01,2024-05-15,62.14326331578003,
HGA01,2024-05-16,75.92994254717351,
HGA01,2024-05-17,70.61286402758417,
HGA01,2024-05-18,59.84130642635635,
HGA01,2024-05-19,68.71805668752741,
HGA01,2024-05-20,75.67026112455622,
HGA01,2024-05-21,77.15318241899716,
HGA01,2024-05-22,85.44794493052842,
HGA01,2024-05-23,81.39714149558742,
HGA01,2024-05-24,66.36030976838306,
HGA01,2024-05-25,58.45479222320183,
HGA01,2024-05-26,65.22629007719374,
HGA01,2024-05-27,50.34695789002818,
HGA01,2024-05-28,71.3433872541427,
HGA01,2024-05-29,61.500364133657555,
HGA01,2024-05-30,76.40526910434835,
HGA01,2024-05-31,52.92070758477395,
HGA01,2024-06-01,53.92996890905643,
HGA01,2024-06-02,44.55382282760678,
HGA01,2024-06-03,56.6484695316613,
HGA01,2024-06-04,46.966681914019965,
HGA01,2024-06-05,54.9010994705648,
HGA01,2024-06-06,58.4337327301498,
HGA01,2024-06-07,62.50004050874467,
HGA01,2024-06-08,56.52903497020544,
HGA01,2024-06-09,51.913157712135046,59.11807406255363
HGA01,2024-06-10,46.46333142381722,38.596619885988176
HGA01,2024-06-11,87.6000517957508,81.53019899900808
HGA01,2024-06-12,66.80437336302346,83.73910654915983
HGA01,2024-06-13,68.0211225797894,76.74716924174989
HGA01,2024-06-14,68.78077204609689,73.58095666396859
HGA01,2024-06-15,58.57437784746676,58.47411014998359
HGA01,2024-06-16,69.83607862621139,75.71349826776631
HGA01,2024-06-17,60.58181526098697,69.4749797886293
HGA01,2024-06-18,87.71635493181063,82.65397670554572
HGA01,2024-06-19,78.38763130880561,84.44678045615838
HGA01,2024-06-20,78.62835203249686,77.70383419930847
HGA01,2024-06-21,72.32179218236739,67.28476701649421
HGA01,2024-06-22,60.69061527815326,61.38360171777904
HGA01,2024-06-23,72.98806064491484,69.03435638450112
HGA01,2024-06-24,78.90441787971608,83.07339960615445
HGA01,2024-06-25,71.35318900059032,67.8550679030137
HGA01,2024-06-26,71.51009150085807,67.11206784241666
HGA01,2024-06-27,79.52284053049375,75.60585460085927
HGA01,2024-06-28,63.59499667892501,66.90096588263805
HGA01,2024-06-29,52.78952541451411,52.351601286544
HGA01,2024-06-30,34.17818003519711,37.73655219422573
HGA01,2024-07-01,59.139223244394415,52.505490599782284
HGA01,2024-07-02,42.23733113980825,44.247657446678
HGA01,2024-07-03,31.079715664200922,40.221843242292586
HGA01,2024-07-04,45.757865755845586,48.94671221080746
HGA01,2024-07-05,48.697052995891916,49.11172609589413
HGA01,2024-07-06,43.67796206806724,44.634613742550336
HGA01,2024-07-07,51.13424498127564,69.99956504400541
HGA01,2024-07-08,49.104564373750144,60.384747331573536
HGA01,2024-07-09,43.939026524465966,54.947979099031315
HGA01,2024-07-10,50.540833906275004,59.21924806574119
HGA01,2024-07-11,68.04876556804399,73.51413861688361
HGA01,2024-07-12,48.73689658733629,53.697939694405456
HGA01,2024-07-13,42.8238336556166,42.75821147656127
HGA01,2024-07-14,56.06995787016791,64.26662715856196
HGA01,2024-07-15,63.242831867941945,62.10484102277093
HGA01,2024-07-16,77.72060499563426,75.41234904105075
HGA01,2024-07-17,61.19840649084529,65.30834480744214
HGA01,2024-07-18,77.19820192780203,69.09466901411803
HGA01,2024-07-19,33.86418492744828,36.023291050587574
HGA01,2024-07-20,41.28786078073401,39.470001203758805
HGA01,2024-07-21,23.295035929088563,24.294389949107728
HGA01,2024-07-22,21.300409663446914,22.797480234872406
HGA01,2024-07-23,19.744536848674848,20.833911126666056
HGA01,2024-07-24,26.16279771819098,31.702323259388912
HGA01,2024-07-25,38.14060806998994,41.437835043291756
HGA01,2024-07-26,25.93096566415694,36.013835539394414
HGA01,2024-07-27,41.33238296112253,36.92873023938491
HGA01,2024-07-28,34.83563199875082,42.53053278975387
HGA01,2024-07-29,42.767906773467956,42.89586937365326
HGA01,2024-07-30,30.365100109372168,38.728613802960034
HGA01,2024-07-31,32.2975478953929,35.8736381180879
HGA01,2024-08-01,34.77991291581464,33.082183059419464
HGA01,2024-08-02,35.85924720361105,35.47277085436692
HGA01,2024-08-03,36.910943742208794,38.56658933100711
HGA01,2024-08-04,34.633537536316474,33.31114552722019
HGA01,2024-08-05,34.678262749976874,33.29945513879868
HGA01,2024-08-06,27.74618756811018,30.556268451059605
HGA01,2024-08-07,24.871858780055724,29.360189713627094
HGA01,2024-08-08,27.872972456642575,31.038834971048924
HGA01,2024-08-09,34.825197104155635,39.3850344548239
HGA01,2024-08-10,38.1616790838938,38.49400739136295
HGA01,2024-08-11,30.59955038323517,38.51929243118739
HGA01,2024-08-12,47.89599075194537,49.218002495359926
HGA01,2024-08-13,47.31293219629689,57.03202851665859
HGA01,2024-08-14,40.66436923853041,46.133273671887785
HGA01,2024-08-15,45.65163203176746,43.34025677452272
HGA01,2024-08-16,43.12753868554688,44.06630863223981
HGA01,2024-08-17,42.549225812424595,43.44137735612185
HGA01,2024-08-18,70.2699883053369,64.32556875546622
HGA01,2024-08-19,76.9079946405963,73.09479950289715
HGA01,2024-08-20,73.79726935716825,72.47664839712556
HGA01,2024-08-21,66.43864448081354,67.68777409158031
HGA01,2024-08-22,67.18603829488839,65.58369362839599
HGA01,2024-08-23,49.79741447523747,49.862395845170695
HGA01,2024-08-24,46.837890007401185,46.52330169623726
HGA01,2024-08-25,64.28856334962236,63.98189069045037
HGA01,2024-08-26,71.7296149042596,72.15427251505902
HGA01,2024-08-27,66.33180374898188,67.5008333575827
HGA01,2024-08-28,66.270145034703,69.28295732559951
HGA01,2024-08-29,66.80370957426182,63.79952866880526
HGA01,2024-08-30,48.51088762225032,46.89309585091613
HGA01,2024-08-31,33.088696914629274,34.15973048209272
HGA01,2024-09-01,52.21837781953743,51.74912275697194
HGA01,2024-09-02,69.90701181127312,65.79716197175128
HGA01,2024-09-03,79.42352561810445,83.31140995501711
HGA01,2024-09-04,94.51652639496804,96.52966297837398
HGA01,2024-09-05,89.5702061486143,91.45453618707423
HGA01,2024-09-06,75.06206975906551,74.30465672169153
HGA01,2024-09-07,57.08904842526776,57.30992468371276
HGA01,2024-09-08,56.609848826817185,59.82792524672041
HGA01,2024-09-09,60.62211564040158,50.25565431218799
HGA01,2024-09-10,67.10310410531963,58.44216760301807
HGA01,2024-09-11,84.52762483673615,80.67109662344537
HGA01,2024-09-12,60.388157596136274,61.18523813163438
HGA01,2024-09-13,58.14188137428197,58.724104723458225
HGA01,2024-09-14,40.51074773228833,43.25812166287866
HGA01,2024-09-15,48.88697782814074,50.521846236517185
HGA01,2024-09-16,34.865222761583084,34.317308072497916
HGA01,2024-09-17,25.261782212605766,24.112333124376203
HGA01,2024-09-18,72.47634238828255,76.43031305067325
HGA01,2024-09-19,68.15847104655444,68.10155538863377
HGA01,2024-09-20,61.85573589727297,65.32374612285491
HGA01,2024-09-21,50.48661788860986,53.63180713415558
HGA01,2024-09-22,51.936985831076925,54.28547250464521
HGA01,2024-09-23,62.72947891193299,60.33862633864759
HGA01,2024-09-24,68.52136785524971,68.38938406050022
HGA01,2024-09-25,76.09809486780134,76.96866575872163
HGA01,2024-09-26,90.99491549069171,90.09151312994751
HGA01,2024-09-27,73.05054126900127,69.63030701930201
HGA01,2024-09-28,52.747471817096184,51.207519228185404
HGA01,2024-09-29,84.55185301271332,87.58489437753957
HGA01,2024-09-30,84.88402772432183,80.58777030990875
HLX01,2023-01-01,38.01642933933692,
HLX01,2023-01-02,93.19640994007929,
HLX01,2023-01-03,141.80226710050536,
HLX01,2023-01-04,130.08279798588615,
HLX01,2023-01-05,133.79068633132303,
HLX01,2023-01-06,150.56708614513846,
HLX01,2023-01-07,135.887894873081,
HLX01,2023-01-08,101.32253891727503,
HLX01,2023-01-09,148.34957284801231,
HLX01,2023-01-10,235.71381976604096,
HLX01,2023-01-11,199.44325720151588,
HLX01,2023-01-12,215.57957941234423,
HLX01,2023-01-13,167.090183033786,
HLX01,2023-01-14,148.5037649781713,
HLX01,2023-01-15,94.99468584479698,
HLX01,2023-01-16,174.4869036402602,
HLX01,2023-01-17,211.045465685219,
HLX01,2023-01-18,136.10636517159733,
HLX01,2023-01-19,147.16529951475135,
HLX01,2023-01-20,63.80168986814425,
HLX01,2023-01-21,71.01105842381818,
HLX01,2023-01-22,84.6836694071425,
HLX01,2023-01-23,92.8036849069314,
HLX01,2023-01-24,60.27948580867731,
HLX01,2023-01-25,151.1621010244929,
HLX01,2023-01-26,190.503598969434,
HLX01,2023-01-27,166.5392129464894,
HLX01,2023-01-28,136.01295147690206,
HLX01,2023-01-29,76.81489708270863,
HLX01,2023-01-30,171.44704621774824,
HLX01,2023-01-31,167.44058251807027,
HLX01,2023-02-01,207.32635703089255,
HLX01,2023-02-02,215.45662312603395,
HLX01,2023-02-03,177.89293102328406,
HLX01,2023-02-04,131.58130516847896,
HLX01,2023-02-05,74.09848212094974,
HLX01,2023-02-06,161.24599676055553,
HLX01,2023-02-07,174.85773406304668,
HLX01,2023-02-08,216.60477387923478,
HLX01,2023-02-09,161.04530883035565,
HLX01,2023-02-10,145.2430449835696,
HLX01,2023-02-11,145.11579948718082,
HLX01,2023-02-12,111.84540770110361,
HLX01,2023-02-13,229.8282777582645,
HLX01,2023-02-14,224.65537172607876,
HLX01,2023-02-15,248.9073159344843,
HLX01,2023-02-16,238.15398564992284,
HLX01,2023-02-17,183.80361669686877,
HLX01,2023-02-18,151.33340244085738,
HLX01,2023-02-19,118.96341170336727,
HLX01,2023-02-20,195.15725095530578,
HLX01,2023-02-21,252.2013863154862,
HLX01,2023-02-22,180.43953508020633,
HLX01,2023-02-23,235.2921447090888,
HLX01,2023-02-24,195.29163695594156,
HLX01,2023-02-25,149.83096119032123,
HLX01,2023-02-26,139.73545830874554,
HLX01,2023-02-27,214.78480583949485,
HLX01,2023-02-28,153.02621817831798,
HLX01,2023-03-01,89.6305706538231,
HLX01,2023-03-02,118.73196958364106,
HLX01,2023-03-03,127.56553167752364,
HLX01,2023-03-04,104.60833174827573,
HLX01,2023-03-05,67.19747021452557,
HLX01,2023-03-06,115.54279223986062,
HLX01,2023-03-07,148.39172855130536,
HLX01,2023-03-08,145.56656048077824,
HLX01,2023-03-09,155.82900108280836,
HLX01,2023-03-10,143.75017368561538,
HLX01,2023-03-11,126.28346544902243,
HLX01,2023-03-12,70.31409670426788,
HLX01,2023-03-13,248.49039177778087,
HLX01,2023-03-14,267.7800698478252,
HLX01,2023-03-15,188.93892384490132,
HLX01,2023-03-16,246.6507189651928,
HLX01,2023-03-17,167.0932954369178,
HLX01,2023-03-18,151.1361195436367,
HLX01,2023-03-19,128.27944934026144,
HLX01,2023-03-20,192.77906040308028,
HLX01,2023-03-21,211.80463057927622,
HLX01,2023-03-22,232.19492438750441,
HLX01,2023-03-23,210.52719734632075,
HLX01,2023-03-24,190.75225898430926,
HLX01,2023-03-25,153.48284369299586,
HLX01,2023-03-26,134.53072861437704,
HLX01,2023-03-27,169.5808444218269,
HLX01,2023-03-28,154.65644425422508,
HLX01,2023-03-29,207.53128953106497,
HLX01,2023-03-30,231.5865230108504,
HLX01,2023-03-31,203.0811436608217,
HLX01,2023-04-01,139.5384019148891,
HLX01,2023-04-02,165.9527775520684,
HLX01,2023-04-03,174.89657051220496,
HLX01,2023-04-04,176.63419670080194,
HLX01,2023-04-05,180.49997261922033,
HLX01,2023-04-06,181.3942603647638,
HLX01,2023-04-07,167.44993542105362,
HLX01,2023-04-08,151.36841609439642,
HLX01,2023-04-09,151.5811955787962,
HLX01,2023-04-10,174.70418659752454,
HLX01,2023-04-11,202.97368636279163,
HLX01,2023-04-12,198.74577194170547,
HLX01,2023-04-13,218.93466160376204,
HLX01,2023-04-14,166.91508680300396,
HLX01,2023-04-15,148.59013096148152,
HLX01,2023-04-16,103.6759347454706,
HLX01,2023-04-17,155.1531153596424,
HLX01,2023-04-18,202.3006880301618,
HLX01,2023-04-19,205.99677423271254,
HLX01,2023-04-20,236.84721627942332,
HLX01,2023-04-21,152.64271605204996,
HLX01,2023-04-22,141.7686539042926,
HLX01,2023-04-23,97.85740382004715,
HLX01,2023-04-24,228.63593327436018,
HLX01,2023-04-25,144.41045003520688,
HLX01,2023-04-26,198.8485355007869,
HLX01,2023-04-27,217.98596820297735,
HLX01,2023-04-28,166.83458171526237,
HLX01,2023-04-29,148.23998707315772,
HLX01,2023-04-30,151.9811652601234,
HLX01,2023-05-01,113.81365151712225,
HLX01,2023-05-02,177.61332594144042,
HLX01,2023-05-03,199.64526740996433,
HLX01,2023-05-04,150.5482045228171,
HLX01,2023-05-05,152.6738741935964,
HLX01,2023-05-06,129.01852283458078,
HLX01,2023-05-07,59.26581720437999,
HLX01,2023-05-08,83.42209525194296,
HLX01,2023-05-09,94.48630326374257,
HLX01,2023-05-10,144.0052153448829,
HLX01,2023-05-11,222.70494048345896,
HLX01,2023-05-12,178.782976223526,
HLX01,2023-05-13,133.29051864506124,
HLX01,2023-05-14,81.82315765416227,
HLX01,2023-05-15,141.8509668990665,
HLX01,2023-05-16,211.22446102164997,
HLX01,2023-05-17,230.9596917177516,
HLX01,2023-05-18,196.1961559957336,
HLX01,2023-05-19,178.91134954591277,
HLX01,2023-05-20,140.68112177348607,
HLX01,2023-05-21,93.09275341762329,
HLX01,2023-05-22,168.6922133259891,
HLX01,2023-05-23,229.91627553535696,
HLX01,2023-05-24,222.54907750175863,
HLX01,2023-05-25,203.4905772533829,
HLX01,2023-05-26,183.57798115802703,
HLX01,2023-05-27,145.17142480427677,
HLX01,2023-05-28,155.35073782613694,
HLX01,2023-05-29,144.71687375522006,
HLX01,2023-05-30,223.41199491716813,
HLX01,2023-05-31,202.79669202550306,
HLX01,2023-06-01,184.1776486782839,
HLX01,2023-06-02,217.6913178665548,
HLX01,2023-06-03,149.7895644716246,
HLX01,2023-06-04,140.38413087359413,
HLX01,2023-06-05,135.63029906221865,
HLX01,2023-06-06,66.4986591195242,
HLX01,2023-06-07,156.3069585014265,
HLX01,2023-06-08,184.4219515542244,
HLX01,2023-06-09,168.31356484205318,
HLX01,2023-06-10,144.9426257407837,
HLX01,2023-06-11,92.82995161384558,
HLX01,2023-06-12,172.75385300406973,
HLX01,2023-06-13,212.64225115215416,
HLX01,2023-06-14,215.2871973848953,
HLX01,2023-06-15,215.18189299214245,
HLX01,2023-06-16,140.05002748007684,
HLX01,2023-06-17,136.28773432140906,
HLX01,2023-06-18,94.86360589092686,
HLX01,2023-06-19,191.59781332446522,
HLX01,2023-06-20,201.94769780067156,
HLX01,2023-06-21,209.4100900504487,
HLX01,2023-06-22,209.21904733241124,
HLX01,2023-06-23,177.18710185936308,
HLX01,2023-06-24,151.87350308837026,
HLX01,2023-06-25,116.22791063221608,
HLX01,2023-06-26,207.86129040144854,
HLX01,2023-06-27,208.14134803129286,
HLX01,2023-06-28,167.9701007792391,
HLX01,2023-06-29,203.33262642763876,
HLX01,2023-06-30,167.4042005304585,
HLX01,2023-07-01,137.81272154868566,
HLX01,2023-07-02,101.71488099882312,
HLX01,2023-07-03,190.70950710540197,
HLX01,2023-07-04,222.7582931338465,
HLX01,2023-07-05,233.40755300421253,
HLX01,2023-07-06,224.158129710534,
HLX01,2023-07-07,165.4177874879585,
HLX01,2023-07-08,137.13083813219134,
HLX01,2023-07-09,142.26080328678916,
HLX01,2023-07-10,201.06452806259864,
HLX01,2023-07-11,211.9213708356338,
HLX01,2023-07-12,210.4287837384303,
HLX01,2023-07-13,213.23337452310415,
HLX01,2023-07-14,175.47578360594073,
HLX01,2023-07-15,130.42980987637233,
HLX01,2023-07-16,35.10436112816182,
HLX01,2023-07-17,85.98773111123454,
HLX01,2023-07-18,104.67959576231175,
HLX01,2023-07-19,132.84731801712576,
HLX01,2023-07-20,146.73303071237405,
HLX01,2023-07-21,72.75126161890202,
HLX01,2023-07-22,105.82623042972604,
HLX01,2023-07-23,38.389450511654694,
HLX01,2023-07-24,72.1772704439777,
HLX01,2023-07-25,42.905390259697526,
HLX01,2023-07-26,53.04829554599153,
HLX01,2023-07-27,68.39605295337836,
HLX01,2023-07-28,77.35902290316837,
HLX01,2023-07-29,109.62400639272911,
HLX01,2023-07-30,95.23092515616145,
HLX01,2023-07-31,65.338961557871,
HLX01,2023-08-01,63.72050094327412,
HLX01,2023-08-02,53.306515098353294,
HLX01,2023-08-03,61.62928715513421,
HLX01,2023-08-04,65.04190464831053,
HLX01,2023-08-05,99.30180899614288,
HLX01,2023-08-06,33.61489802853127,
HLX01,2023-08-07,138.4542038855756,
HLX01,2023-08-08,163.38374842712588,
HLX01,2023-08-09,173.51253758921072,
HLX01,2023-08-10,169.0,
HLX01,2023-08-11,135.2451425994108,
HLX01,2023-08-12,126.44427228429142,
HLX01,2023-08-13,123.46991766962206,
HLX01,2023-08-14,143.7430079811729,
HLX01,2023-08-15,109.71745855342172,
HLX01,2023-08-16,204.9120790729876,
HLX01,2023-08-17,217.13405542610536,
HLX01,2023-08-18,167.14231926150032,
HLX01,2023-08-19,140.98379087896853,
HLX01,2023-08-20,76.81308762791615,
HLX01,2023-08-21,172.1753121081783,
HLX01,2023-08-22,154.05870031077205,
HLX01,2023-08-23,226.81102506963646,
HLX01,2023-08-24,215.847117500842,
HLX01,2023-08-25,182.582321722966,
HLX01,2023-08-26,130.88986768533027,
HLX01,2023-08-27,114.12287773613191,
HLX01,2023-08-28,218.29027426053256,
HLX01,2023-08-29,218.93221173695872,
HLX01,2023-08-30,213.5306201604982,
HLX01,2023-08-31,243.6583637938099,
HLX01,2023-09-01,160.33076536359317,
HLX01,2023-09-02,135.29474597747418,
HLX01,2023-09-03,151.18153973941688,
HLX01,2023-09-04,202.37443555732472,
HLX01,2023-09-05,223.3393118738685,
HLX01,2023-09-06,211.4978286241033,
HLX01,2023-09-07,222.77594294136298,
HLX01,2023-09-08,173.83474181981134,
HLX01,2023-09-09,141.26236770885694,
HLX01,2023-09-10,131.49277456277963,
HLX01,2023-09-11,193.71540542610148,
HLX01,2023-09-12,194.29297576458052,
HLX01,2023-09-13,212.6705280355748,
HLX01,2023-09-14,225.8326271628734,
HLX01,2023-09-15,185.70116118997552,
HLX01,2023-09-16,130.7310416856945,
HLX01,2023-09-17,147.28588698520744,
HLX01,2023-09-18,231.03939541072154,
HLX01,2023-09-19,235.8617302240472,
HLX01,2023-09-20,227.09779705589813,
HLX01,2023-09-21,237.50694896329907,
HLX01,2023-09-22,167.5128402436899,
HLX01,2023-09-23,143.6255510686768,
HLX01,2023-09-24,80.0419460588079,
HLX01,2023-09-25,97.85108313781073,
HLX01,2023-09-26,79.81921811967236,
HLX01,2023-09-27,107.06396224974469,
HLX01,2023-09-28,50.81519145981532,
HLX01,2023-09-29,73.16081643571778,
HLX01,2023-09-30,83.97798034624142,
HLX01,2023-10-01,80.14385415851127,
HLX01,2023-10-02,81.33123880857939,
HLX01,2023-10-03,46.31401732604625,
HLX01,2023-10-04,134.71753768788116,
HLX01,2023-10-05,169.17504317905042,
HLX01,2023-10-06,103.67974112980201,
HLX01,2023-10-07,67.08625327655197,
HLX01,2023-10-08,72.41717034307909,
HLX01,2023-10-09,61.708052686482986,
HLX01,2023-10-10,182.39562263603338,
HLX01,2023-10-11,195.36057367615078,
HLX01,2023-10-12,211.27448763009536,
HLX01,2023-10-13,130.7289574058473,
HLX01,2023-10-14,106.66339726645292,
HLX01,2023-10-15,139.4523842912084,
HLX01,2023-10-16,211.72573701441686,
HLX01,2023-10-17,210.2462020218016,
HLX01,2023-10-18,214.42062829183942,
HLX01,2023-10-19,218.62209038580482,
HLX01,2023-10-20,170.13830380374398,
HLX01,2023-10-21,132.3720060186883,
HLX01,2023-10-22,172.48297486716191,
HLX01,2023-10-23,213.94597882073668,
HLX01,2023-10-24,223.48259134570768,
HLX01,2023-10-25,218.76905598696666,
HLX01,2023-10-26,218.60494109726986,
HLX01,2023-10-27,184.61362167544124,
HLX01,2023-10-28,120.78125317643024,
HLX01,2023-10-29,140.77601740179267,
HLX01,2023-10-30,188.63704358868938,
HLX01,2023-10-31,207.73507245207662,
HLX01,2023-11-01,211.93960545822353,
HLX01,2023-11-02,211.071112248912,
HLX01,2023-11-03,181.8091098885429,
HLX01,2023-11-04,125.85640604150628,
HLX01,2023-11-05,156.3091436962139,
HLX01,2023-11-06,210.82964838901833,
HLX01,2023-11-07,199.76766984016226,
HLX01,2023-11-08,197.37383648924458,
HLX01,2023-11-09,217.9583039706184,
HLX01,2023-11-10,165.13923795849072,
HLX01,2023-11-11,120.12415885913273,
HLX01,2023-11-12,118.64262271952957,
HLX01,2023-11-13,188.76261294909773,
HLX01,2023-11-14,206.93769424556683,
HLX01,2023-11-15,202.88661495502316,
HLX01,2023-11-16,206.0913950939916,
HLX01,2023-11-17,161.27957868582976,
HLX01,2023-11-18,120.84400979588547,
HLX01,2023-11-19,113.45666247463629,
HLX01,2023-11-20,202.91877625150855,
HLX01,2023-11-21,198.8979894455064,
HLX01,2023-11-22,223.9641851514383,
HLX01,2023-11-23,216.58347816822376,
HLX01,2023-11-24,175.0651486229132,
HLX01,2023-11-25,116.57683801758192,
HLX01,2023-11-26,123.75708804463072,
HLX01,2023-11-27,191.74700402721118,
HLX01,2023-11-28,197.9436045508598,
HLX01,2023-11-29,206.16419548215214,
HLX01,2023-11-30,180.48798682613926,
HLX01,2023-12-01,153.64593640075785,
HLX01,2023-12-02,119.48946067558231,
HLX01,2023-12-03,129.61081625835675,
HLX01,2023-12-04,175.5621336118003,
HLX01,2023-12-05,193.94247040639317,
HLX01,2023-12-06,192.1624899226404,
HLX01,2023-12-07,206.11182224950753,
HLX01,2023-12-08,160.70272923184785,
HLX01,2023-12-09,114.07518210209363,
HLX01,2023-12-10,95.54469646647321,
HLX01,2023-12-11,165.9555267643685,
HLX01,2023-12-12,196.79521313566795,
HLX01,2023-12-13,195.60294035932478,
HLX01,2023-12-14,197.10877567776944,
HLX01,2023-12-15,145.0675546403017,
HLX01,2023-12-16,119.59188815570832,
HLX01,2023-12-17,111.53010844379543,
HLX01,2023-12-18,187.79705489757734,
HLX01,2023-12-19,185.19352895341254,
HLX01,2023-12-20,171.26971821269015,
HLX01,2023-12-21,164.58950522508297,
HLX01,2023-12-22,78.96122627597315,
HLX01,2023-12-23,94.50526014329743,
HLX01,2023-12-24,63.291120413978234,
HLX01,2023-12-25,25.15558290074529,
HLX01,2023-12-26,51.89097718382489,
HLX01,2023-12-27,81.17572721973471,
HLX01,2023-12-28,79.57567326931584,
HLX01,2023-12-29,111.73674188713223,
HLX01,2023-12-30,81.59902676493968,
HLX01,2023-12-31,38.89224344938845,
HLX01,2024-01-01,58.52084969311223,
HLX01,2024-01-02,105.98542077805543,
HLX01,2024-01-03,69.59323336610223,
HLX01,2024-01-04,113.17253403105639,
HLX01,2024-01-05,80.01271282934418,
HLX01,2024-01-06,73.2718150682086,
HLX01,2024-01-07,53.062586463533684,
HLX01,2024-01-08,79.04919601158348,
HLX01,2024-01-09,105.27682213704156,
HLX01,2024-01-10,117.76295576664683,
HLX01,2024-01-11,188.73159873709153,
HLX01,2024-01-12,122.0788847388728,
HLX01,2024-01-13,102.17828564544928,
HLX01,2024-01-14,73.29179986746139,
HLX01,2024-01-15,86.2252080629207,
HLX01,2024-01-16,108.99333715115618,
HLX01,2024-01-17,120.73224927094347,
HLX01,2024-01-18,114.57670713924219,
HLX01,2024-01-19,100.45986787878675,
HLX01,2024-01-20,95.50847963929543,
HLX01,2024-01-21,82.50509310903236,
HLX01,2024-01-22,106.06176983028415,
HLX01,2024-01-23,102.04788886137887,
HLX01,2024-01-24,120.16939812751191,
HLX01,2024-01-25,152.78489728066708,
HLX01,2024-01-26,123.7235528921599,
HLX01,2024-01-27,86.55524686909709,
HLX01,2024-01-28,58.42242106665488,
HLX01,2024-01-29,141.30461877816867,
HLX01,2024-01-30,159.08156013207528,
HLX01,2024-01-31,127.11341828949134,
HLX01,2024-02-01,106.3169316753412,
HLX01,2024-02-02,107.14166623561829,
HLX01,2024-02-03,73.72029245632991,
HLX01,2024-02-04,42.39145040614962,
HLX01,2024-02-05,77.39357309498271,
HLX01,2024-02-06,84.97315274032754,
HLX01,2024-02-07,67.8594960446552,
HLX01,2024-02-08,91.47299284402443,
HLX01,2024-02-09,58.82165930948559,
HLX01,2024-02-10,68.11060987097545,
HLX01,2024-02-11,60.69658116150324,
HLX01,2024-02-12,47.24934460652641,
HLX01,2024-02-13,86.28410896972652,
HLX01,2024-02-14,142.99364579530658,
HLX01,2024-02-15,173.7940545633354,
HLX01,2024-02-16,154.6065185553123,
HLX01,2024-02-17,116.75780389351766,
HLX01,2024-02-18,81.16671254459163,
HLX01,2024-02-19,134.059982531215,
HLX01,2024-02-20,144.63116781675168,
HLX01,2024-02-21,163.483228617374,
HLX01,2024-02-22,169.7364979582662,
HLX01,2024-02-23,145.2354882350989,
HLX01,2024-02-24,111.68530186682608,
HLX01,2024-02-25,86.01714449227752,
HLX01,2024-02-26,122.43043039177918,
HLX01,2024-02-27,161.35564598823865,
HLX01,2024-02-28,145.71375070186446,
HLX01,2024-02-29,162.07258460229096,
HLX01,2024-03-01,131.75796836142783,
HLX01,2024-03-02,103.76679073857667,
HLX01,2024-03-03,63.80340094498523,
HLX01,2024-03-04,88.66539637724108,
HLX01,2024-03-05,111.93397498995519,
HLX01,2024-03-06,171.9779175388201,
HLX01,2024-03-07,194.30704122205645,
HLX01,2024-03-08,125.45847969700431,
HLX01,2024-03-09,130.63043701803625,
HLX01,2024-03-10,76.4797364785755,
HLX01,2024-03-11,187.34976871887432,
HLX01,2024-03-12,223.56763962182336,
HLX01,2024-03-13,207.1128104027968,
HLX01,2024-03-14,183.01859839910844,
HLX01,2024-03-15,158.33835649203255,
HLX01,2024-03-16,108.7066695227081,
HLX01,2024-03-17,91.79075485937899,
HLX01,2024-03-18,187.7617012516152,
HLX01,2024-03-19,180.08271927776022,
HLX01,2024-03-20,235.41353243027754,
HLX01,2024-03-21,230.6551701349369,
HLX01,2024-03-22,184.91782247417626,
HLX01,2024-03-23,123.10497049656814,
HLX01,2024-03-24,101.63908944606509,
HLX01,2024-03-25,200.98527984720073,
HLX01,2024-03-26,208.50693534728788,
HLX01,2024-03-27,202.0073253472526,
HLX01,2024-03-28,210.59907280038894,
HLX01,2024-03-29,103.92112755919447,
HLX01,2024-03-30,103.05422830559765,
HLX01,2024-03-31,100.98448943728204,
HLX01,2024-04-01,135.33070130776497,
HLX01,2024-04-02,156.2842090302703,
HLX01,2024-04-03,200.87549210449671,
HLX01,2024-04-04,161.93268937698937,
HLX01,2024-04-05,91.33074846676078,
HLX01,2024-04-06,96.8569595502825,
HLX01,2024-04-07,73.67787338543322,
HLX01,2024-04-08,107.97135388954251,
HLX01,2024-04-09,131.53827680522159,
HLX01,2024-04-10,129.0355726509186,
HLX01,2024-04-11,190.07093094028497,
HLX01,2024-04-12,172.19570570533648,
HLX01,2024-04-13,133.91736875747395,
HLX01,2024-04-14,123.6306154577829,
HLX01,2024-04-15,156.52710266599917,
HLX01,2024-04-16,178.16489501425795,
HLX01,2024-04-17,174.7189918572382,
HLX01,2024-04-18,209.7634274860926,
HLX01,2024-04-19,158.80436466475172,
HLX01,2024-04-20,126.21269282889307,
HLX01,2024-04-21,83.59725783986775,
HLX01,2024-04-22,165.52694804013947,
HLX01,2024-04-23,142.8951129486778,
HLX01,2024-04-24,172.88685319611594,
HLX01,2024-04-25,180.49769200391117,
HLX01,2024-04-26,168.02915266810402,
HLX01,2024-04-27,128.53997527239392,
HLX01,2024-04-28,139.57500596154367,
HLX01,2024-04-29,169.22056259161076,
HLX01,2024-04-30,169.71468014019268,
HLX01,2024-05-01,78.73915651169757,
HLX01,2024-05-02,105.52349805805298,
HLX01,2024-05-03,119.93558290316315,
HLX01,2024-05-04,93.87676246410227,
HLX01,2024-05-05,93.73150043094456,
HLX01,2024-05-06,60.228101841008915,
HLX01,2024-05-07,70.32843786011026,
HLX01,2024-05-08,156.25048540519205,
HLX01,2024-05-09,178.9851647211837,
HLX01,2024-05-10,144.51214882282238,
HLX01,2024-05-11,116.12255084233114,
HLX01,2024-05-12,68.17920123710171,
HLX01,2024-05-13,103.95875253561097,
HLX01,2024-05-14,144.34731581823408,
HLX01,2024-05-15,98.64122682271334,
HLX01,2024-05-16,148.7583974179072,
HLX01,2024-05-17,143.47707092095823,
HLX01,2024-05-18,102.0772081539624,
HLX01,2024-05-19,66.76622404244912,
HLX01,2024-05-20,146.02230358474208,
HLX01,2024-05-21,166.95061453365003,
HLX01,2024-05-22,172.39146478129229,
HLX01,2024-05-23,196.61860902326742,
HLX01,2024-05-24,143.93137768417213,
HLX01,2024-05-25,124.92996997695293,
HLX01,2024-05-26,96.69126953536205,
HLX01,2024-05-27,156.27219913364866,
HLX01,2024-05-28,227.21522451063944,
HLX01,2024-05-29,224.0696666712255,
HLX01,2024-05-30,225.05966170262496,
HLX01,2024-05-31,197.15938873809378,
HLX01,2024-06-01,121.4699504512007,
HLX01,2024-06-02,68.42295926331941,
HLX01,2024-06-03,134.19864945377614,
HLX01,2024-06-04,175.04379724948407,
HLX01,2024-06-05,151.29857620226608,
HLX01,2024-06-06,104.36584208521268,
HLX01,2024-06-07,132.52302944094916,
HLX01,2024-06-08,130.98344866808162,
HLX01,2024-06-09,103.56617663311435,121.05598747929116
HLX01,2024-06-10,131.2006703474148,119.76839233936397
HLX01,2024-06-11,188.46291564839436,167.5251386011728
HLX01,2024-06-12,187.5867470774781,197.1374120584749
HLX01,2024-06-13,208.6070638082085,191.26518241651902
HLX01,2024-06-14,184.68888942248256,183.8070296316763
HLX01,2024-06-15,121.60944730131078,115.29582642056481
HLX01,2024-06-16,116.23869083071382,131.4784685489568
HLX01,2024-06-17,206.09212188641135,172.5877764734743
HLX01,2024-06-18,192.5422938026269,203.961267942512
HLX01,2024-06-19,195.13125436281936,191.46814831266764
HLX01,2024-06-20,211.51996260154533,182.6423814031694
HLX01,2024-06-21,168.2250843843708,153.39569926066667
HLX01,2024-06-22,122.87133806814963,113.12357087969657
HLX01,2024-06-23,94.37155039472512,112.32023649994953
HLX01,2024-06-24,169.66369689087304,157.48893880295444
HLX01,2024-06-25,187.22833877098066,178.05582148351326
HLX01,2024-06-26,190.17840933511866,188.50323294846686
HLX01,2024-06-27,184.7871340987029,193.20123733932405
HLX01,2024-06-28,153.25880630991958,141.46622881405798
HLX01,2024-06-29,117.80594715470684,117.31450254136874
HLX01,2024-06-30,74.5683935574407,97.16464567546433
HLX01,2024-07-01,134.50586818737386,108.1188793572988
HLX01,2024-07-02,136.6299647352237,158.64026353253564
HLX01,2024-07-03,161.08057256778721,165.19430131268717
HLX01,2024-07-04,200.77940379739243,186.09139376351874
HLX01,2024-07-05,157.6365803948828,167.93612857511607
HLX01,2024-07-06,122.44325179357071,115.21959125065042
HLX01,2024-07-07,70.70365773268922,100.72067792140314
HLX01,2024-07-08,168.73862953412342,114.06658610051778
HLX01,2024-07-09,145.38683849423583,183.5627708732001
HLX01,2024-07-10,168.7460145824471,169.22394776277048
HLX01,2024-07-11,178.21914836470123,159.61265246326099
HLX01,2024-07-12,156.66490543627316,142.79980903122186
HLX01,2024-07-13,125.63162691476275,119.80543702752925
HLX01,2024-07-14,83.08048798060116,104.63616704873668
HLX01,2024-07-15,156.22850622198365,130.88378050913246
HLX01,2024-07-16,133.22342550870982,149.1842776275725
HLX01,2024-07-17,121.54623969859085,109.35309697348211
HLX01,2024-07-18,159.87588608539696,151.79403096008363
HLX01,2024-07-19,59.38218838480144,71.12369252610594
HLX01,2024-07-20,107.60151490334432,89.45374501951198
HLX01,2024-07-21,55.5302913909401,65.47616454502533
HLX01,2024-07-22,48.82266564865166,43.316212874937584
HLX01,2024-07-23,83.56718833431684,67.50542619143006
HLX01,2024-07-24,96.51780795188799,122.92748650846481
HLX01,2024-07-25,87.75094440458449,102.85101277993887
HLX01,2024-07-26,94.0949241939791,104.60941180145214
HLX01,2024-07-27,120.46459191731788,109.20853610709374
HLX01,2024-07-28,91.50905987785713,98.7491995990755
HLX01,2024-07-29,79.57203132441374,84.8421652400481
HLX01,2024-07-30,75.77312900097941,71.19778038702384
HLX01,2024-07-31,99.33963626121026,87.53739854184234
HLX01,2024-08-01,109.71212983561013,114.13689369087092
HLX01,2024-08-02,112.07339586390093,116.18523864352728
HLX01,2024-08-03,125.32450209699039,117.46843045580424
HLX01,2024-08-04,45.961249224358816,62.776607818226246
HLX01,2024-08-05,38.426999460133146,38.34618110539008
HLX01,2024-08-06,36.05330831945879,39.56304660269908
HLX01,2024-08-07,60.23842636905927,53.41971045994048
HLX01,2024-08-08,83.03639285779084,87.03885945350356
HLX01,2024-08-09,73.16722498514957,104.3237138994361
HLX01,2024-08-10,126.11345145314222,114.12417461620055
HLX01,2024-08-11,44.92348022350592,94.27667391550277
HLX01,2024-08-12,67.42213404009843,53.02392946894157
HLX01,2024-08-13,67.05021088414065,96.39028329480959
HLX01,2024-08-14,84.11276114871565,96.3579968689138
HLX01,2024-08-15,94.36269841292886,103.05984696556304
HLX01,2024-08-16,105.44823642061827,119.97879820524943
HLX01,2024-08-17,121.08251153606734,119.11741447717493
HLX01,2024-08-18,75.79059530817652,105.1965728696697
HLX01,2024-08-19,187.02192683255524,153.21118330759825
HLX01,2024-08-20,173.0756918939071,210.88518443198987
HLX01,2024-08-21,154.6932696217916,158.60053972589697
HLX01,2024-08-22,168.35351013168983,155.34958090483067
HLX01,2024-08-23,160.18327707906397,154.32116826812492
HLX01,2024-08-24,122.8136867716949,117.15623756130398
HLX01,2024-08-25,112.60060414002302,119.98109937718014
HLX01,2024-08-26,181.40446101092354,165.44661088627345
HLX01,2024-08-27,196.77667751209557,192.97181417714754
HLX01,2024-08-28,190.75864801501052,193.25967984328327
HLX01,2024-08-29,207.4070765532774,184.5126072110558
HLX01,2024-08-30,187.88372330900472,174.2912467683133
HLX01,2024-08-31,130.01947120181111,120.70939727998187
HLX01,2024-09-01,146.15551485960881,122.8798502473808
HLX01,2024-09-02,200.59865017136661,164.98651380777488
HLX01,2024-09-03,212.176407147024,187.42068918401478
HLX01,2024-09-04,239.85169722475794,229.60106950821384
HLX01,2024-09-05,218.53026518580265,195.06931388965944
HLX01,2024-09-06,175.16597123934014,155.99730408969927
HLX01,2024-09-07,155.2328752988627,141.70440656163092
HLX01,2024-09-08,159.50176556845116,139.9606261228751
HLX01,2024-09-09,207.0475109116141,163.17631616623913
HLX01,2024-09-10,202.2388956400301,163.72613390469243
HLX01,2024-09-11,173.3834889083297,171.38330992192562
HLX01,2024-09-12,124.18143386802782,118.02062244373687
HLX01,2024-09-13,126.06839331522174,99.79095355550713
HLX01,2024-09-14,114.71241408529335,108.78308240124713
HLX01,2024-09-15,109.41848031301195,103.01128208088528
HLX01,2024-09-16,98.25830960932231,97.81408551809606
HLX01,2024-09-17,51.789021693819684,48.563385020332134
HLX01,2024-09-18,48.41980323519013,63.308591537889576
HLX01,2024-09-19,84.61820059837453,89.89210784941632
HLX01,2024-09-20,147.47825590077053,132.75990759793166
HLX01,2024-09-21,120.68590525998123,109.18145125094895
HLX01,2024-09-22,126.28403997894999,144.8506018263216
HLX01,2024-09-23,197.20415439862202,169.55333692591307
HLX01,2024-09-24,196.33341297565258,159.67408741993145
HLX01,2024-09-25,196.8259853506543,165.90041508810663
HLX01,2024-09-26,192.30637640142203,166.80270971974258
HLX01,2024-09-27,169.8336678295217,156.93291719139924
HLX01,2024-09-28,122.12784717800433,112.06596392393871
HLX01,2024-09-29,143.49868790314645,119.76237368050113
HLX01,2024-09-30,154.8193622213296,140.34229142877538
HNY01,2023-01-01,20.054212678810327,
HNY01,2023-01-02,15.236752018262457,
HNY01,2023-01-03,10.530861659885481,
HNY01,2023-01-04,10.683112157563903,
HNY01,2023-01-05,17.414736643091405,
HNY01,2023-01-06,19.084225868364637,
HNY01,2023-01-07,16.86867189043416,
HNY01,2023-01-08,17.612806012678696,
HNY01,2023-01-09,13.332344422625892,
HNY01,2023-01-10,15.103174884688645,
HNY01,2023-01-11,14.387784558834959,
HNY01,2023-01-12,15.850716548381861,
HNY01,2023-01-13,17.94229205922493,
HNY01,2023-01-14,16.724729837329555,
HNY01,2023-01-15,18.007321910775595,
HNY01,2023-01-16,14.039779990456918,
HNY01,2023-01-17,19.55031335511846,
HNY01,2023-01-18,16.19236017454465,
HNY01,2023-01-19,13.039998002123655,
HNY01,2023-01-20,17.88826392548822,
HNY01,2023-01-21,12.26194373213598,
HNY01,2023-01-22,14.638411816495246,
HNY01,2023-01-23,12.676759730447936,
HNY01,2023-01-24,6.299103481330484,
HNY01,2023-01-25,10.103165896611335,
HNY01,2023-01-26,10.949990055792746,
HNY01,2023-01-27,13.706284299667875,
HNY01,2023-01-28,14.183736745645707,
HNY01,2023-01-29,19.062409545182536,
HNY01,2023-01-30,12.593243858234734,
HNY01,2023-01-31,12.771046442605709,
HNY01,2023-02-01,17.44624229269502,
HNY01,2023-02-02,10.937247618348005,
HNY01,2023-02-03,18.668833402982536,
HNY01,2023-02-04,15.822319496921642,
HNY01,2023-02-05,20.242074359461988,
HNY01,2023-02-06,17.699887225146114,
HNY01,2023-02-07,11.01458097377408,
HNY01,2023-02-08,8.30319495105333,
HNY01,2023-02-09,15.160184128247952,
HNY01,2023-02-10,15.966070801113979,
HNY01,2023-02-11,12.663910438778913,
HNY01,2023-02-12,19.164708561733427,
HNY01,2023-02-13,17.772944749126076,
HNY01,2023-02-14,16.73191544638881,
HNY01,2023-02-15,21.037714791697688,
HNY01,2023-02-16,17.832151968895776,
HNY01,2023-02-17,16.928114010630654,
HNY01,2023-02-18,15.495082454278554,
HNY01,2023-02-19,19.96342798862372,
HNY01,2023-02-20,18.84450362490626,
HNY01,2023-02-21,19.13110246235876,
HNY01,2023-02-22,21.82586301397813,
HNY01,2023-02-23,18.99934568713434,
HNY01,2023-02-24,16.06332902442614,
HNY01,2023-02-25,15.171969692226448,
HNY01,2023-02-26,19.06826394334532,
HNY01,2023-02-27,17.293138912253344,
HNY01,2023-02-28,20.202752450798663,
HNY01,2023-03-01,16.963303503076943,
HNY01,2023-03-02,10.544385058855655,
HNY01,2023-03-03,15.296574361083755,
HNY01,2023-03-04,14.430927005113121,
HNY01,2023-03-05,7.423081425810338,
HNY01,2023-03-06,3.782339844546504,
HNY01,2023-03-07,6.700667080734376,
HNY01,2023-03-08,10.01204863023193,
HNY01,2023-03-09,13.180868713018057,
HNY01,2023-03-10,16.001398452561766,
HNY01,2023-03-11,16.94325816613454,
HNY01,2023-03-12,18.2868022210505,
HNY01,2023-03-13,12.988145275181232,
HNY01,2023-03-14,9.100074007408981,
HNY01,2023-03-15,14.8793517751581,
HNY01,2023-03-16,18.41541774489694,
HNY01,2023-03-17,18.83730105571842,
HNY01,2023-03-18,15.449986413877598,
HNY01,2023-03-19,18.39218186915135,
HNY01,2023-03-20,14.92710367853525,
HNY01,2023-03-21,8.941557743093192,
HNY01,2023-03-22,11.382111356451405,
HNY01,2023-03-23,8.44235651934991,
HNY01,2023-03-24,16.98238826131134,
HNY01,2023-03-25,22.25976184378185,
HNY01,2023-03-26,20.977584291461913,
HNY01,2023-03-27,17.951608451180554,
HNY01,2023-03-28,19.171872223405153,
HNY01,2023-03-29,18.735457378625668,
HNY01,2023-03-30,18.207731063092275,
HNY01,2023-03-31,18.554294632243344,
HNY01,2023-04-01,16.250422067131026,
HNY01,2023-04-02,21.871615475164894,
HNY01,2023-04-03,21.448329322567446,
HNY01,2023-04-04,17.61691002682711,
HNY01,2023-04-05,16.594051386997922,
HNY01,2023-04-06,18.147380849565995,
HNY01,2023-04-07,20.249746629044076,
HNY01,2023-04-08,18.084067017089904,
HNY01,2023-04-09,24.656021216316397,
HNY01,2023-04-10,17.60394524532791,
HNY01,2023-04-11,11.560177319305906,
HNY01,2023-04-12,11.68092054305895,
HNY01,2023-04-13,19.554559979190326,
HNY01,2023-04-14,18.846716930855766,
HNY01,2023-04-15,16.915872845068144,
HNY01,2023-04-16,19.944929311574782,
HNY01,2023-04-17,21.164522287594686,
HNY01,2023-04-18,17.807491490879805,
HNY01,2023-04-19,15.753564249846903,
HNY01,2023-04-20,24.094722734714047,
HNY01,2023-04-21,17.796239488283636,
HNY01,2023-04-22,16.79186768628674,
HNY01,2023-04-23,20.368777405610214,
HNY01,2023-04-24,15.002242073165103,
HNY01,2023-04-25,16.180920400777676,
HNY01,2023-04-26,15.649048005417665,
HNY01,2023-04-27,20.218310203108608,
HNY01,2023-04-28,19.37956644442461,
HNY01,2023-04-29,17.798449362537063,
HNY01,2023-04-30,19.26473016423951,
HNY01,2023-05-01,18.482892232698102,
HNY01,2023-05-02,16.33452830245046,
HNY01,2023-05-03,24.121510334885684,
HNY01,2023-05-04,15.587955520786892,
HNY01,2023-05-05,13.610522242982505,
HNY01,2023-05-06,15.523945520661208,
HNY01,2023-05-07,14.429994692663168,
HNY01,2023-05-08,13.4503222673368,
HNY01,2023-05-09,11.660029985126837,
HNY01,2023-05-10,17.750499064520955,
HNY01,2023-05-11,18.937401874185834,
HNY01,2023-05-12,17.899996836261835,
HNY01,2023-05-13,17.899153486246266,
HNY01,2023-05-14,24.54978576599439,
HNY01,2023-05-15,18.611775991521036,
HNY01,2023-05-16,10.225106148356067,
HNY01,2023-05-17,20.86202273166807,
HNY01,2023-05-18,27.42640662925759,
HNY01,2023-05-19,18.61570430567512,
HNY01,2023-05-20,17.222306429467476,
HNY01,2023-05-21,20.608170209331746,
HNY01,2023-05-22,22.619922343632126,
HNY01,2023-05-23,14.177224576396126,
HNY01,2023-05-24,14.787441846402498,
HNY01,2023-05-25,17.71025445777472,
HNY01,2023-05-26,15.85810473245409,
HNY01,2023-05-27,14.936107981616612,
HNY01,2023-05-28,15.049639905699946,
HNY01,2023-05-29,23.3593405207086,
HNY01,2023-05-30,14.775903571230263,
HNY01,2023-05-31,9.865724575674408,
HNY01,2023-06-01,9.49565502798933,
HNY01,2023-06-02,18.99148209420242,
HNY01,2023-06-03,17.425779486007734,
HNY01,2023-06-04,16.981814644510994,
HNY01,2023-06-05,17.445383278877593,
HNY01,2023-06-06,19.270147926674916,
HNY01,2023-06-07,18.86468620187797,
HNY01,2023-06-08,16.588456474422934,
HNY01,2023-06-09,18.881439614521895,
HNY01,2023-06-10,18.46761371612762,
HNY01,2023-06-11,19.776433804157794,
HNY01,2023-06-12,18.50479993823966,
HNY01,2023-06-13,21.82074973193949,
HNY01,2023-06-14,11.567824711543437,
HNY01,2023-06-15,7.843931266907561,
HNY01,2023-06-16,18.351927665717305,
HNY01,2023-06-17,19.524308076524733,
HNY01,2023-06-18,22.40606446223903,
HNY01,2023-06-19,23.903648875560595,
HNY01,2023-06-20,21.4886395387273,
HNY01,2023-06-21,23.09852616507691,
HNY01,2023-06-22,21.14904601621782,
HNY01,2023-06-23,17.32106498370527,
HNY01,2023-06-24,18.165224636603227,
HNY01,2023-06-25,18.7418050165436,
HNY01,2023-06-26,21.28351025650892,
HNY01,2023-06-27,15.754695314676534,
HNY01,2023-06-28,16.169012825972043,
HNY01,2023-06-29,6.111408970812088,
HNY01,2023-06-30,12.866429947491355,
HNY01,2023-07-01,16.855730721695668,
HNY01,2023-07-02,16.244099248727963,
HNY01,2023-07-03,7.825334337158515,
HNY01,2023-07-04,5.736697312358112,
HNY01,2023-07-05,10.709797516433303,
HNY01,2023-07-06,17.3407514043368,
HNY01,2023-07-07,19.199388978403796,
HNY01,2023-07-08,18.38130500745474,
HNY01,2023-07-09,21.612543278048292,
HNY01,2023-07-10,15.904923606464877,
HNY01,2023-07-11,7.3169179580550905,
HNY01,2023-07-12,15.709808453057438,
HNY01,2023-07-13,19.96687573503316,
HNY01,2023-07-14,18.04835241627449,
HNY01,2023-07-15,17.81091239170688,
HNY01,2023-07-16,23.370913381024444,
HNY01,2023-07-17,19.379193692008712,
HNY01,2023-07-18,10.464907399461016,
HNY01,2023-07-19,13.233649784011229,
HNY01,2023-07-20,20.29799721784351,
HNY01,2023-07-21,15.629316291003605,
HNY01,2023-07-22,15.329068295308716,
HNY01,2023-07-23,12.831777841423465,
HNY01,2023-07-24,13.445499484445092,
HNY01,2023-07-25,13.524939230728899,
HNY01,2023-07-26,16.458533337874005,
HNY01,2023-07-27,16.0406254503687,
HNY01,2023-07-28,15.019772127914354,
HNY01,2023-07-29,15.491261929607797,
HNY01,2023-07-30,16.373878540749693,
HNY01,2023-07-31,16.027023705152626,
HNY01,2023-08-01,16.230546735354675,
HNY01,2023-08-02,15.446686975281725,
HNY01,2023-08-03,16.138521739630473,
HNY01,2023-08-04,15.498092604168244,
HNY01,2023-08-05,13.885654319379295,
HNY01,2023-08-06,16.37817883138593,
HNY01,2023-08-07,16.610312884515945,
HNY01,2023-08-08,17.910035723708727,
HNY01,2023-08-09,11.77086999563679,
HNY01,2023-08-10,9.304800873517635,
HNY01,2023-08-11,14.104865130084,
HNY01,2023-08-12,16.266690019764983,
HNY01,2023-08-13,17.387908306981483,
HNY01,2023-08-14,15.744075559167038,
HNY01,2023-08-15,15.007696034121471,
HNY01,2023-08-16,16.940969138597616,
HNY01,2023-08-17,17.00303456872049,
HNY01,2023-08-18,17.79530796243986,
HNY01,2023-08-19,17.089922948421123,
HNY01,2023-08-20,19.438181996539672,
HNY01,2023-08-21,12.507944445163146,
HNY01,2023-08-22,12.046542529925611,
HNY01,2023-08-23,6.042246533303076,
HNY01,2023-08-24,16.578182431584363,
HNY01,2023-08-25,17.404993839043133,
HNY01,2023-08-26,17.386012997831692,
HNY01,2023-08-27,12.645551429859156,
HNY01,2023-08-28,22.443615080918896,
HNY01,2023-08-29,20.21528096077263,
HNY01,2023-08-30,18.701689912931695,
HNY01,2023-08-31,21.22378769594845,
HNY01,2023-09-01,18.19509570551378,
HNY01,2023-09-02,18.338633727327956,
HNY01,2023-09-03,18.148891299503063,
HNY01,2023-09-04,17.10589015542438,
HNY01,2023-09-05,15.789146538357674,
HNY01,2023-09-06,18.552360903181814,
HNY01,2023-09-07,6.311292145336917,
HNY01,2023-09-08,20.087409248881116,
HNY01,2023-09-09,17.403661687124895,
HNY01,2023-09-10,24.21807992898806,
HNY01,2023-09-11,18.611255878165167,
HNY01,2023-09-12,18.285411996189932,
HNY01,2023-09-13,21.408096103825258,
HNY01,2023-09-14,17.997700146893163,
HNY01,2023-09-15,18.346397341021728,
HNY01,2023-09-16,15.796232852239976,
HNY01,2023-09-17,18.046138567262467,
HNY01,2023-09-18,26.67610056551869,
HNY01,2023-09-19,12.189632690468105,
HNY01,2023-09-20,11.175527464897,
HNY01,2023-09-21,21.089251054491378,
HNY01,2023-09-22,20.78127683506768,
HNY01,2023-09-23,16.887962598314033,
HNY01,2023-09-24,15.492026402486182,
HNY01,2023-09-25,24.96407558407518,
HNY01,2023-09-26,10.771742506094517,
HNY01,2023-09-27,19.317722555941536,
HNY01,2023-09-28,14.060067798002203,
HNY01,2023-09-29,15.98868512087154,
HNY01,2023-09-30,14.979451064270316,
HNY01,2023-10-01,14.751940230342077,
HNY01,2023-10-02,17.200868983238017,
HNY01,2023-10-03,21.21621109250037,
HNY01,2023-10-04,25.274618144810066,
HNY01,2023-10-05,22.26070985294736,
HNY01,2023-10-06,17.287599718645495,
HNY01,2023-10-07,17.75333183764647,
HNY01,2023-10-08,16.62113857587433,
HNY01,2023-10-09,23.44824863499811,
HNY01,2023-10-10,15.814791417622887,
HNY01,2023-10-11,24.79885163421412,
HNY01,2023-10-12,25.24419029517574,
HNY01,2023-10-13,19.917400764588056,
HNY01,2023-10-14,22.274423470610092,
HNY01,2023-10-15,22.335878277661447,
HNY01,2023-10-16,19.027623287826188,
HNY01,2023-10-17,19.467638150582427,
HNY01,2023-10-18,19.17509648859873,
HNY01,2023-10-19,22.52000007063545,
HNY01,2023-10-20,20.933017028503777,
HNY01,2023-10-21,18.521700229462027,
HNY01,2023-10-22,25.603803810707905,
HNY01,2023-10-23,23.61858581424103,
HNY01,2023-10-24,24.49509080988424,
HNY01,2023-10-25,23.80544118231061,
HNY01,2023-10-26,22.391441628637523,
HNY01,2023-10-27,20.084156177205287,
HNY01,2023-10-28,16.680418951493117,
HNY01,2023-10-29,22.879448535565878,
HNY01,2023-10-30,24.541670688685564,
HNY01,2023-10-31,22.581086008236355,
HNY01,2023-11-01,17.58408218688597,
HNY01,2023-11-02,20.728142229359417,
HNY01,2023-11-03,20.057301365690773,
HNY01,2023-11-04,17.276344289938077,
HNY01,2023-11-05,23.497381207063235,
HNY01,2023-11-06,15.536625169308946,
HNY01,2023-11-07,17.758993493133737,
HNY01,2023-11-08,16.909457531593173,
HNY01,2023-11-09,19.27743630304558,
HNY01,2023-11-10,17.81211155720349,
HNY01,2023-11-11,19.473490442500232,
HNY01,2023-11-12,23.75413550541938,
HNY01,2023-11-13,16.51088646869888,
HNY01,2023-11-14,17.547709523360098,
HNY01,2023-11-15,16.334634256170908,
HNY01,2023-11-16,18.755491468862086,
HNY01,2023-11-17,20.194569692407004,
HNY01,2023-11-18,18.601746857335932,
HNY01,2023-11-19,29.070605432246804,
HNY01,2023-11-21,12.58443277739722,
HNY01,2023-11-22,19.3336656532407,
HNY01,2023-11-23,22.554042567232813,
HNY01,2023-11-24,19.61768624178843,
HNY01,2023-11-25,18.572342565576278,
HNY01,2023-11-26,20.905468006994916,
HNY01,2023-11-27,23.303375980153294,
HNY01,2023-11-28,19.963180974723663,
HNY01,2023-11-29,7.863529597647345,
HNY01,2023-11-30,12.979053688107387,
HNY01,2023-12-01,17.376416318567106,
HNY01,2023-12-02,17.717115720969453,
HNY01,2023-12-03,18.899044886411456,
HNY01,2023-12-04,16.57273980136702,
HNY01,2023-12-05,10.143200316297726,
HNY01,2023-12-06,13.502752391999337,
HNY01,2023-12-07,21.703895016788547,
HNY01,2023-12-08,15.581853871674127,
HNY01,2023-12-09,15.367808633538841,
HNY01,2023-12-10,19.215322666122464,
HNY01,2023-12-11,14.296668896057314,
HNY01,2023-12-12,12.60506455634158,
HNY01,2023-12-13,11.073813540399128,
HNY01,2023-12-14,11.445088447548969,
HNY01,2023-12-15,17.34141828842301,
HNY01,2023-12-16,20.180670838974674,
HNY01,2023-12-17,22.41294552883814,
HNY01,2023-12-18,21.406498744644114,
HNY01,2023-12-19,9.82715315610762,
HNY01,2023-12-20,10.744039943457349,
HNY01,2023-12-21,12.605841277330335,
HNY01,2023-12-22,15.988506453217076,
HNY01,2023-12-23,14.72137667008947,
HNY01,2023-12-24,15.879446251241513,
HNY01,2023-12-25,13.914556527934273,
HNY01,2023-12-26,20.514459214099183,
HNY01,2023-12-27,23.924243949589012,
HNY01,2023-12-28,20.57028459157342,
HNY01,2023-12-29,14.845279910327811,
HNY01,2023-12-30,14.988548116560162,
HNY01,2023-12-31,16.316501387860235,
HNY01,2024-01-01,20.27701581744815,
HNY01,2024-01-02,19.382185706337612,
HNY01,2024-01-03,13.476137673559977,
HNY01,2024-01-04,17.544313497121202,
HNY01,2024-01-05,18.315612197894648,
HNY01,2024-01-06,16.691430402205246,
HNY01,2024-01-07,24.693891421642626,
HNY01,2024-01-08,14.107451085825096,
HNY01,2024-01-09,20.207998144197855,
HNY01,2024-01-10,11.046984658330672,
HNY01,2024-01-11,11.357260163059706,
HNY01,2024-01-12,18.266307135193948,
HNY01,2024-01-13,16.91018220523733,
HNY01,2024-01-14,22.43689958671471,
HNY01,2024-01-15,14.186931571356984,
HNY01,2024-01-16,13.467557568942274,
HNY01,2024-01-17,12.953504867765922,
HNY01,2024-01-18,11.954063508524325,
HNY01,2024-01-19,18.003633837294135,
HNY01,2024-01-20,18.38733544643572,
HNY01,2024-01-21,21.007820271783658,
HNY01,2024-01-22,17.706883548376027,
HNY01,2024-01-23,15.16070173166574,
HNY01,2024-01-24,10.451169876314188,
HNY01,2024-01-25,19.81193300062235,
HNY01,2024-01-26,16.120127772522054,
HNY01,2024-01-27,17.03467740541165,
HNY01,2024-01-28,21.6549862326648,
HNY01,2024-01-29,19.2047060639011,
HNY01,2024-01-30,17.108559921557287,
HNY01,2024-01-31,9.031941085334285,
HNY01,2024-02-01,8.419845128541283,
HNY01,2024-02-02,16.222187116986373,
HNY01,2024-02-03,18.652076815545705,
HNY01,2024-02-04,14.49660128623352,
HNY01,2024-02-05,12.555229054937074,
HNY01,2024-02-06,10.960440982317555,
HNY01,2024-02-07,8.79224036447736,
HNY01,2024-02-08,16.595565187520666,
HNY01,2024-02-09,15.668367628050376,
HNY01,2024-02-10,16.157060529708836,
HNY01,2024-02-11,14.672405112826542,
HNY01,2024-02-12,23.254224283837438,
HNY01,2024-02-13,16.118335155375256,
HNY01,2024-02-14,11.135973282191976,
HNY01,2024-02-15,12.369960528247361,
HNY01,2024-02-16,19.125686464935335,
HNY01,2024-02-17,18.2327880456887,
HNY01,2024-02-18,18.33278192094128,
HNY01,2024-02-19,20.513171535208343,
HNY01,2024-02-20,22.153088673607257,
HNY01,2024-02-21,11.331403290221996,
HNY01,2024-02-22,16.346396889932226,
HNY01,2024-02-23,18.599833923796595,
HNY01,2024-02-24,18.11329819962388,
HNY01,2024-02-25,23.438008310379434,
HNY01,2024-02-26,20.886976900996792,
HNY01,2024-02-27,25.85377370621785,
HNY01,2024-02-28,22.055413954044454,
HNY01,2024-02-29,20.641502857684692,
HNY01,2024-03-01,17.28968295648445,
HNY01,2024-03-02,17.92847285736056,
HNY01,2024-03-03,11.630448715508813,
HNY01,2024-03-04,6.921841890962506,
HNY01,2024-03-05,13.270307002877104,
HNY01,2024-03-06,16.678663955797333,
HNY01,2024-03-07,13.070140614779968,
HNY01,2024-03-08,17.302449698596956,
HNY01,2024-03-09,17.241205960984924,
HNY01,2024-03-10,21.465249561569834,
HNY01,2024-03-11,12.074924283309063,
HNY01,2024-03-12,22.121991018396656,
HNY01,2024-03-13,18.826048351719034,
HNY01,2024-03-14,16.571437726300594,
HNY01,2024-03-15,15.689963952496997,
HNY01,2024-03-16,12.541194722329262,
HNY01,2024-03-17,20.1158403665744,
HNY01,2024-03-18,18.42347289477525,
HNY01,2024-03-19,13.425583432517605,
HNY01,2024-03-20,15.660190525767053,
HNY01,2024-03-21,11.353152834933375,
HNY01,2024-03-22,15.99293539325504,
HNY01,2024-03-23,13.07771527240895,
HNY01,2024-03-24,17.340794798373192,
HNY01,2024-03-25,19.90433705073348,
HNY01,2024-03-26,21.395964298544797,
HNY01,2024-03-27,15.433881828185239,
HNY01,2024-03-28,17.61401820482621,
HNY01,2024-03-29,15.764246432816577,
HNY01,2024-03-30,17.10247569363904,
HNY01,2024-03-31,21.45444376043142,
HNY01,2024-04-01,21.14345671792415,
HNY01,2024-04-02,12.52085152088471,
HNY01,2024-04-03,19.69522451758103,
HNY01,2024-04-04,18.927237912607016,
HNY01,2024-04-05,18.541527985319348,
HNY01,2024-04-06,16.889370945144254,
HNY01,2024-04-07,20.184960863380773,
HNY01,2024-04-08,18.745873330606997,
HNY01,2024-04-09,21.228985139211755,
HNY01,2024-04-10,22.487829524599537,
HNY01,2024-04-11,21.56519995779541,
HNY01,2024-04-12,19.574949222414922,
HNY01,2024-04-13,18.124580822505994,
HNY01,2024-04-14,19.200033828344406,
HNY01,2024-04-15,16.800961614763917,
HNY01,2024-04-16,10.129678553299085,
HNY01,2024-04-17,10.296487478373686,
HNY01,2024-04-18,7.116596026158565,
HNY01,2024-04-19,17.78113010451051,
HNY01,2024-04-20,18.477317525950976,
HNY01,2024-04-21,17.186481084752714,
HNY01,2024-04-22,15.772894163965558,
HNY01,2024-04-23,13.680018505277964,
HNY01,2024-04-24,7.120988032835069,
HNY01,2024-04-25,9.661737805040543,
HNY01,2024-04-26,18.433429183456703,
HNY01,2024-04-27,17.39633395139704,
HNY01,2024-04-28,19.63065484753528,
HNY01,2024-04-29,19.09408458313681,
HNY01,2024-04-30,25.164850458341096,
HNY01,2024-05-01,18.98008370645735,
HNY01,2024-05-02,25.86622108189786,
HNY01,2024-05-03,13.255737495212857,
HNY01,2024-05-04,15.583198964245588,
HNY01,2024-05-05,17.282324494074146,
HNY01,2024-05-06,17.454463293953708,
HNY01,2024-05-07,8.32142044217537,
HNY01,2024-05-08,14.056534092823345,
HNY01,2024-05-09,20.31023278601816,
HNY01,2024-05-10,17.481134710616537,
HNY01,2024-05-11,16.74175448408714,
HNY01,2024-05-12,15.257484462302358,
HNY01,2024-05-13,13.10825533848258,
HNY01,2024-05-14,15.41513250992154,
HNY01,2024-05-15,21.986591717045858,
HNY01,2024-05-16,22.956902574703726,
HNY01,2024-05-17,17.799192962326053,
HNY01,2024-05-18,16.572367338660325,
HNY01,2024-05-19,19.83159600269287,
HNY01,2024-05-20,20.84112813310558,
HNY01,2024-05-21,15.95954160218501,
HNY01,2024-05-22,11.368668467275045,
HNY01,2024-05-23,20.405603621766222,
HNY01,2024-05-24,17.740988597487465,
HNY01,2024-05-25,17.78094712675112,
HNY01,2024-05-26,18.476409529166293,
HNY01,2024-05-27,13.710110881812849,
HNY01,2024-05-28,10.998961938081502,
HNY01,2024-05-29,9.42733082369756,
HNY01,2024-05-30,9.341681387252498,
HNY01,2024-05-31,17.7693393008192,
HNY01,2024-06-01,17.018319062876547,
HNY01,2024-06-02,13.64490247709146,
HNY01,2024-06-03,11.613666937604364,
HNY01,2024-06-04,13.382074674793342,
HNY01,2024-06-05,19.066516436284843,
HNY01,2024-06-06,19.184583145217086,
HNY01,2024-06-07,20.146784427278124,
HNY01,2024-06-08,17.09613282942168,
HNY01,2024-06-09,19.804455230602837,19.960504627781532
HNY01,2024-06-10,13.360643953141857,11.481077306636623
HNY01,2024-06-11,12.092418907501061,12.685658013584138
HNY01,2024-06-12,6.269859616059049,7.585201360134712
HNY01,2024-06-13,11.405643608064524,15.461788458760067
HNY01,2024-06-14,18.091662775769986,18.725029820729603
HNY01,2024-06-15,16.280322923010015,15.453263157397053
HNY01,2024-06-16,24.06515845778116,27.48886278474384
HNY01,2024-06-17,6.588675310761246,10.694248984360556
HNY01,2024-06-18,5.297471608831262,6.4415717600936455
HNY01,2024-06-19,8.15530457915172,6.290888838533108
HNY01,2024-06-20,6.230789361532879,13.023826956134336
HNY01,2024-06-21,18.308886971018612,15.203458600601065
HNY01,2024-06-22,14.762833025115992,16.053077434654803
HNY01,2024-06-23,11.782393005522954,19.84170213386514
HNY01,2024-06-24,4.689725554465266,6.729358000599848
HNY01,2024-06-25,14.45300326614797,12.326657910565176
HNY01,2024-06-26,6.247675562231599,10.227236793350887
HNY01,2024-06-27,20.075033953505955,14.838631743836952
HNY01,2024-06-28,19.76673930237108,19.790256322205256
HNY01,2024-06-29,16.310478306007248,16.96976315303453
HNY01,2024-07-01,9.83321206186391,9.9155987231931
HNY01,2024-07-03,4.834103147698664,3.7456364396799917
HNY01,2024-07-04,7.546810604515974,15.5945551060547
HNY01,2024-07-05,11.823287631894203,13.953840908507269
HNY01,2024-07-06,14.410764616249258,12.790360937616798
HNY01,2024-07-07,20.63127764440182,57.130991304284336
HNY01,2024-07-08,13.648460358576958,13.871815869885857
HNY01,2024-07-09,6.061222601295124,9.118982565083538
HNY01,2024-07-10,6.061629735196296,7.03710558181323
HNY01,2024-07-11,8.073756938752389,15.346855359680758
HNY01,2024-07-12,15.843310817616695,11.591470699510364
HNY01,2024-07-13,16.196404202633197,16.592053298228937
HNY01,2024-07-14,24.126801834536153,41.10586471326034
HNY01,2024-07-15,12.83094109649558,14.577084637621995
HNY01,2024-07-16,10.843696757663572,18.867756543832094
HNY01,2024-07-17,20.83399772468989,15.766360210941198
HNY01,2024-07-18,17.05343113730912,28.148839040470428
HNY01,2024-07-19,14.656291817020826,14.778446200699177
HNY01,2024-07-20,14.45907372093574,13.808204588036928
HNY01,2024-07-21,10.307588318459098,12.211327791481024
HNY01,2024-07-22,11.460066023596264,10.162466556038147
HNY01,2024-07-23,14.571951918118314,14.406059484801764
HNY01,2024-07-24,7.68836352460253,9.597485702168257
HNY01,2024-07-25,9.268468863966326,12.183195018088451
HNY01,2024-07-26,14.207813275320397,14.586640840686476
HNY01,2024-07-27,14.54715057652153,13.821518011334998
HNY01,2024-07-28,15.668296440320551,14.415771152284416
HNY01,2024-07-29,16.034355106861938,14.456654482654711
HNY01,2024-07-30,15.496167581144915,13.996134078459272
HNY01,2024-07-31,14.649937730602897,14.019271909157023
HNY01,2024-08-01,16.78543405930169,15.721152832182929
HNY01,2024-08-02,14.70066742042945,12.662778291113566
HNY01,2024-08-03,15.332844095213497,15.053669175216672
HNY01,2024-08-04,15.747501816343252,13.558253816494389
HNY01,2024-08-05,16.26187236854755,15.04148211272043
HNY01,2024-08-06,15.115643373718873,12.42053854150747
HNY01,2024-08-07,16.395515043940534,15.228741555080154
HNY01,2024-08-08,16.717727730261856,13.262068807928262
HNY01,2024-08-09,15.100641275653231,15.601334097339047
HNY01,2024-08-10,16.380036553512486,17.687615636820357
HNY01,2024-08-11,17.533449551049166,18.646721728785224
HNY01,2024-08-12,15.146182572725145,15.29583301589854
HNY01,2024-08-13,17.753619094453132,16.33609105724895
HNY01,2024-08-14,17.18084420857212,16.634539979506542
HNY01,2024-08-15,16.176558392665612,14.981832620423148
HNY01,2024-08-16,17.735576021144443,17.67346003017146
HNY01,2024-08-17,16.783703047432873,16.208882234476757
HNY01,2024-08-18,13.754550733864683,12.908176390327839
HNY01,2024-08-19,15.043182902585313,12.207872446425556
HNY01,2024-08-20,17.069086887864007,18.35845949228179
HNY01,2024-08-21,10.858325201948846,18.553975009586086
HNY01,2024-08-22,7.92261824218183,5.707447735853363
HNY01,2024-08-23,15.120633920249874,17.28056134276794
HNY01,2024-08-24,16.71381338953861,16.56567199953182
HNY01,2024-08-25,17.336265053479938,20.7853875493081
HNY01,2024-08-26,25.258310454123535,25.3518714100493
HNY01,2024-08-27,23.99334475467399,25.075350492035888
HNY01,2024-08-28,13.492642886448577,18.164732623924206
HNY01,2024-08-29,16.618835662367474,16.274067528095618
HNY01,2024-08-30,17.459031644791757,17.396538857955218
HNY01,2024-08-31,15.498551733163858,14.843321682071378
HNY01,2024-09-01,17.768161199280563,16.31357606070153
HNY01,2024-09-02,8.444377489648064,6.963477548230784
HNY01,2024-09-03,9.056580557855444,6.480623438152207
HNY01,2024-09-04,6.970695176290913,7.489305450575055
HNY01,2024-09-05,11.404382445765432,12.759370832342105
HNY01,2024-09-06,14.261641002836724,17.45107653378671
HNY01,2024-09-07,16.131258154448467,14.777796648144237
HNY01,2024-09-08,11.899128149297205,14.515854907714651
HNY01,2024-09-09,8.31091716794461,10.406467033851289
HNY01,2024-09-10,7.38967312313954,9.261685072317793
HNY01,2024-09-11,6.173711411738167,6.29961173154118
HNY01,2024-09-12,13.252488945872715,17.19069957040691
HNY01,2024-09-13,15.665612340147293,20.389352242334112
HNY01,2024-09-14,13.86260264610787,13.260768654273182
HNY01,2024-09-15,14.774906123762994,14.480715692164056
HNY01,2024-09-16,16.133855389709666,15.720041218812629
HNY01,2024-09-17,16.462819565794693,16.94400057317551
HNY01,2024-09-18,22.79045359464072,21.176195233510338
HNY01,2024-09-19,20.90326850033018,19.975747581063825
HNY01,2024-09-20,19.317103657652403,19.13439007687258
HNY01,2024-09-21,15.533707855117344,15.109983787058441
HNY01,2024-09-22,21.6083545910895,16.77007772111157
HNY01,2024-09-23,22.64648532553852,19.693243261808014
HNY01,2024-09-24,15.608185547328711,13.740208614253236
HNY01,2024-09-25,21.39271844037094,18.907675901197642
HNY01,2024-09-26,18.622571169667,16.311672915479583
HNY01,2024-09-27,17.524308922016072,19.092910383515576
HNY01,2024-09-28,15.460964924035343,15.017349797587203
HNY01,2024-09-29,22.07904555620864,19.84533449453432
HNY01,2024-09-30,21.44003310470297,17.729858323111518
HST01,2023-01-01,50.6188333997174,
HST01,2023-01-02,29.934629733593265,
HST01,2023-01-03,30.27814416244656,
HST01,2023-01-04,27.510846247722466,
HST01,2023-01-05,23.745090336451792,
HST01,2023-01-06,30.53810157250685,
HST01,2023-01-07,42.58777372406042,
HST01,2023-01-08,53.84540721330242,
HST01,2023-01-09,50.37475041486329,
HST01,2023-01-10,48.39012199376002,
HST01,2023-01-11,26.17467713961484,
HST01,2023-01-12,31.508255081955294,
HST01,2023-01-13,28.859552984820265,
HST01,2023-01-14,30.191267895322355,
HST01,2023-01-15,34.85450316539444,
HST01,2023-01-16,34.420084779675015,
HST01,2023-01-17,67.06636715822016,
HST01,2023-01-18,25.024754512911827,
HST01,2023-01-19,16.756388956135975,
HST01,2023-01-20,14.987337961855257,
HST01,2023-01-21,30.212502585809858,
HST01,2023-01-22,39.089795987890376,
HST01,2023-01-23,37.72753905268382,
HST01,2023-01-24,45.48025097714304,
HST01,2023-01-25,32.99779158075289,
HST01,2023-01-26,26.090783584793783,
HST01,2023-01-27,42.668285461427125,
HST01,2023-01-28,56.11503902080475,
HST01,2023-01-29,47.67367567127725,
HST01,2023-01-30,31.440103518579477,
HST01,2023-01-31,20.300738851395153,
HST01,2023-02-01,31.367076581558926,
HST01,2023-02-02,25.765275464986907,
HST01,2023-02-03,37.65043039426055,
HST01,2023-02-04,55.41015611476245,
HST01,2023-02-05,68.68300940607868,
HST01,2023-02-06,122.81656525450275,
HST01,2023-02-07,83.68778566718963,
HST01,2023-02-08,17.907730473768503,
HST01,2023-02-09,113.47512146533103,
HST01,2023-02-10,74.58733924600412,
HST01,2023-02-11,48.80381612467213,
HST01,2023-02-12,319.69337355899705,
HST01,2023-02-13,133.68688806983167,
HST01,2023-02-14,97.89380791034695,
HST01,2023-02-15,35.98452888307245,
HST01,2023-02-16,122.74925558750853,
HST01,2023-02-17,84.99699393885939,
HST01,2023-02-18,60.85854144161252,
HST01,2023-02-19,99.84373293941806,
HST01,2023-02-20,133.22758268205615,
HST01,2023-02-21,105.53605282370437,
HST01,2023-02-22,23.878277921261894,
HST01,2023-02-23,55.041963128887836,
HST01,2023-02-24,105.06329785261988,
HST01,2023-02-25,66.18143473807119,
HST01,2023-02-26,93.28867343690533,
HST01,2023-02-27,129.0702117499103,
HST01,2023-02-28,105.23193693592462,
HST01,2023-03-01,34.95838632231736,
HST01,2023-03-02,28.24720292429799,
HST01,2023-03-03,22.555884387635025,
HST01,2023-03-04,29.60961301588125,
HST01,2023-03-05,65.7337509301055,
HST01,2023-03-06,19.52980575507909,
HST01,2023-03-07,16.7197564372966,
HST01,2023-03-08,12.341207197012606,
HST01,2023-03-09,15.988231975181913,
HST01,2023-03-10,18.61536080144218,
HST01,2023-03-11,24.970279739196542,
HST01,2023-03-12,23.121137279882124,
HST01,2023-03-13,32.640566456753994,
HST01,2023-03-14,24.542352146153316,
HST01,2023-03-15,19.296318372068175,
HST01,2023-03-16,19.404773075134198,
HST01,2023-03-17,39.41969332112372,
HST01,2023-03-18,38.74272193823048,
HST01,2023-03-19,66.43378414813746,
HST01,2023-03-20,102.09292867964197,
HST01,2023-03-21,91.94398946010168,
HST01,2023-03-22,24.84427222382766,
HST01,2023-03-23,93.74472927232762,
HST01,2023-03-24,93.7611891466976,
HST01,2023-03-25,28.28763704897571,
HST01,2023-03-26,69.50543075037531,
HST01,2023-03-27,67.54366859005437,
HST01,2023-03-28,120.17626991878669,
HST01,2023-03-29,114.22955892908371,
HST01,2023-03-30,40.872603497208125,
HST01,2023-03-31,31.971170388074995,
HST01,2023-04-01,50.84608168713712,
HST01,2023-04-02,59.416393583126144,
HST01,2023-04-03,33.318240144137775,
HST01,2023-04-04,33.91726107278487,
HST01,2023-04-05,34.15993474708825,
HST01,2023-04-06,47.554608240474714,
HST01,2023-04-07,42.613398185848574,
HST01,2023-04-08,41.93512240423976,
HST01,2023-04-09,39.376681293485376,
HST01,2023-04-10,38.83387629444629,
HST01,2023-04-11,91.96686286912025,
HST01,2023-04-12,90.55453841058696,
HST01,2023-04-13,95.07496115512403,
HST01,2023-04-14,76.54162738529674,
HST01,2023-04-15,40.977403288590025,
HST01,2023-04-16,48.771276413486916,
HST01,2023-04-17,39.30917391882844,
HST01,2023-04-18,39.87530085339083,
HST01,2023-04-19,33.246054074873456,
HST01,2023-04-20,58.406330679834014,
HST01,2023-04-21,46.33904008145973,
HST01,2023-04-22,43.05910895222281,
HST01,2023-04-23,41.701018444666246,
HST01,2023-04-24,27.48089509439598,
HST01,2023-04-25,39.12347510343347,
HST01,2023-04-26,35.715766888576795,
HST01,2023-04-27,53.51774082426184,
HST01,2023-04-28,49.667773967151525,
HST01,2023-04-29,54.3395363072432,
HST01,2023-04-30,88.15753322732614,
HST01,2023-05-01,56.647002884158375,
HST01,2023-05-02,28.971714239576297,
HST01,2023-05-03,75.114845971278,
HST01,2023-05-04,64.98975477189639,
HST01,2023-05-05,41.980164093288984,
HST01,2023-05-06,36.729223213841394,
HST01,2023-05-07,31.346372409605635,
HST01,2023-05-08,46.47592036810685,
HST01,2023-05-09,79.97527820860866,
HST01,2023-05-10,107.02044265973463,
HST01,2023-05-11,104.22043532574048,
HST01,2023-05-12,35.16872676487707,
HST01,2023-05-13,53.514759624958565,
HST01,2023-05-14,36.278210682355336,
HST01,2023-05-15,33.712789016033696,
HST01,2023-05-16,50.96434160371401,
HST01,2023-05-17,26.723784211397348,
HST01,2023-05-18,51.8699065611657,
HST01,2023-05-19,63.393116624480896,
HST01,2023-05-20,50.92890382753064,
HST01,2023-05-21,55.73513647481933,
HST01,2023-05-22,44.87980626340205,
HST01,2023-05-23,53.291218136655054,
HST01,2023-05-24,87.91445931764098,
HST01,2023-05-25,80.72936226991449,
HST01,2023-05-26,64.99220001009373,
HST01,2023-05-27,58.263740079010745,
HST01,2023-05-28,64.96385509463329,
HST01,2023-05-29,47.90083557172426,
HST01,2023-05-30,36.603416321830984,
HST01,2023-05-31,107.16714888283374,
HST01,2023-06-01,40.916869021837705,
HST01,2023-06-02,50.902180581537024,
HST01,2023-06-03,47.13846982121121,
HST01,2023-06-04,47.703546779016534,
HST01,2023-06-05,50.32752155784868,
HST01,2023-06-06,53.99269566204917,
HST01,2023-06-07,29.377041739049165,
HST01,2023-06-08,71.58874692754512,
HST01,2023-06-09,71.5490908439443,
HST01,2023-06-10,49.95387290584104,
HST01,2023-06-11,59.43196167634897,
HST01,2023-06-12,41.6368129903988,
HST01,2023-06-13,46.34398790856088,
HST01,2023-06-14,41.9370572332597,
HST01,2023-06-15,86.03362380367004,
HST01,2023-06-16,56.067159238505845,
HST01,2023-06-17,57.89717000470565,
HST01,2023-06-18,50.74536341158541,
HST01,2023-06-19,46.11009813431967,
HST01,2023-06-20,31.475020472742006,
HST01,2023-06-21,36.268697186876054,
HST01,2023-06-22,38.23275887968586,
HST01,2023-06-23,59.06808161743489,
HST01,2023-06-24,61.30085325005317,
HST01,2023-06-25,43.22741028938746,
HST01,2023-06-26,37.23021826188275,
HST01,2023-06-27,92.97041290479699,
HST01,2023-06-28,81.89698529804562,
HST01,2023-06-29,94.91419373221197,
HST01,2023-06-30,57.67627767666611,
HST01,2023-07-01,63.335570244504765,
HST01,2023-07-02,44.251454745200014,
HST01,2023-07-03,32.44255656600447,
HST01,2023-07-04,26.860477409110135,
HST01,2023-07-05,26.725512637885476,
HST01,2023-07-06,30.517221093525997,
HST01,2023-07-07,75.14632308427815,
HST01,2023-07-08,66.46325682918878,
HST01,2023-07-09,41.06103817353674,
HST01,2023-07-10,34.5099322746711,
HST01,2023-07-11,32.93010361184298,
HST01,2023-07-12,16.818988915821254,
HST01,2023-07-13,19.693353878410754,
HST01,2023-07-14,43.03583874948834,
HST01,2023-07-15,44.11909223979583,
HST01,2023-07-16,21.138744748717865,
HST01,2023-07-17,8.581737577730761,
HST01,2023-07-18,14.535205881050798,
HST01,2023-07-19,22.22927211375114,
HST01,2023-07-20,35.4678957160514,
HST01,2023-07-21,39.475867293180585,
HST01,2023-07-22,39.77834159989018,
HST01,2023-07-23,23.30794479814406,
HST01,2023-07-24,23.59271598866624,
HST01,2023-07-25,31.39414275228777,
HST01,2023-07-26,27.142357349549627,
HST01,2023-07-27,34.1919362283443,
HST01,2023-07-28,32.392161239222794,
HST01,2023-07-29,39.847520645651905,
HST01,2023-07-30,33.20954475974388,
HST01,2023-07-31,35.767709895036134,
HST01,2023-08-01,38.816839058658765,
HST01,2023-08-02,37.73724065557203,
HST01,2023-08-03,36.062632818635755,
HST01,2023-08-04,35.71722446514403,
HST01,2023-08-05,38.443067694228645,
HST01,2023-08-06,39.23912979175383,
HST01,2023-08-07,39.019819616181366,
HST01,2023-08-08,32.8794940811039,
HST01,2023-08-09,22.20147301442405,
HST01,2023-08-10,38.252555917703056,
HST01,2023-08-11,34.146987988896704,
HST01,2023-08-12,38.9394537386124,
HST01,2023-08-13,37.35975672511729,
HST01,2023-08-14,36.36459342943441,
HST01,2023-08-15,45.05830006001956,
HST01,2023-08-16,32.87854280782519,
HST01,2023-08-17,31.52542275964901,
HST01,2023-08-18,37.56694057466825,
HST01,2023-08-19,37.37858618105783,
HST01,2023-08-20,53.26860068991246,
HST01,2023-08-21,51.80876439621283,
HST01,2023-08-22,33.76576395185754,
HST01,2023-08-23,42.09760820567565,
HST01,2023-08-24,48.02452567348115,
HST01,2023-08-25,55.315950579627184,
HST01,2023-08-26,52.40908380850831,
HST01,2023-08-27,50.79049582753048,
HST01,2023-08-28,69.29513577136565,
HST01,2023-08-29,77.44507384611623,
HST01,2023-08-30,65.3206104589349,
HST01,2023-08-31,40.65156817271525,
HST01,2023-09-01,94.79247103060948,
HST01,2023-09-02,31.341970575802385,
HST01,2023-09-03,32.84970940813158,
HST01,2023-09-04,24.409061614503596,
HST01,2023-09-05,42.60065869187522,
HST01,2023-09-06,51.652433285650424,
HST01,2023-09-07,37.340352449569025,
HST01,2023-09-08,30.799170437739175,
HST01,2023-09-09,38.24824450709982,
HST01,2023-09-10,31.43732795966893,
HST01,2023-09-11,51.195607372798435,
HST01,2023-09-12,60.688182077342766,
HST01,2023-09-13,22.5971354515859,
HST01,2023-09-14,44.28967378196751,
HST01,2023-09-15,35.2572937065867,
HST01,2023-09-16,36.16153381223394,
HST01,2023-09-17,41.48764394670859,
HST01,2023-09-18,57.11322235026682,
HST01,2023-09-19,73.24791943311739,
HST01,2023-09-20,85.98530103429056,
HST01,2023-09-21,43.45470687922444,
HST01,2023-09-22,46.77209408921821,
HST01,2023-09-23,34.71311149262352,
HST01,2023-09-24,19.74706675828929,
HST01,2023-09-25,22.01615543612788,
HST01,2023-09-26,45.65686799414933,
HST01,2023-09-27,25.28383104013874,
HST01,2023-09-28,36.61461091154806,
HST01,2023-09-29,34.70638195163971,
HST01,2023-09-30,36.198767795764034,
HST01,2023-10-01,39.87005694492472,
HST01,2023-10-02,41.29757996223103,
HST01,2023-10-03,46.657298335401,
HST01,2023-10-04,53.32285306981185,
HST01,2023-10-05,65.82558051302105,
HST01,2023-10-06,54.75315654154284,
HST01,2023-10-07,40.666140925467175,
HST01,2023-10-08,39.28861581104235,
HST01,2023-10-09,54.517043248155304,
HST01,2023-10-10,58.291134266165265,
HST01,2023-10-11,69.59861313068399,
HST01,2023-10-12,75.47217125590738,
HST01,2023-10-13,32.32284619815967,
HST01,2023-10-14,37.84119620546674,
HST01,2023-10-15,39.983783355293745,
HST01,2023-10-16,32.14617317246884,
HST01,2023-10-17,35.969357361007816,
HST01,2023-10-18,37.157200387350784,
HST01,2023-10-19,49.47981691262288,
HST01,2023-10-20,41.18345938881629,
HST01,2023-10-21,40.602380613893956,
HST01,2023-10-22,42.97054398147146,
HST01,2023-10-23,41.05059974141148,
HST01,2023-10-24,42.08815332316107,
HST01,2023-10-25,42.12053917910379,
HST01,2023-10-26,41.88258319675522,
HST01,2023-10-27,40.889816493595454,
HST01,2023-10-28,37.789058340426465,
HST01,2023-10-29,54.92846644430746,
HST01,2023-10-30,48.58656864271615,
HST01,2023-10-31,48.63188673593397,
HST01,2023-11-01,35.30476630241894,
HST01,2023-11-02,60.92359881242848,
HST01,2023-11-03,39.70539221190624,
HST01,2023-11-04,40.43939007360424,
HST01,2023-11-05,58.251061352135615,
HST01,2023-11-06,79.35094611804793,
HST01,2023-11-07,106.19915483580684,
HST01,2023-11-08,67.74034496774746,
HST01,2023-11-09,80.05823386237977,
HST01,2023-11-10,54.21322173624709,
HST01,2023-11-11,51.63696557419794,
HST01,2023-11-12,53.5035117668625,
HST01,2023-11-13,68.42624229431006,
HST01,2023-11-14,103.11396732530662,
HST01,2023-11-15,82.92609934019629,
HST01,2023-11-16,70.53533576949947,
HST01,2023-11-17,57.11508103945509,
HST01,2023-11-18,51.31493854518061,
HST01,2023-11-19,48.30688321796042,
HST01,2023-11-20,72.73891326050301,
HST01,2023-11-21,34.75959662093501,
HST01,2023-11-22,26.179989134892544,
HST01,2023-11-23,25.958418388521903,
HST01,2023-11-24,38.076166662777744,
HST01,2023-11-25,41.147211303880624,
HST01,2023-11-26,33.494552550978604,
HST01,2023-11-27,88.40745429061896,
HST01,2023-11-28,80.07024645371185,
HST01,2023-11-29,26.012174092966625,
HST01,2023-11-30,28.437171354150394,
HST01,2023-12-01,28.115157234976408,
HST01,2023-12-02,38.35026913625568,
HST01,2023-12-03,100.68375143215208,
HST01,2023-12-04,33.90272938399834,
HST01,2023-12-05,20.54573092662017,
HST01,2023-12-06,14.837129230689527,
HST01,2023-12-07,20.101926875990234,
HST01,2023-12-08,26.138331780501364,
HST01,2023-12-09,41.85898264269391,
HST01,2023-12-10,31.11046233523667,
HST01,2023-12-11,18.95680543214825,
HST01,2023-12-12,20.04469794591676,
HST01,2023-12-13,16.37361854183682,
HST01,2023-12-14,21.49904037396119,
HST01,2023-12-15,37.33726012447147,
HST01,2023-12-16,49.200481426093575,
HST01,2023-12-17,44.11009191066009,
HST01,2023-12-18,39.561036023371656,
HST01,2023-12-19,27.02934712263938,
HST01,2023-12-20,27.53686976489448,
HST01,2023-12-21,34.73722250813151,
HST01,2023-12-22,58.687178494933505,
HST01,2023-12-23,38.86399300583561,
HST01,2023-12-24,40.38288477139321,
HST01,2023-12-25,74.34902889375677,
HST01,2023-12-26,83.66490786092129,
HST01,2023-12-27,79.6822871874682,
HST01,2023-12-28,89.37911107927924,
HST01,2023-12-29,71.6294385828295,
HST01,2023-12-30,51.124499488759845,
HST01,2023-12-31,42.37477840779915,
HST01,2024-01-01,73.25954195868161,
HST01,2024-01-02,51.305564373130096,
HST01,2024-01-03,48.46298715084283,
HST01,2024-01-04,38.88680685213525,
HST01,2024-01-05,26.452841135254467,
HST01,2024-01-06,34.498100075945146,
HST01,2024-01-07,48.147206181267045,
HST01,2024-01-08,33.06326592818239,
HST01,2024-01-09,20.569601859090632,
HST01,2024-01-10,22.864777023191873,
HST01,2024-01-11,24.022824814109413,
HST01,2024-01-12,46.47987800174188,
HST01,2024-01-13,43.97905120016507,
HST01,2024-01-14,63.51945982646233,
HST01,2024-01-15,46.043495385548745,
HST01,2024-01-16,50.95615095391194,
HST01,2024-01-17,23.154251331393063,
HST01,2024-01-18,47.34883082667447,
HST01,2024-01-19,38.513204436112666,
HST01,2024-01-20,47.70460480410423,
HST01,2024-01-21,90.98927859352199,
HST01,2024-01-22,52.40161347329841,
HST01,2024-01-23,33.34618118478694,
HST01,2024-01-24,42.26390836016174,
HST01,2024-01-25,24.647746381272004,
HST01,2024-01-26,43.937912878810785,
HST01,2024-01-27,56.51447338064257,
HST01,2024-01-28,80.63447112190781,
HST01,2024-01-29,59.684131482700046,
HST01,2024-01-30,33.76778026965389,
HST01,2024-01-31,20.94316738171035,
HST01,2024-02-01,21.62437748854423,
HST01,2024-02-02,39.21495747771449,
HST01,2024-02-03,43.66685382360813,
HST01,2024-02-04,56.5677873555289,
HST01,2024-02-05,31.461875763203945,
HST01,2024-02-06,38.16418489789189,
HST01,2024-02-07,22.400559195566075,
HST01,2024-02-08,28.497253809587697,
HST01,2024-02-09,39.73053852462749,
HST01,2024-02-10,43.20739505286098,
HST01,2024-02-11,40.431442825668555,
HST01,2024-02-12,70.82338429908445,
HST01,2024-02-13,58.634527600853616,
HST01,2024-02-14,59.598873410550055,
HST01,2024-02-15,41.687741280283326,
HST01,2024-02-16,49.354990639910234,
HST01,2024-02-17,51.491126717072575,
HST01,2024-02-18,76.40646972067557,
HST01,2024-02-19,146.14806769035684,
HST01,2024-02-20,118.20899026780494,
HST01,2024-02-21,29.760187978083266,
HST01,2024-02-22,37.16241013499938,
HST01,2024-02-23,65.5860821049637,
HST01,2024-02-24,55.72897843116846,
HST01,2024-02-25,93.73512137332047,
HST01,2024-02-26,137.94022962794523,
HST01,2024-02-27,114.99564060786929,
HST01,2024-02-28,60.98874326310602,
HST01,2024-02-29,124.9266281255767,
HST01,2024-03-01,47.15737527436511,
HST01,2024-03-02,51.62999461757375,
HST01,2024-03-03,362.9152541323187,
HST01,2024-03-04,23.20528342794417,
HST01,2024-03-05,14.72892415160717,
HST01,2024-03-06,26.41785772599142,
HST01,2024-03-07,19.815320550954574,
HST01,2024-03-08,17.4080900615597,
HST01,2024-03-09,31.70902587791645,
HST01,2024-03-10,34.63138026883412,
HST01,2024-03-11,18.844064662616304,
HST01,2024-03-12,35.069018028055744,
HST01,2024-03-13,22.056909727778994,
HST01,2024-03-14,20.50989742661927,
HST01,2024-03-15,18.237300776927395,
HST01,2024-03-16,27.141288232590853,
HST01,2024-03-17,55.33278782279064,
HST01,2024-03-18,25.91546807867231,
HST01,2024-03-19,34.31979851166066,
HST01,2024-03-20,60.69302003327368,
HST01,2024-03-21,56.84911367807894,
HST01,2024-03-22,33.46462512443473,
HST01,2024-03-23,47.596128837779105,
HST01,2024-03-24,38.407358701508606,
HST01,2024-03-25,13.321758352813774,
HST01,2024-03-26,34.221204590504705,
HST01,2024-03-27,21.50982116264747,
HST01,2024-03-28,42.56375830210128,
HST01,2024-03-29,39.99901539423692,
HST01,2024-03-30,40.40037506860137,
HST01,2024-03-31,78.81535155486216,
HST01,2024-04-01,41.353693198659556,
HST01,2024-04-02,62.187200094081135,
HST01,2024-04-03,74.31571478144295,
HST01,2024-04-04,76.03236056222076,
HST01,2024-04-05,59.330876298881144,
HST01,2024-04-06,57.03818960516815,
HST01,2024-04-07,72.4635575862326,
HST01,2024-04-08,54.3970519160921,
HST01,2024-04-09,97.27453197486237,
HST01,2024-04-10,98.17871188860121,
HST01,2024-04-11,73.17633952177154,
HST01,2024-04-12,53.10428501615752,
HST01,2024-04-13,46.342428273628016,
HST01,2024-04-14,49.47955889233328,
HST01,2024-04-15,47.395510723608766,
HST01,2024-04-16,92.49110460885703,
HST01,2024-04-17,96.02218059924482,
HST01,2024-04-18,73.33907929284995,
HST01,2024-04-19,110.828415819948,
HST01,2024-04-20,36.28115690154464,
HST01,2024-04-21,49.05783194679428,
HST01,2024-04-22,42.426449591116935,
HST01,2024-04-23,75.94566914164668,
HST01,2024-04-24,69.90307808055596,
HST01,2024-04-25,40.18936635947486,
HST01,2024-04-26,46.958048712039506,
HST01,2024-04-27,48.314914036755276,
HST01,2024-04-28,56.880781071794694,
HST01,2024-04-29,53.06301557016426,
HST01,2024-04-30,77.18713344733283,
HST01,2024-05-01,70.93007891271024,
HST01,2024-05-02,65.98237393248793,
HST01,2024-05-03,61.09579708142051,
HST01,2024-05-04,40.76076686419226,
HST01,2024-05-05,44.23661243432181,
HST01,2024-05-06,198.42973878841545,
HST01,2024-05-07,40.31782168266367,
HST01,2024-05-08,37.26550235056764,
HST01,2024-05-09,60.418858548787966,
HST01,2024-05-10,34.06525532322324,
HST01,2024-05-11,45.786400790269006,
HST01,2024-05-12,61.36033485094218,
HST01,2024-05-13,51.97312824084245,
HST01,2024-05-14,40.23539504346598,
HST01,2024-05-15,41.66418857964655,
HST01,2024-05-16,71.46869292581474,
HST01,2024-05-17,40.267705007872905,
HST01,2024-05-18,52.221591029760674,
HST01,2024-05-19,64.57612541475609,
HST01,2024-05-20,40.72044504327365,
HST01,2024-05-21,56.34020802635163,
HST01,2024-05-22,42.66979319873129,
HST01,2024-05-23,51.55440712287969,
HST01,2024-05-24,48.286295250735165,
HST01,2024-05-25,56.55669407733,
HST01,2024-05-26,57.66885246167583,
HST01,2024-05-27,35.22530990648403,
HST01,2024-05-28,73.83851439290396,
HST01,2024-05-29,78.62740935901408,
HST01,2024-05-30,51.47326717408337,
HST01,2024-05-31,46.62881545578153,
HST01,2024-06-01,49.56846392899821,
HST01,2024-06-02,60.271536033028276,
HST01,2024-06-03,48.10903822460317,
HST01,2024-06-04,34.80481993756597,
HST01,2024-06-05,38.797387543043925,
HST01,2024-06-06,54.975044905051796,
HST01,2024-06-07,49.0333919472555,
HST01,2024-06-08,41.77134715093722,
HST01,2024-06-09,64.50100658171269,48.55017066491763
HST01,2024-06-10,34.99049889191326,20.30842473943292
HST01,2024-06-11,33.57274991303088,27.648429667416682
HST01,2024-06-12,42.311473022242865,41.7273386899812
HST01,2024-06-13,53.37058175304671,56.97072604176863
HST01,2024-06-14,36.07075991197305,41.56789306338693
HST01,2024-06-15,53.794972858574354,47.27709008942975
HST01,2024-06-16,47.02922144056334,58.87175897023942
HST01,2024-06-17,51.081730490523995,47.63942814332154
HST01,2024-06-18,44.117451710740475,43.04168980866917
HST01,2024-06-19,23.456387642721573,19.58524280237455
HST01,2024-06-20,41.388634350415224,42.44973938247041
HST01,2024-06-21,36.80692488219977,32.97438733660573
HST01,2024-06-22,47.66162648248442,43.464715549382085
HST01,2024-06-23,61.38169529187469,81.9903580396259
HST01,2024-06-24,58.67710554353758,63.162021884693374
HST01,2024-06-25,77.9134998962395,75.34884315912552
HST01,2024-06-26,57.36039761896024,64.15587618675666
HST01,2024-06-27,54.86779149481954,58.35805886788442
HST01,2024-06-28,40.2954835648032,40.55625379845147
HST01,2024-06-29,43.35975325243624,36.15404193636456
HST01,2024-06-30,834.5653022670766,880.7892954276189
HST01,2024-07-01,26.808827902676523,12.79803044267536
HST01,2024-07-02,41.16439479526578,32.020140352578665
HST01,2024-07-03,25.346359062805746,28.575089422966116
HST01,2024-07-04,23.413456483682122,20.307130072199364
HST01,2024-07-05,25.676535021661856,28.824166480180907
HST01,2024-07-06,29.901156661762645,36.34316972326302
HST01,2024-07-07,38.77633839871229,55.847391826626556
HST01,2024-07-08,29.893487715258168,44.65692154338877
HST01,2024-07-09,37.526002828181014,40.80996566833296
HST01,2024-07-10,37.19917493662201,45.33968375072783
HST01,2024-07-11,33.563857960285866,32.438581706436636
HST01,2024-07-12,51.28916923367247,46.92260819562911
HST01,2024-07-13,52.7311841276219,46.910965517399276
HST01,2024-07-14,78.21712331163303,93.24513887515586
HST01,2024-07-15,49.717849282656466,51.52260253042527
HST01,2024-07-16,62.08090191059786,44.2791751619272
HST01,2024-07-17,23.674524535880856,21.46582890165287
HST01,2024-07-18,47.309288956332615,28.016950480658373
HST01,2024-07-19,53.39390753770243,49.42424112780947
HST01,2024-07-20,38.261291375787074,42.66370296436286
HST01,2024-07-21,37.17678185169918,42.94005336011984
HST01,2024-07-22,40.62126157285565,38.008368448774
HST01,2024-07-23,41.80659105138746,44.19846404934781
HST01,2024-07-24,33.59387868750375,34.627603566903964
HST01,2024-07-25,38.94924756332231,34.648268721453924
HST01,2024-07-26,37.65356425193777,31.02242586283115
HST01,2024-07-27,43.87817383373458,36.70668093457447
HST01,2024-07-28,44.2079050370914,34.972054126077936
HST01,2024-07-29,45.22840207654934,38.275930054798906
HST01,2024-07-30,46.08370352002643,37.14718553119732
HST01,2024-07-31,42.837621062117435,34.63854165504856
HST01,2024-08-01,44.90644337629119,37.07285871746561
HST01,2024-08-02,47.228736265529584,37.19784601096229
HST01,2024-08-03,43.3686284826229,35.426380048401455
HST01,2024-08-04,37.22000859803811,25.8642698242026
HST01,2024-08-05,59.41112266064211,39.64018682269929
HST01,2024-08-06,55.14793978384235,49.32690352106587
HST01,2024-08-07,37.287127996838485,31.029626379732623
HST01,2024-08-08,49.421099713784145,39.413323970452524
HST01,2024-08-09,59.500689928953534,45.94699101822746
HST01,2024-08-10,60.2463309134825,48.48624778929452
HST01,2024-08-11,72.260360626321,56.00853021949967
HST01,2024-08-12,76.62507692789762,64.46658163954929
HST01,2024-08-13,80.45881180935288,71.95762006807882
HST01,2024-08-14,58.837558809248826,45.78922735715543
HST01,2024-08-15,51.29505109563257,39.058911333106565
HST01,2024-08-16,53.51482791977263,43.53528907246346
HST01,2024-08-17,54.91149717036354,45.001745726444454
HST01,2024-08-18,75.05316905751545,54.469756152978675
HST01,2024-08-19,75.59413849477657,52.33704973789984
HST01,2024-08-20,59.961046805937414,42.323538647376296
HST01,2024-08-21,42.101132562963606,31.947410041775377
HST01,2024-08-22,51.47453196086177,44.84453342065642
HST01,2024-08-23,48.87294609029611,39.30218495125806
HST01,2024-08-24,54.41858807272248,45.68755378779325
HST01,2024-08-25,65.64280244076349,70.27187325839797
HST01,2024-08-26,54.667355742858156,44.916757750845726
HST01,2024-08-27,81.23726017545691,68.21723809263352
HST01,2024-08-28,50.25316483580014,48.768129384660554
HST01,2024-08-29,53.22388117063891,47.98995312984151
HST01,2024-08-30,47.132422349674016,41.98885948778785
HST01,2024-08-31,49.42262791667019,45.83206350458472
HST01,2024-09-01,40.13118612696507,37.167176244042885
HST01,2024-09-02,47.78096397464232,25.980422504130967
HST01,2024-09-03,55.105894466638546,39.74398487346988
HST01,2024-09-04,57.5456369552902,53.42349675737754
HST01,2024-09-05,41.8031325064685,48.70992288282232
HST01,2024-09-06,26.480415846887592,29.04297796167719
HST01,2024-09-07,34.76215357252264,33.22542447824434
HST01,2024-09-08,39.019179174450834,30.36098252464266
HST01,2024-09-09,52.19570224355493,47.962904581565965
HST01,2024-09-10,49.75185944089106,48.89729611379562
HST01,2024-09-11,23.22152405499092,20.475064969698984
HST01,2024-09-12,18.27512295088458,15.071006903436746
HST01,2024-09-13,16.833488372363043,11.818949388406827
HST01,2024-09-14,35.92688711722211,25.03291787327847
HST01,2024-09-15,42.925561587849536,42.070291159552966
HST01,2024-09-16,45.50796661305446,46.62987746260451
HST01,2024-09-17,33.453901132969726,42.68310516857591
HST01,2024-09-18,48.12491580833749,52.66760709145827
HST01,2024-09-19,41.53132612445087,41.64933660757314
HST01,2024-09-20,29.758096721460284,37.456366986113345
HST01,2024-09-21,28.971574502038983,26.229748231609967
HST01,2024-09-22,55.71311212545328,61.85308308020767
HST01,2024-09-23,49.447588318887114,46.78700157663687
HST01,2024-09-24,55.28398618680907,63.31081527165217
HST01,2024-09-25,59.33803585380325,67.46151279917481
HST01,2024-09-26,47.964694157815494,57.668110540675364
HST01,2024-09-27,42.38235367287492,55.39767256652442
HST01,2024-09-28,50.44799042932495,52.867141871025744
HST01,2024-09-29,54.3981390023447,55.62391019476049
HST01,2024-09-30,93.8998567324314,95.73526588050521
RHK01,2023-01-01,29.303293714208795,
RHK01,2023-01-02,20.791010880745066,
RHK01,2023-01-03,17.86346273758202,
RHK01,2023-01-04,22.171140912217187,
RHK01,2023-01-05,26.931627391501824,
RHK01,2023-01-06,33.6094048498542,
RHK01,2023-01-07,34.41585096379147,
RHK01,2023-01-08,28.550619297044477,
RHK01,2023-01-09,48.01501793884799,
RHK01,2023-01-10,42.963886560682404,
RHK01,2023-01-11,35.64541425883606,
RHK01,2023-01-12,31.20366243353227,
RHK01,2023-01-13,25.864332978369895,
RHK01,2023-01-14,24.595263359488943,
RHK01,2023-01-15,29.690373666685762,
RHK01,2023-01-16,41.49066871578825,
RHK01,2023-01-17,40.10078012124392,
RHK01,2023-01-18,17.127303425259147,
RHK01,2023-01-19,12.023001993941772,
RHK01,2023-01-20,13.602072347553307,
RHK01,2023-01-21,23.503531526947523,
RHK01,2023-01-22,30.72860081617764,
RHK01,2023-01-23,37.02261506269553,
RHK01,2023-01-24,25.492082302712845,
RHK01,2023-01-25,12.525333481148397,
RHK01,2023-01-26,20.02014823436189,
RHK01,2023-01-27,20.482625672691583,
RHK01,2023-01-28,27.41699186757573,
RHK01,2023-01-29,34.70503415189545,
RHK01,2023-01-30,30.907789955232285,
RHK01,2023-01-31,40.53138648469318,
RHK01,2023-02-01,33.528134801473584,
RHK01,2023-02-02,31.356734324532336,
RHK01,2023-02-03,28.610534333234597,
RHK01,2023-02-04,31.21716605191359,
RHK01,2023-02-05,29.493826160212507,
RHK01,2023-02-06,32.163813869738206,
RHK01,2023-02-07,35.57417211530375,
RHK01,2023-02-08,28.19787540421317,
RHK01,2023-02-09,29.816253661356022,
RHK01,2023-02-10,48.10740403566542,
RHK01,2023-02-11,45.24770136919767,
RHK01,2023-02-12,51.101672430835535,
RHK01,2023-02-13,50.04133475164903,
RHK01,2023-02-14,36.64441512628279,
RHK01,2023-02-15,37.32599053585937,
RHK01,2023-02-16,42.00176923972667,
RHK01,2023-02-17,38.55321232865778,
RHK01,2023-02-18,42.69704242098979,
RHK01,2023-02-19,45.44408597099478,
RHK01,2023-02-20,39.12611968070995,
RHK01,2023-02-21,47.000680763019034,
RHK01,2023-02-22,37.666343895654194,
RHK01,2023-02-23,44.520223696639974,
RHK01,2023-02-24,49.20667636607199,
RHK01,2023-02-25,49.698921991264136,
RHK01,2023-02-26,57.42861647212206,
RHK01,2023-02-27,55.946190959436564,
RHK01,2023-02-28,48.85123226943897,
RHK01,2023-03-01,51.07370890350678,
RHK01,2023-03-02,50.85758522308077,
RHK01,2023-03-03,40.62465266461727,
RHK01,2023-03-04,34.441121403162995,
RHK01,2023-03-05,41.19945277035952,
RHK01,2023-03-06,39.85352413834173,
RHK01,2023-03-07,36.75908336916698,
RHK01,2023-03-08,33.717663015510446,
RHK01,2023-03-09,35.37409537064695,
RHK01,2023-03-10,42.00311366563425,
RHK01,2023-03-11,31.86116733335837,
RHK01,2023-03-12,41.033846077599634,
RHK01,2023-03-13,51.869643031806646,
RHK01,2023-03-14,49.30195890739309,
RHK01,2023-03-15,35.90314862632292,
RHK01,2023-03-16,35.70472402266427,
RHK01,2023-03-17,45.94368851171126,
RHK01,2023-03-18,47.70181248094473,
RHK01,2023-03-19,43.2114871903119,
RHK01,2023-03-20,42.42299102739932,
RHK01,2023-03-21,38.68936329568842,
RHK01,2023-03-22,31.473355448733223,
RHK01,2023-03-23,39.78281792327085,
RHK01,2023-03-24,39.38004923583248,
RHK01,2023-03-25,49.16692486447525,
RHK01,2023-03-26,50.55078610649443,
RHK01,2023-03-27,53.947746524190066,
RHK01,2023-03-28,44.186712267340766,
RHK01,2023-03-29,44.63717425211753,
RHK01,2023-03-30,55.461399954833254,
RHK01,2023-03-31,51.69174916748162,
RHK01,2023-04-01,54.59392550709702,
RHK01,2023-04-02,46.3270242231631,
RHK01,2023-04-03,38.78600248442702,
RHK01,2023-04-04,24.318867824134745,
RHK01,2023-04-05,25.900363654321275,
RHK01,2023-04-06,31.96831676873085,
RHK01,2023-04-07,46.27720155624787,
RHK01,2023-04-08,44.98996593343133,
RHK01,2023-04-09,48.50144432862409,
RHK01,2023-04-10,46.78960277512608,
RHK01,2023-04-11,37.530603497277234,
RHK01,2023-04-12,38.98102401790488,
RHK01,2023-04-13,40.79212364815749,
RHK01,2023-04-14,54.486033569956426,
RHK01,2023-04-15,51.39015758270567,
RHK01,2023-04-16,53.03284009264389,
RHK01,2023-04-17,49.64234456180266,
RHK01,2023-04-18,39.43780687209259,
RHK01,2023-04-19,42.17343127833632,
RHK01,2023-04-20,48.38509047067854,
RHK01,2023-04-21,50.16162508449289,
RHK01,2023-04-22,42.698007872669784,
RHK01,2023-04-23,43.53448392461067,
RHK01,2023-04-24,55.4234095200391,
RHK01,2023-04-25,46.057070804035625,
RHK01,2023-04-26,55.31554341740381,
RHK01,2023-04-27,50.589307265379105,
RHK01,2023-04-28,45.97113646193654,
RHK01,2023-04-29,47.620371339140746,
RHK01,2023-04-30,55.26891693461412,
RHK01,2023-05-01,49.513027951083984,
RHK01,2023-05-02,45.71446763741562,
RHK01,2023-05-03,41.65536622285235,
RHK01,2023-05-04,29.868640913957467,
RHK01,2023-05-05,24.266916635139395,
RHK01,2023-05-06,32.58817752364077,
RHK01,2023-05-07,40.26673451515573,
RHK01,2023-05-08,30.739335031144346,
RHK01,2023-05-09,33.15085990801527,
RHK01,2023-05-10,34.158791533647666,
RHK01,2023-05-11,40.23292376992162,
RHK01,2023-05-12,45.04709728024348,
RHK01,2023-05-13,42.11198382568895,
RHK01,2023-05-14,30.81004761180525,
RHK01,2023-05-15,32.660015751773415,
RHK01,2023-05-16,23.545268212462066,
RHK01,2023-05-17,34.43818712962753,
RHK01,2023-05-18,46.95380172312743,
RHK01,2023-05-19,45.181561254464896,
RHK01,2023-05-20,34.56880372563034,
RHK01,2023-05-21,45.7032380026889,
RHK01,2023-05-22,36.95598153908743,
RHK01,2023-05-23,33.254934281261086,
RHK01,2023-05-24,31.785573540276488,
RHK01,2023-05-25,41.47476496100818,
RHK01,2023-05-26,46.85437576664349,
RHK01,2023-05-27,43.17187845712857,
RHK01,2023-05-28,47.37882255725247,
RHK01,2023-05-29,45.117706619939355,
RHK01,2023-05-30,29.052580293865308,
RHK01,2023-05-31,41.906987542403684,
RHK01,2023-06-01,35.216251209304616,
RHK01,2023-06-02,41.33830720015176,
RHK01,2023-06-03,42.291882440526166,
RHK01,2023-06-04,56.962008625555676,
RHK01,2023-06-05,50.3934267056284,
RHK01,2023-06-06,53.92002142758676,
RHK01,2023-06-07,50.60106490384184,
RHK01,2023-06-08,50.48981156894243,
RHK01,2023-06-09,41.838980707620166,
RHK01,2023-06-10,37.45430203399721,
RHK01,2023-06-11,43.96400531225802,
RHK01,2023-06-12,24.6034288910546,
RHK01,2023-06-13,36.48407836876486,
RHK01,2023-06-14,35.16415218730703,
RHK01,2023-06-15,46.98813844410061,
RHK01,2023-06-16,40.69590382082689,
RHK01,2023-06-17,34.81359216178809,
RHK01,2023-06-18,41.44208492718322,
RHK01,2023-06-19,37.25032522273558,
RHK01,2023-06-20,39.11182691697734,
RHK01,2023-06-21,39.433044721299396,
RHK01,2023-06-22,28.1736153755071,
RHK01,2023-06-23,40.06303935490147,
RHK01,2023-06-24,37.55516765974879,
RHK01,2023-06-25,34.02840204733728,
RHK01,2023-06-26,30.36326848541352,
RHK01,2023-06-27,38.74400551480001,
RHK01,2023-06-28,43.70790424991949,
RHK01,2023-06-29,44.08681822985162,
RHK01,2023-06-30,33.41577549340513,
RHK01,2023-07-01,29.383185149752116,
RHK01,2023-07-02,30.684785758986205,
RHK01,2023-07-03,23.078219966110925,
RHK01,2023-07-04,27.47366932707604,
RHK01,2023-07-05,33.935562975574044,
RHK01,2023-07-06,41.59200713313209,
RHK01,2023-07-07,40.06124688388187,
RHK01,2023-07-08,39.63294562747643,
RHK01,2023-07-09,38.45772682153355,
RHK01,2023-07-10,41.93563324072484,
RHK01,2023-07-11,41.222068664606724,
RHK01,2023-07-12,25.547411845193434,
RHK01,2023-07-13,32.22258758441164,
RHK01,2023-07-14,25.89900599070743,
RHK01,2023-07-15,25.2817579544511,
RHK01,2023-07-16,19.8917915875497,
RHK01,2023-07-17,22.269993727819003,
RHK01,2023-07-18,19.82346639085317,
RHK01,2023-07-19,34.36792886080431,
RHK01,2023-07-20,34.18054711053335,
RHK01,2023-07-21,36.95399538088812,
RHK01,2023-07-22,33.038314002733415,
RHK01,2023-07-23,24.32373087378325,
RHK01,2023-07-24,23.700287319052908,
RHK01,2023-07-25,22.380153807292434,
RHK01,2023-07-26,27.04520234790575,
RHK01,2023-07-27,31.224021038563865,
RHK01,2023-07-28,28.153496634040504,
RHK01,2023-07-29,32.01935327695872,
RHK01,2023-07-30,28.74041047831616,
RHK01,2023-07-31,30.5076412114226,
RHK01,2023-08-01,27.601710785522812,
RHK01,2023-08-02,28.322118272101733,
RHK01,2023-08-03,29.097011008306065,
RHK01,2023-08-04,31.539561051357577,
RHK01,2023-08-05,30.53124583721196,
RHK01,2023-08-06,35.00236079303628,
RHK01,2023-08-07,34.93746725652542,
RHK01,2023-08-08,32.20615758079503,
RHK01,2023-08-09,33.681966438153445,
RHK01,2023-08-10,26.514697474140355,
RHK01,2023-08-11,26.020037567121538,
RHK01,2023-08-12,33.16298470498278,
RHK01,2023-08-13,35.50855042211827,
RHK01,2023-08-14,31.67315588949179,
RHK01,2023-08-15,35.70107626647776,
RHK01,2023-08-16,40.408738778202746,
RHK01,2023-08-17,33.718228811816076,
RHK01,2023-08-18,25.90216564388864,
RHK01,2023-08-19,29.559988286043733,
RHK01,2023-08-20,32.31528232773363,
RHK01,2023-08-21,31.63782102819549,
RHK01,2023-08-22,33.21799951750408,
RHK01,2023-08-23,26.758556260521498,
RHK01,2023-08-24,30.43299006928265,
RHK01,2023-08-25,39.82132055917646,
RHK01,2023-08-26,36.4923780302347,
RHK01,2023-08-27,47.59213682374768,
RHK01,2023-08-28,49.19531323612518,
RHK01,2023-08-29,41.091688124211196,
RHK01,2023-08-30,34.89842837121904,
RHK01,2023-08-31,28.445446444780345,
RHK01,2023-09-01,23.85462612800525,
RHK01,2023-09-02,34.72565645720499,
RHK01,2023-09-03,31.3122759241528,
RHK01,2023-09-04,23.520153672071082,
RHK01,2023-09-05,23.306674499370292,
RHK01,2023-09-06,21.91798423769549,
RHK01,2023-09-07,33.87786220173435,
RHK01,2023-09-08,34.621870821618906,
RHK01,2023-09-09,29.07991053040435,
RHK01,2023-09-10,36.698440557427105,
RHK01,2023-09-11,40.35960697708285,
RHK01,2023-09-12,21.273534462324466,
RHK01,2023-09-13,23.22764255711245,
RHK01,2023-09-14,30.057303770589606,
RHK01,2023-09-15,30.18495205873997,
RHK01,2023-09-16,28.143724757591613,
RHK01,2023-09-17,22.44866305593159,
RHK01,2023-09-18,19.714808064917225,
RHK01,2023-09-19,23.896144908447237,
RHK01,2023-09-20,34.52176592725566,
RHK01,2023-09-21,36.11066108767756,
RHK01,2023-09-22,31.06723358304033,
RHK01,2023-09-23,30.4418808570871,
RHK01,2023-09-24,37.58880854744273,
RHK01,2023-09-25,31.28857298168693,
RHK01,2023-09-26,30.312624305609837,
RHK01,2023-09-27,29.741772656293385,
RHK01,2023-09-28,29.90885287765031,
RHK01,2023-09-29,31.02781645892974,
RHK01,2023-09-30,39.499012931091926,
RHK01,2023-10-01,50.14910878714694,
RHK01,2023-10-02,47.08423329701153,
RHK01,2023-10-03,35.02481839009016,
RHK01,2023-10-04,27.152295384509454,
RHK01,2023-10-05,22.825532902289257,
RHK01,2023-10-06,34.17053728758049,
RHK01,2023-10-07,36.7862968561098,
RHK01,2023-10-08,42.603945029986676,
RHK01,2023-10-09,40.161635710073746,
RHK01,2023-10-10,29.01150684268621,
RHK01,2023-10-11,34.003002337473276,
RHK01,2023-10-12,45.39080371786755,
RHK01,2023-10-13,37.255629342138654,
RHK01,2023-10-14,32.53710682540195,
RHK01,2023-10-15,46.62109265100142,
RHK01,2023-10-16,39.36775752424,
RHK01,2023-10-17,30.878158130121815,
RHK01,2023-10-18,35.87986057669837,
RHK01,2023-10-19,43.95814559651332,
RHK01,2023-10-20,42.58879727333414,
RHK01,2023-10-21,37.67661512248206,
RHK01,2023-10-22,30.428135195372477,
RHK01,2023-10-23,27.56727943459134,
RHK01,2023-10-24,27.662079471874957,
RHK01,2023-10-25,35.21918142320535,
RHK01,2023-10-26,40.24461386947208,
RHK01,2023-10-27,43.193930433783834,
RHK01,2023-10-28,42.352747980629665,
RHK01,2023-10-29,54.78721140145866,
RHK01,2023-10-30,44.127374711343464,
RHK01,2023-10-31,26.89549513595203,
RHK01,2023-11-01,47.19534034889653,
RHK01,2023-11-02,48.20551527763443,
RHK01,2023-11-03,49.043407484158564,
RHK01,2023-11-04,41.01629020008424,
RHK01,2023-11-05,43.065839429585075,
RHK01,2023-11-06,31.495191803011792,
RHK01,2023-11-07,21.367070596042154,
RHK01,2023-11-08,22.802978099321614,
RHK01,2023-11-09,34.38942167796646,
RHK01,2023-11-10,29.94179749473931,
RHK01,2023-11-11,37.74862331381781,
RHK01,2023-11-12,37.85221559971985,
RHK01,2023-11-13,37.58577640672584,
RHK01,2023-11-14,38.00778452308405,
RHK01,2023-11-15,25.989022319676252,
RHK01,2023-11-16,39.60122551974424,
RHK01,2023-11-17,49.32513062929602,
RHK01,2023-11-18,42.440405886570375,
RHK01,2023-11-19,26.18556665565838,
RHK01,2023-11-20,31.457468619552923,
RHK01,2023-11-21,24.349678713932573,
RHK01,2023-11-22,27.80930982279835,
RHK01,2023-11-23,45.00575516946833,
RHK01,2023-11-24,44.79141292574781,
RHK01,2023-11-25,44.69908276494355,
RHK01,2023-11-26,37.25769712973355,
RHK01,2023-11-27,27.973723294021962,
RHK01,2023-11-28,27.594400384899497,
RHK01,2023-11-29,26.559422118742155,
RHK01,2023-11-30,31.94760639189726,
RHK01,2023-12-01,35.085371983295374,
RHK01,2023-12-02,27.566794415426102,
RHK01,2023-12-03,35.22601695537514,
RHK01,2023-12-04,37.17590965329562,
RHK01,2023-12-05,29.567044580994096,
RHK01,2023-12-06,25.462366677403406,
RHK01,2023-12-07,26.071915904778656,
RHK01,2023-12-08,34.47898337954657,
RHK01,2023-12-09,25.484291164669084,
RHK01,2023-12-10,25.52305837252048,
RHK01,2023-12-11,22.117564196651013,
RHK01,2023-12-12,23.739305309328234,
RHK01,2023-12-13,24.87410558676118,
RHK01,2023-12-14,31.99417401381059,
RHK01,2023-12-15,30.490035996234457,
RHK01,2023-12-16,42.675265840650894,
RHK01,2023-12-17,42.621677236887926,
RHK01,2023-12-18,43.04115624888614,
RHK01,2023-12-19,36.63532953146996,
RHK01,2023-12-20,26.331159313944756,
RHK01,2023-12-21,21.33168826213623,
RHK01,2023-12-22,22.494084664990975,
RHK01,2023-12-23,27.448542032934917,
RHK01,2023-12-24,35.2839181577233,
RHK01,2023-12-25,38.747065383319814,
RHK01,2023-12-26,38.38124563434394,
RHK01,2023-12-27,39.67321385582309,
RHK01,2023-12-28,42.22404520770436,
RHK01,2023-12-29,44.56648850806031,
RHK01,2023-12-30,39.20749964135056,
RHK01,2023-12-31,37.084393652906606,
RHK01,2024-01-01,27.08915080926096,
RHK01,2024-01-02,20.718073559899842,
RHK01,2024-01-03,18.20605873412373,
RHK01,2024-01-04,23.816112399957717,
RHK01,2024-01-05,21.171832393095904,
RHK01,2024-01-06,27.322402135367966,
RHK01,2024-01-07,36.171822920171714,
RHK01,2024-01-08,35.9813517004884,
RHK01,2024-01-09,40.82461658456157,
RHK01,2024-01-10,42.88955127711787,
RHK01,2024-01-11,30.804212176076863,
RHK01,2024-01-12,31.299713217427204,
RHK01,2024-01-13,39.36734636412535,
RHK01,2024-01-14,29.88673484156804,
RHK01,2024-01-15,21.544255128394557,
RHK01,2024-01-16,30.69479451292161,
RHK01,2024-01-17,30.79017343196006,
RHK01,2024-01-18,37.944995035198005,
RHK01,2024-01-19,46.30608588756837,
RHK01,2024-01-20,31.86438197605485,
RHK01,2024-01-21,39.1089388440218,
RHK01,2024-01-22,33.75310940428501,
RHK01,2024-01-23,18.712672765784358,
RHK01,2024-01-24,22.357420457732793,
RHK01,2024-01-25,30.328794048987785,
RHK01,2024-01-26,32.04245015186334,
RHK01,2024-01-27,30.685789408343595,
RHK01,2024-01-28,28.7923668026733,
RHK01,2024-01-29,36.042024384364495,
RHK01,2024-01-30,27.58238243285971,
RHK01,2024-01-31,24.882060277151517,
RHK01,2024-02-01,27.10824198979601,
RHK01,2024-02-02,30.78163461251714,
RHK01,2024-02-03,27.029620580048157,
RHK01,2024-02-04,22.183599392391393,
RHK01,2024-02-05,16.924221222710443,
RHK01,2024-02-06,25.411577958579336,
RHK01,2024-02-07,13.184754212611175,
RHK01,2024-02-08,21.6265730571649,
RHK01,2024-02-09,32.68741974164981,
RHK01,2024-02-10,36.550636427609675,
RHK01,2024-02-11,32.850085477035414,
RHK01,2024-02-12,30.422448884131494,
RHK01,2024-02-13,34.052184094678395,
RHK01,2024-02-14,50.065924427381965,
RHK01,2024-02-15,42.75694429287822,
RHK01,2024-02-16,49.787622738543,
RHK01,2024-02-17,52.91267004606638,
RHK01,2024-02-18,52.8624672677788,
RHK01,2024-02-19,31.0,
RHK01,2024-02-20,35.64712550712813,
RHK01,2024-02-21,36.89625167872681,
RHK01,2024-02-22,37.81926816252155,
RHK01,2024-02-23,41.428547760558615,
RHK01,2024-02-24,51.19550592133654,
RHK01,2024-02-25,56.25776048072561,
RHK01,2024-02-26,59.64444806617343,
RHK01,2024-02-27,55.57090309835858,
RHK01,2024-02-28,55.81917589794414,
RHK01,2024-02-29,55.4063261775814,
RHK01,2024-03-01,39.980748168410614,
RHK01,2024-03-02,34.58956713250591,
RHK01,2024-03-03,20.432867989232534,
RHK01,2024-03-04,19.407380393305026,
RHK01,2024-03-05,13.855023030796088,
RHK01,2024-03-06,16.240191825354863,
RHK01,2024-03-07,27.421847800851015,
RHK01,2024-03-08,48.917463318718305,
RHK01,2024-03-09,44.5625157933105,
RHK01,2024-03-10,34.85168190393504,
RHK01,2024-03-11,21.376235081947122,
RHK01,2024-03-12,24.29129423933122,
RHK01,2024-03-13,25.328671578168315,
RHK01,2024-03-14,27.880017429156176,
RHK01,2024-03-15,38.034762190901134,
RHK01,2024-03-16,37.485762697718584,
RHK01,2024-03-17,38.39272150505118,
RHK01,2024-03-18,27.617563302203507,
RHK01,2024-03-19,42.385074333890636,
RHK01,2024-03-20,26.83502031412573,
RHK01,2024-03-21,37.263101596220125,
RHK01,2024-03-22,45.9662284894393,
RHK01,2024-03-23,41.18891923762169,
RHK01,2024-03-24,40.89105999565129,
RHK01,2024-03-25,36.11519594798323,
RHK01,2024-03-26,37.718893690207764,
RHK01,2024-03-27,50.723875234985876,
RHK01,2024-03-28,38.98317051134869,
RHK01,2024-03-29,50.166082806549035,
RHK01,2024-03-30,50.94029882546482,
RHK01,2024-03-31,61.29336786697915,
RHK01,2024-04-01,43.23500010163795,
RHK01,2024-04-02,39.765349467340535,
RHK01,2024-04-03,36.99250962590758,
RHK01,2024-04-04,43.281088710982324,
RHK01,2024-04-05,44.274826965936946,
RHK01,2024-04-06,49.00738664284542,
RHK01,2024-04-07,51.242498188914965,
RHK01,2024-04-08,47.903222623086435,
RHK01,2024-04-09,36.14930162338038,
RHK01,2024-04-10,54.94682408958215,
RHK01,2024-04-11,56.64256119275091,
RHK01,2024-04-12,50.223384701267015,
RHK01,2024-04-13,45.20521730178997,
RHK01,2024-04-14,34.498953639302016,
RHK01,2024-04-15,35.33477260370804,
RHK01,2024-04-16,25.21432722516237,
RHK01,2024-04-17,23.94201636069188,
RHK01,2024-04-18,38.09989013580803,
RHK01,2024-04-19,47.91328313677495,
RHK01,2024-04-20,46.10390502239317,
RHK01,2024-04-21,34.976774387789646,
RHK01,2024-04-22,34.04111533016558,
RHK01,2024-04-23,38.59578139807727,
RHK01,2024-04-24,40.92255695099241,
RHK01,2024-04-25,51.99049472568974,
RHK01,2024-04-26,48.103228008818505,
RHK01,2024-04-27,51.24950077678657,
RHK01,2024-04-28,55.97848510084234,
RHK01,2024-04-29,48.52554071197262,
RHK01,2024-04-30,66.10818307509274,
RHK01,2024-05-01,62.86822239226734,
RHK01,2024-05-02,44.158337624937246,
RHK01,2024-05-03,47.13110435835455,
RHK01,2024-05-04,43.301354076183955,
RHK01,2024-05-05,42.95042157122962,
RHK01,2024-05-06,37.38967177798128,
RHK01,2024-05-07,28.057508447417447,
RHK01,2024-05-08,38.11279286355511,
RHK01,2024-05-09,46.73112468729664,
RHK01,2024-05-10,45.580449441482024,
RHK01,2024-05-11,40.597814306798135,
RHK01,2024-05-12,35.60968028063163,
RHK01,2024-05-13,46.932032258719545,
RHK01,2024-05-14,50.05332949835694,
RHK01,2024-05-15,52.38258898830879,
RHK01,2024-05-16,52.084353840686795,
RHK01,2024-05-17,49.90547399768142,
RHK01,2024-05-18,46.76085178089519,
RHK01,2024-05-19,46.57426573833323,
RHK01,2024-05-20,48.60824851148506,
RHK01,2024-05-21,37.05639501880943,
RHK01,2024-05-22,47.30946772128015,
RHK01,2024-05-23,48.531178464205276,
RHK01,2024-05-24,62.72602408739719,
RHK01,2024-05-25,47.97482958278065,
RHK01,2024-05-26,45.914232252586636,
RHK01,2024-05-27,45.227580485694,
RHK01,2024-05-28,37.589285473443226,
RHK01,2024-05-29,55.025486142939336,
RHK01,2024-05-30,56.68192783131761,
RHK01,2024-05-31,39.415287094707885,
RHK01,2024-06-01,40.60776828690039,
RHK01,2024-06-02,32.38059377621404,
RHK01,2024-06-03,49.575674124897745,
RHK01,2024-06-04,47.01714878609801,
RHK01,2024-06-05,47.81101098980484,
RHK01,2024-06-06,49.16422067067478,
RHK01,2024-06-07,44.086994998541726,
RHK01,2024-06-08,37.76347178363091,
RHK01,2024-06-09,38.246165390882155,31.875625083846987
RHK01,2024-06-10,35.813059653945324,32.79522553314421
RHK01,2024-06-11,36.187020994175114,33.60176518838951
RHK01,2024-06-12,36.1913168732983,39.96750452369128
RHK01,2024-06-13,40.85788507975025,40.47684788982686
RHK01,2024-06-14,44.15509191231484,44.318728197733954
RHK01,2024-06-15,42.070744634731625,42.75214244351381
RHK01,2024-06-16,37.314716278768735,38.92726347137375
RHK01,2024-06-17,37.49428262865007,31.51151488419544
RHK01,2024-06-18,30.170814214789644,31.833931259131205
RHK01,2024-06-19,44.58434355801732,41.77258924435626
RHK01,2024-06-20,50.870363375810854,54.16122017740635
RHK01,2024-06-21,44.9539827210717,47.1120059200368
RHK01,2024-06-22,38.57116848124537,39.442107837262
RHK01,2024-06-23,32.46534607817971,36.30359820334651
RHK01,2024-06-24,28.461541231089818,28.540565603835685
RHK01,2024-06-25,23.58438007608096,23.85868467200878
RHK01,2024-06-26,42.58005216045582,37.04413579020005
RHK01,2024-06-27,46.992221801402344,48.75253766936187
RHK01,2024-06-28,50.301210228706445,52.47581615646838
RHK01,2024-06-29,35.28749595115344,44.74262997962586
RHK01,2024-06-30,39.89730603135831,34.550534645293254
RHK01,2024-07-01,33.85529658992542,36.00372406877771
RHK01,2024-07-02,16.05301610961265,21.58732529674886
RHK01,2024-07-03,19.29317015476058,18.61201643741511
RHK01,2024-07-04,22.79931591087695,24.108752637528323
RHK01,2024-07-05,31.949303708718233,32.7085870530391
RHK01,2024-07-06,39.98728302243756,41.64659276519406
RHK01,2024-07-07,41.75119092272199,53.43745291667515
RHK01,2024-07-08,29.754755149401653,39.4690098124051
RHK01,2024-07-09,38.62038861561288,39.24235894777421
RHK01,2024-07-10,32.05328094488615,35.76490520762134
RHK01,2024-07-11,38.382945975103006,40.740271301390216
RHK01,2024-07-12,39.16564730214383,41.08663779655809
RHK01,2024-07-13,35.68563730689847,35.73832371457532
RHK01,2024-07-14,38.27403045191126,41.64752367081648
RHK01,2024-07-15,38.87213402836061,38.15611620144446
RHK01,2024-07-16,29.5161315450836,29.316040440492753
RHK01,2024-07-17,27.744699492559,31.943787584876215
RHK01,2024-07-18,37.97375369462042,40.39977384366505
RHK01,2024-07-19,31.42679950278226,36.64635375386575
RHK01,2024-07-20,26.04719097939546,30.4813885107496
RHK01,2024-07-21,36.364218180518186,34.71609570129586
RHK01,2024-07-22,43.69103657895844,41.15591535264526
RHK01,2024-07-23,44.67000103319554,47.154443391319305
RHK01,2024-07-24,38.931095031257705,40.00356603933861
RHK01,2024-07-25,36.87272717042376,37.070977331721444
RHK01,2024-07-26,41.899909503019494,40.42767545599405
RHK01,2024-07-27,32.738960646545465,31.84432459911966
RHK01,2024-07-28,31.855349429624717,29.263063017056773
RHK01,2024-07-29,33.344480129360484,30.10540062895811
RHK01,2024-07-30,30.58851621029317,28.738104618195347
RHK01,2024-07-31,34.81835438353044,34.388295314965866
RHK01,2024-08-01,35.21086534409695,34.04403084701575
RHK01,2024-08-02,32.9703233064091,30.95056684815171
RHK01,2024-08-03,34.57104133455414,31.582994315451835
RHK01,2024-08-04,30.55895184056809,28.61550995859546
RHK01,2024-08-05,34.28784340915686,29.157511493373903
RHK01,2024-08-06,34.133389893170616,30.971213020586912
RHK01,2024-08-07,34.947410139866925,33.725335108628016
RHK01,2024-08-08,33.500478221199145,32.04127131470369
RHK01,2024-08-09,35.619331834353005,35.448039954378835
RHK01,2024-08-10,34.242179444238154,31.888309864278916
RHK01,2024-08-11,40.88517930297353,36.02857758352185
RHK01,2024-08-12,43.3735329709371,39.884966740249844
RHK01,2024-08-13,39.29645065730702,38.20675754902476
RHK01,2024-08-14,45.22748469992907,46.51824369509664
RHK01,2024-08-15,40.09114042273252,38.70116110321202
RHK01,2024-08-16,41.92156945158438,45.539574524237175
RHK01,2024-08-17,37.059273611554275,35.62335332632693
RHK01,2024-08-18,44.19539028228425,40.881247738573165
RHK01,2024-08-19,47.8251043231887,41.999253764713075
RHK01,2024-08-20,43.78917989801217,39.19562977307872
RHK01,2024-08-21,36.376329779459326,36.38164018229827
RHK01,2024-08-22,39.52034751698971,36.047468263193906
RHK01,2024-08-23,43.32050209933075,39.36515819503803
RHK01,2024-08-24,38.257435691619136,38.545035624681496
RHK01,2024-08-25,48.27784692833773,45.38957271974347
RHK01,2024-08-26,52.009630993369626,44.002728956592435
RHK01,2024-08-27,50.592920987271995,48.32442014632148
RHK01,2024-08-28,51.07251892622464,47.20284308142892
RHK01,2024-08-29,41.657252536163334,41.23800792046878
RHK01,2024-08-30,32.48556219270479,30.90836144201037
RHK01,2024-08-31,26.186329335942197,29.01438121081928
RHK01,2024-09-01,31.499230464473907,33.065000561897584
RHK01,2024-09-02,25.468029137189415,30.4155755418857
RHK01,2024-09-03,20.395431122244123,24.299094159097415
RHK01,2024-09-04,23.167603642566583,28.843643695050776
RHK01,2024-09-05,21.613468618482788,27.01560100541828
RHK01,2024-09-06,24.23230648508798,28.89616673437286
RHK01,2024-09-07,24.90735600296986,33.93735142286609
RHK01,2024-09-08,32.72382139271782,37.92031597887985
RHK01,2024-09-09,25.290982612873034,34.778612722448884
RHK01,2024-09-10,19.953926207648863,22.761288988832415
RHK01,2024-09-11,26.74332274063783,32.726704355176246
RHK01,2024-09-12,11.553246803371362,18.652013984325304
RHK01,2024-09-13,25.9240241776126,18.558421082757754
RHK01,2024-09-14,34.09334633631482,36.077473794756884
RHK01,2024-09-15,36.7234383556247,38.14359789698177
RHK01,2024-09-16,32.669530892684215,36.43310749463362
RHK01,2024-09-17,34.31051641854752,40.4302722050664
RHK01,2024-09-18,38.98950842839709,39.25300665184169
RHK01,2024-09-19,40.73203842110805,46.30877164260141
RHK01,2024-09-20,30.103873628817198,29.519269651556375
RHK01,2024-09-21,23.15753627744839,29.531834865179707
RHK01,2024-09-22,37.97613793020917,41.38134675854102
RHK01,2024-09-23,38.725138066690064,40.066949077211795
RHK01,2024-09-24,30.70760396777097,35.189863656355016
RHK01,2024-09-25,24.39796359713521,24.402805873526724
RHK01,2024-09-26,54.62198395475929,53.80802402503247
RHK01,2024-09-27,56.18143234142723,55.05132337613456
RHK01,2024-09-28,41.699735961501986,45.19428896010943
RHK01,2024-09-29,51.792511056185944,47.38797981438621
RHK01,2024-09-30,55.9032221807809,49.10228805882496
RHK12,2023-01-02,5.984505360550994,
RHK12,2023-01-03,32.88795700861037,
RHK12,2023-01-04,28.47389751372112,
RHK12,2023-01-05,36.64637542605946,
RHK12,2023-01-06,49.45077656581087,
RHK12,2023-01-07,88.48443186303638,
RHK12,2023-01-08,66.71796842911631,
RHK12,2023-01-09,52.469581658479626,
RHK12,2023-01-10,57.102164271647744,
RHK12,2023-01-11,54.557973299276604,
RHK12,2023-01-12,65.23258579960383,
RHK12,2023-01-13,71.39784629811754,
RHK12,2023-01-14,72.4159173701499,
RHK12,2023-01-15,35.51249599354215,
RHK12,2023-01-16,50.14002436480897,
RHK12,2023-01-17,30.83642953988558,
RHK12,2023-01-18,21.722090323926295,
RHK12,2023-01-19,12.83583632652243,
RHK12,2023-01-20,25.093060409080156,
RHK12,2023-01-21,75.01249731033582,
RHK12,2023-01-22,94.12417713133598,
RHK12,2023-01-23,58.53689078447267,
RHK12,2023-01-24,35.07284948203457,
RHK12,2023-01-25,7.628296524128001,
RHK12,2023-01-26,13.122356285945335,
RHK12,2023-01-27,21.5698044121146,
RHK12,2023-01-28,42.996935451751256,
RHK12,2023-01-29,40.99386744477733,
RHK12,2023-01-30,51.676265592276856,
RHK12,2023-01-31,57.092120062857774,
RHK12,2023-02-01,77.80334625937078,
RHK12,2023-02-02,102.07958438964457,
RHK12,2023-02-03,36.730455190552775,
RHK12,2023-02-04,81.0652950519799,
RHK12,2023-02-05,71.3066618665017,
RHK12,2023-02-06,65.81164417701847,
RHK12,2023-02-07,49.68528328881385,
RHK12,2023-02-08,30.90685420779126,
RHK12,2023-02-09,33.591101101796816,
RHK12,2023-02-10,53.90917077789743,
RHK12,2023-02-11,75.64231031438996,
RHK12,2023-02-12,63.668116914146744,
RHK12,2023-02-13,63.57256755691757,
RHK12,2023-02-14,53.93457442314739,
RHK12,2023-02-15,38.34480241252358,
RHK12,2023-02-16,60.028836707481496,
RHK12,2023-02-17,52.626923723305865,
RHK12,2023-02-18,93.51115237203257,
RHK12,2023-02-19,75.02814554142118,
RHK12,2023-02-20,57.42543630826523,
RHK12,2023-02-21,68.7979880414199,
RHK12,2023-02-22,62.80680259675258,
RHK12,2023-02-23,66.17358680342953,
RHK12,2023-02-24,60.50685755193807,
RHK12,2023-02-25,111.6202157924538,
RHK12,2023-02-26,109.03402785398058,
RHK12,2023-02-27,99.36335755344537,
RHK12,2023-02-28,97.91313591408958,
RHK12,2023-03-01,104.91469965333782,
RHK12,2023-03-02,24.942096779158486,
RHK12,2023-03-03,51.474313047642845,
RHK12,2023-03-04,86.1052152288294,
RHK12,2023-03-05,24.262499941707006,
RHK12,2023-03-06,20.0714606735537,
RHK12,2023-03-07,26.918061864262604,
RHK12,2023-03-08,55.88413066284164,
RHK12,2023-03-09,38.33299100672375,
RHK12,2023-03-10,63.78426226387908,
RHK12,2023-03-11,94.55639710534052,
RHK12,2023-03-12,53.682329926809736,
RHK12,2023-03-13,57.21249152160609,
RHK12,2023-03-14,46.19300368259574,
RHK12,2023-03-15,46.34154360992369,
RHK12,2023-03-16,60.439998778506315,
RHK12,2023-03-17,71.68309826384221,
RHK12,2023-03-18,105.71506143480629,
RHK12,2023-03-19,52.31784234388391,
RHK12,2023-03-20,56.52486710049329,
RHK12,2023-03-21,41.35392692310898,
RHK12,2023-03-22,51.46506360973856,
RHK12,2023-03-23,81.34294724825143,
RHK12,2023-03-24,76.34356493588385,
RHK12,2023-03-25,100.48809414169325,
RHK12,2023-03-26,63.24587737922232,
RHK12,2023-03-27,69.31576808996452,
RHK12,2023-03-28,50.285390951420915,
RHK12,2023-03-29,93.79031234462063,
RHK12,2023-03-30,116.17918345903034,
RHK12,2023-03-31,100.42876433275907,
RHK12,2023-04-01,104.2988141359407,
RHK12,2023-04-02,79.29892948358514,
RHK12,2023-04-03,75.71759341016194,
RHK12,2023-04-04,41.50668661973964,
RHK12,2023-04-05,60.2506360641791,
RHK12,2023-04-06,41.14393914520699,
RHK12,2023-04-07,63.17445164670231,
RHK12,2023-04-08,95.65805156617915,
RHK12,2023-04-09,72.15234339763704,
RHK12,2023-04-10,94.96151938113856,
RHK12,2023-04-11,67.93783788516113,
RHK12,2023-04-12,62.447485495535695,
RHK12,2023-04-13,80.84761133789773,
RHK12,2023-04-14,83.55716967214528,
RHK12,2023-04-15,106.12715886477852,
RHK12,2023-04-16,86.34045177995347,
RHK12,2023-04-17,88.54852504635818,
RHK12,2023-04-18,99.9825361841584,
RHK12,2023-04-19,83.58621059956211,
RHK12,2023-04-20,117.5468784314054,
RHK12,2023-04-21,118.78008794317181,
RHK12,2023-04-22,116.2515894001441,
RHK12,2023-04-23,81.97438145644439,
RHK12,2023-04-24,107.10730160063898,
RHK12,2023-04-25,99.06149463399939,
RHK12,2023-04-26,97.37794466184425,
RHK12,2023-04-27,105.75178532793434,
RHK12,2023-04-28,111.38848390187596,
RHK12,2023-04-29,115.46347583802186,
RHK12,2023-04-30,134.39213387890408,
RHK12,2023-05-01,113.82958542964583,
RHK12,2023-05-02,99.5695648337289,
RHK12,2023-05-03,26.406850947767268,
RHK12,2023-05-04,53.5765985556425,
RHK12,2023-05-05,90.75161280034912,
RHK12,2023-05-06,87.49549859740829,
RHK12,2023-05-07,40.8449989994552,
RHK12,2023-05-08,58.670137704755206,
RHK12,2023-05-09,43.24069204307175,
RHK12,2023-05-10,37.41311297638637,
RHK12,2023-05-11,87.20910664639825,
RHK12,2023-05-12,51.14866420849249,
RHK12,2023-05-13,97.8355157787877,
RHK12,2023-05-14,48.07998179704775,
RHK12,2023-05-15,43.12812581294693,
RHK12,2023-05-16,36.5009672149291,
RHK12,2023-05-17,34.86948257111572,
RHK12,2023-05-18,95.92844227261524,
RHK12,2023-05-19,66.40561560191566,
RHK12,2023-05-20,83.80244809381276,
RHK12,2023-05-21,72.65784845623038,
RHK12,2023-05-22,69.85487832598126,
RHK12,2023-05-23,61.4108136613743,
RHK12,2023-05-24,30.167187265677633,
RHK12,2023-05-25,40.24897043229555,
RHK12,2023-05-26,98.94553216238992,
RHK12,2023-05-27,101.96452637309318,
RHK12,2023-05-28,84.50338154646354,
RHK12,2023-05-29,50.74093731017497,
RHK12,2023-05-30,93.71751745482653,
RHK12,2023-05-31,40.23014036184506,
RHK12,2023-06-01,38.098187533516345,
RHK12,2023-06-02,37.4419413571721,
RHK12,2023-06-03,87.22503984647344,
RHK12,2023-06-04,122.33359211995031,
RHK12,2023-06-05,119.8239584239628,
RHK12,2023-06-07,31.55283376436048,
RHK12,2023-06-08,61.815529673751335,
RHK12,2023-06-09,34.75521985492277,
RHK12,2023-06-10,75.0162318236339,
RHK12,2023-06-11,93.7465383860578,
RHK12,2023-06-12,29.669942834465292,
RHK12,2023-06-13,33.79416250959447,
RHK12,2023-06-14,47.53873665074595,
RHK12,2023-06-15,61.46277159527622,
RHK12,2023-06-16,78.19330833765474,
RHK12,2023-06-17,99.7604656071626,
RHK12,2023-06-18,38.313939223064565,
RHK12,2023-06-19,57.68255105616555,
RHK12,2023-06-20,75.10439877417215,
RHK12,2023-06-21,98.05347304570627,
RHK12,2023-06-22,85.98842906332578,
RHK12,2023-06-23,94.48591659034246,
RHK12,2023-06-24,95.44597534119829,
RHK12,2023-06-25,60.61976641360434,
RHK12,2023-06-26,51.891609702401084,
RHK12,2023-06-27,60.630773668856044,
RHK12,2023-06-28,28.62512171454931,
RHK12,2023-06-29,23.462040440066925,
RHK12,2023-06-30,24.47830390030488,
RHK12,2023-07-01,65.98870039793374,
RHK12,2023-07-02,41.96901794801243,
RHK12,2023-07-03,54.66571117435712,
RHK12,2023-07-04,59.79744881400718,
RHK12,2023-07-05,27.64159411267256,
RHK12,2023-07-06,51.036118642255246,
RHK12,2023-07-07,51.70659875722292,
RHK12,2023-07-08,81.84717055270298,
RHK12,2023-07-09,51.54911501099038,
RHK12,2023-07-10,45.65506071544231,
RHK12,2023-07-11,32.00999153148977,
RHK12,2023-07-12,14.716367495420288,
RHK12,2023-07-13,73.49629302726572,
RHK12,2023-07-14,32.90708437910814,
RHK12,2023-07-15,46.77658140842124,
RHK12,2023-07-16,28.52914122747882,
RHK12,2023-07-17,17.75380373833659,
RHK12,2023-07-18,16.704805614755177,
RHK12,2023-07-19,14.365493936283917,
RHK12,2023-07-20,33.994272846700554,
RHK12,2023-07-21,39.3271412303326,
RHK12,2023-07-22,49.83443423150175,
RHK12,2023-07-23,26.126289644354923,
RHK12,2023-07-24,19.261124611045524,
RHK12,2023-07-25,22.10800909986215,
RHK12,2023-07-26,28.258419635760557,
RHK12,2023-07-27,43.344528990039684,
RHK12,2023-07-28,60.05105107998815,
RHK12,2023-07-29,78.23942525386786,
RHK12,2023-07-30,75.60353332434919,
RHK12,2023-07-31,76.52884209470372,
RHK12,2023-08-01,79.99974781329988,
RHK12,2023-08-02,81.83918131916856,
RHK12,2023-08-03,77.46832385149271,
RHK12,2023-08-04,75.38563225921611,
RHK12,2023-08-05,78.53141385315021,
RHK12,2023-08-06,45.72994047307148,
RHK12,2023-08-07,48.5809531371722,
RHK12,2023-08-08,35.465449208605875,
RHK12,2023-08-09,35.38427256618259,
RHK12,2023-08-10,35.288127580245764,
RHK12,2023-08-11,42.891227010779645,
RHK12,2023-08-12,78.46989849311024,
RHK12,2023-08-13,93.13425789581508,
RHK12,2023-08-14,98.95967992481789,
RHK12,2023-08-15,77.30725448240462,
RHK12,2023-08-16,71.21781707878361,
RHK12,2023-08-17,39.99297720433166,
RHK12,2023-08-18,56.525804826140195,
RHK12,2023-08-19,75.48857600807278,
RHK12,2023-08-20,38.211704768072096,
RHK12,2023-08-21,27.52822494714259,
RHK12,2023-08-22,26.639404490932414,
RHK12,2023-08-23,29.630740268101132,
RHK12,2023-08-24,32.01358245518575,
RHK12,2023-08-25,64.3086932015299,
RHK12,2023-08-26,77.73756144563146,
RHK12,2023-08-27,38.71365974180038,
RHK12,2023-08-28,77.90804666340807,
RHK12,2023-08-29,39.08692001547717,
RHK12,2023-08-30,37.618300351947894,
RHK12,2023-08-31,31.065267875807415,
RHK12,2023-09-01,66.39125295070502,
RHK12,2023-09-02,72.9805889089205,
RHK12,2023-09-03,50.13465830518854,
RHK12,2023-09-04,45.50946202983139,
RHK12,2023-09-05,38.561937930152716,
RHK12,2023-09-06,43.913843089017696,
RHK12,2023-09-07,63.76779850505432,
RHK12,2023-09-08,52.653575769582794,
RHK12,2023-09-09,81.83170493755915,
RHK12,2023-09-10,44.94049777799931,
RHK12,2023-09-11,56.51361006874369,
RHK12,2023-09-12,32.477045965951554,
RHK12,2023-09-13,45.98269679282674,
RHK12,2023-09-14,42.07320898821489,
RHK12,2023-09-15,49.27269417460081,
RHK12,2023-09-16,85.84626603384142,
RHK12,2023-09-17,42.807780966754336,
RHK12,2023-09-18,30.277053005226698,
RHK12,2023-09-19,67.5478518206855,
RHK12,2023-09-20,29.029910094384338,
RHK12,2023-09-21,56.69749344475977,
RHK12,2023-09-22,48.67231776283635,
RHK12,2023-09-23,67.31208218584604,
RHK12,2023-09-24,37.55859962297422,
RHK12,2023-09-25,25.074559437369405,
RHK12,2023-09-26,19.2030080098701,
RHK12,2023-09-27,31.1187628143073,
RHK12,2023-09-28,69.51244249469406,
RHK12,2023-09-29,81.52526714062573,
RHK12,2023-09-30,76.93135842475927,
RHK12,2023-10-01,119.02211753660943,
RHK12,2023-10-02,113.92782120063335,
RHK12,2023-10-03,607.4594857949263,
RHK12,2023-10-04,30.49371531274166,
RHK12,2023-10-05,78.16800808363767,
RHK12,2023-10-06,120.84410295682326,
RHK12,2023-10-07,80.81605378004345,
RHK12,2023-10-08,77.13093222085443,
RHK12,2023-10-09,89.02980812572899,
RHK12,2023-10-10,70.85017471317272,
RHK12,2023-10-11,39.99061804429694,
RHK12,2023-10-12,64.5677266770782,
RHK12,2023-10-13,61.79498120811413,
RHK12,2023-10-14,88.37495595654882,
RHK12,2023-10-15,45.40132780986891,
RHK12,2023-10-16,55.797503966825964,
RHK12,2023-10-17,27.482861210161182,
RHK12,2023-10-18,38.84284118581813,
RHK12,2023-10-19,39.77407244864583,
RHK12,2023-10-20,53.80836881597856,
RHK12,2023-10-21,79.79510854981874,
RHK12,2023-10-22,61.36225016597786,
RHK12,2023-10-23,54.13136926709173,
RHK12,2023-10-24,48.30701470856439,
RHK12,2023-10-25,51.578959220449605,
RHK12,2023-10-26,55.72312560823309,
RHK12,2023-10-27,93.35184369902544,
RHK12,2023-10-28,90.92729532431937,
RHK12,2023-10-29,75.91414685278109,
RHK12,2023-10-30,62.17436307550646,
RHK12,2023-10-31,68.17897164126268,
RHK12,2023-11-01,53.761408870861224,
RHK12,2023-11-02,92.92156683678859,
RHK12,2023-11-03,91.31014105309386,
RHK12,2023-11-04,84.94720463383152,
RHK12,2023-11-05,58.93869397276014,
RHK12,2023-11-06,69.06718341480901,
RHK12,2023-11-07,71.59201392416495,
RHK12,2023-11-08,70.10399044649284,
RHK12,2023-11-09,43.229901885912696,
RHK12,2023-11-10,75.48837156687624,
RHK12,2023-11-11,96.52248724682408,
RHK12,2023-11-12,102.3327989501268,
RHK12,2023-11-13,34.35161979302395,
RHK12,2023-11-14,55.35425534712141,
RHK12,2023-11-15,82.04167242226117,
RHK12,2023-11-16,73.1596270526409,
RHK12,2023-11-17,80.57508559670035,
RHK12,2023-11-18,83.5277346148497,
RHK12,2023-11-19,53.95508724965972,
RHK12,2023-11-20,96.22099555067126,
RHK12,2023-11-21,55.81807956156743,
RHK12,2023-11-22,55.09185253036612,
RHK12,2023-11-23,100.70688592819958,
RHK12,2023-11-24,95.49983455914379,
RHK12,2023-11-25,101.94392067526057,
RHK12,2023-11-26,69.84425380264817,
RHK12,2023-11-27,42.50569093259332,
RHK12,2023-11-28,48.8801350974696,
RHK12,2023-11-29,21.75409301230787,
RHK12,2023-11-30,34.40333830535765,
RHK12,2023-12-01,35.319429420696416,
RHK12,2023-12-02,100.7173611133523,
RHK12,2023-12-03,27.756152355105034,
RHK12,2023-12-04,118.48344524529624,
RHK12,2023-12-05,3.9843607683790485,
RHK12,2023-12-06,12.793005104824168,
RHK12,2023-12-07,14.332388092519022,
RHK12,2023-12-08,62.42279339648612,
RHK12,2023-12-09,94.03648654872416,
RHK12,2023-12-10,26.643229387750495,
RHK12,2023-12-11,15.243358222080877,
RHK12,2023-12-12,24.51274309834188,
RHK12,2023-12-13,15.233751456310708,
RHK12,2023-12-14,28.28718431146295,
RHK12,2023-12-15,50.305866144453795,
RHK12,2023-12-16,78.6577011710245,
RHK12,2023-12-17,37.89756505629385,
RHK12,2023-12-18,57.167572925974866,
RHK12,2023-12-19,64.10394356707951,
RHK12,2023-12-20,17.152077763651835,
RHK12,2023-12-21,19.62074972754107,
RHK12,2023-12-22,43.71048743204361,
RHK12,2023-12-23,69.81011133775827,
RHK12,2023-12-24,67.26590839161133,
RHK12,2023-12-25,72.25911335559863,
RHK12,2023-12-26,18.19626921083252,
RHK12,2023-12-27,68.33428358986325,
RHK12,2023-12-28,62.57546107887311,
RHK12,2023-12-29,24.98243168614726,
RHK12,2023-12-30,63.0328118093275,
RHK12,2023-12-31,72.79639954125537,
RHK12,2024-01-01,72.11987895660677,
RHK12,2024-01-02,5.1551130386340605,
RHK12,2024-01-03,8.558523759862462,
RHK12,2024-01-04,20.638800889556506,
RHK12,2024-01-05,45.34998454637327,
RHK12,2024-01-06,72.5160383976093,
RHK12,2024-01-07,92.79507176918146,
RHK12,2024-01-08,73.39110907010217,
RHK12,2024-01-09,65.0511013385151,
RHK12,2024-01-10,54.58527864402562,
RHK12,2024-01-11,84.6629488278268,
RHK12,2024-01-12,45.32454353679679,
RHK12,2024-01-13,98.49736844923696,
RHK12,2024-01-14,54.37094484108644,
RHK12,2024-01-15,78.5086670314112,
RHK12,2024-01-16,67.78834108514339,
RHK12,2024-01-17,70.87232818170624,
RHK12,2024-01-18,68.48058646856565,
RHK12,2024-01-19,55.36314365437143,
RHK12,2024-01-20,88.0661361311834,
RHK12,2024-01-21,74.07841825651865,
RHK12,2024-01-22,15.554882034544118,
RHK12,2024-01-23,16.0118275142387,
RHK12,2024-01-24,24.068959537134834,
RHK12,2024-01-25,26.335017164753083,
RHK12,2024-01-26,31.3461562256102,
RHK12,2024-01-27,52.04986822435142,
RHK12,2024-01-28,45.80115947057051,
RHK12,2024-01-29,22.873456151480525,
RHK12,2024-01-30,15.835488995556654,
RHK12,2024-01-31,24.22047601123169,
RHK12,2024-02-01,30.357808641644148,
RHK12,2024-02-02,39.22512665404926,
RHK12,2024-02-03,63.509657805698836,
RHK12,2024-02-04,62.3441796228791,
RHK12,2024-02-05,45.87855263962456,
RHK12,2024-02-06,41.40755514544542,
RHK12,2024-02-07,38.396123573183665,
RHK12,2024-02-08,54.24513245948866,
RHK12,2024-02-09,83.40467927677629,
RHK12,2024-02-10,89.69597698915398,
RHK12,2024-02-11,84.60344123904127,
RHK12,2024-02-12,86.5195835237461,
RHK12,2024-02-13,29.846489845325582,
RHK12,2024-02-14,26.569987364201758,
RHK12,2024-02-15,67.3171771721044,
RHK12,2024-02-16,38.0584976181921,
RHK12,2024-02-17,74.24235967625125,
RHK12,2024-02-18,64.32040052365424,
RHK12,2024-02-19,48.07881153152284,
RHK12,2024-02-20,46.73820963945197,
RHK12,2024-02-21,28.109115980466264,
RHK12,2024-02-22,44.016510501320994,
RHK12,2024-02-23,72.60299351402918,
RHK12,2024-02-24,105.12367809923938,
RHK12,2024-02-25,77.58246554476545,
RHK12,2024-02-26,66.29247247318476,
RHK12,2024-02-27,77.07059174149676,
RHK12,2024-02-28,36.34174758268106,
RHK12,2024-02-29,68.7804889970983,
RHK12,2024-03-01,81.15461886516073,
RHK12,2024-03-02,65.71906590360035,
RHK12,2024-03-04,34.758411100599865,
RHK12,2024-03-05,41.49982852468342,
RHK12,2024-03-06,41.63794934116535,
RHK12,2024-03-07,57.42663926803972,
RHK12,2024-03-08,46.21411041442351,
RHK12,2024-03-09,69.13727242900137,
RHK12,2024-03-10,139.21070384645253,
RHK12,2024-03-11,74.42667537139522,
RHK12,2024-03-12,69.9548408514649,
RHK12,2024-03-13,77.66771304411586,
RHK12,2024-03-14,54.844902364750105,
RHK12,2024-03-15,66.2692551415089,
RHK12,2024-03-16,85.52076735510083,
RHK12,2024-03-17,56.131689609796965,
RHK12,2024-03-18,49.03098608955425,
RHK12,2024-03-19,44.05089928241167,
RHK12,2024-03-20,49.77229542602349,
RHK12,2024-03-21,43.345353311029385,
RHK12,2024-03-22,68.77430510172432,
RHK12,2024-03-23,82.18057200995612,
RHK12,2024-03-24,52.01284129565995,
RHK12,2024-03-25,53.66135257829413,
RHK12,2024-03-26,47.695190990521965,
RHK12,2024-03-27,87.6319483905679,
RHK12,2024-03-28,89.10600769793366,
RHK12,2024-03-29,101.56436579458556,
RHK12,2024-03-30,89.92003231373485,
RHK12,2024-03-31,90.34269115875777,
RHK12,2024-04-01,62.78213155164794,
RHK12,2024-04-02,56.29468439034565,
RHK12,2024-04-03,60.88403079131831,
RHK12,2024-04-04,76.55758345678696,
RHK12,2024-04-05,72.4763681705015,
RHK12,2024-04-06,91.55291117763379,
RHK12,2024-04-07,75.07744594328318,
RHK12,2024-04-08,55.73985591627824,
RHK12,2024-04-09,67.13252890212833,
RHK12,2024-04-10,46.773100579008656,
RHK12,2024-04-11,97.96825137297562,
RHK12,2024-04-12,76.27603072222249,
RHK12,2024-04-13,99.28554353474942,
RHK12,2024-04-14,54.76956705697649,
RHK12,2024-04-15,58.64563852352469,
RHK12,2024-04-16,87.42234644639555,
RHK12,2024-04-17,68.98637956384542,
RHK12,2024-04-18,94.12125108403319,
RHK12,2024-04-19,99.00266419076559,
RHK12,2024-04-20,98.42379910321021,
RHK12,2024-04-21,86.9464420489712,
RHK12,2024-04-22,136.27576460261895,
RHK12,2024-04-23,136.25078216615867,
RHK12,2024-04-24,38.61015740161913,
RHK12,2024-04-25,77.17587124764354,
RHK12,2024-04-26,99.43516821590819,
RHK12,2024-04-27,91.32745272278746,
RHK12,2024-04-28,88.43123342755136,
RHK12,2024-04-29,64.2787767741461,
RHK12,2024-04-30,81.57389424070034,
RHK12,2024-05-01,33.83071103544332,
RHK12,2024-05-02,53.349637361308694,
RHK12,2024-05-03,48.4575160243405,
RHK12,2024-05-04,84.31103803420615,
RHK12,2024-05-05,76.63690482408337,
RHK12,2024-05-06,51.86367504828408,
RHK12,2024-05-07,24.59128042610047,
RHK12,2024-05-08,39.5495837180328,
RHK12,2024-05-09,103.68231977849457,
RHK12,2024-05-10,94.35996691428646,
RHK12,2024-05-11,86.46678437574938,
RHK12,2024-05-12,47.03704534117579,
RHK12,2024-05-13,45.80365382913524,
RHK12,2024-05-14,78.98775967443684,
RHK12,2024-05-15,70.39953993482179,
RHK12,2024-05-16,48.267462309408394,
RHK12,2024-05-17,75.04370261993516,
RHK12,2024-05-18,87.31539561692203,
RHK12,2024-05-19,66.60193949253573,
RHK12,2024-05-20,48.37397386309596,
RHK12,2024-05-21,83.21389867069644,
RHK12,2024-05-22,109.63479754536102,
RHK12,2024-05-23,114.35671316986722,
RHK12,2024-05-24,45.50172088095825,
RHK12,2024-05-25,77.29403974452127,
RHK12,2024-05-26,27.6842999747942,
RHK12,2024-05-27,20.703702950306134,
RHK12,2024-05-28,21.616977074224216,
RHK12,2024-05-29,103.92396107801646,
RHK12,2024-05-30,107.1089591796613,
RHK12,2024-05-31,51.211453403246395,
RHK12,2024-06-01,95.05046418118265,
RHK12,2024-06-02,28.217987790786594,
RHK12,2024-06-03,25.66386476696884,
RHK12,2024-06-04,19.460460752796685,
RHK12,2024-06-05,49.50880188878794,
RHK12,2024-06-06,88.9511216468046,
RHK12,2024-06-07,97.49033966642526,
RHK12,2024-06-08,90.95504273582652,
RHK12,2024-06-09,32.6718986059879,47.976231683728756
RHK12,2024-06-10,60.50436482130296,46.82604367742773
RHK12,2024-06-11,66.11116260180602,66.21326620562998
RHK12,2024-06-12,64.61353305892888,58.338288816355856
RHK12,2024-06-13,73.20547425916747,80.62554271300975
RHK12,2024-06-14,76.97829928706595,88.34755764821685
RHK12,2024-06-15,95.5719002517134,78.64472695819255
RHK12,2024-06-16,58.60949102789176,85.61915298726039
RHK12,2024-06-17,45.55653142194067,46.312380384026454
RHK12,2024-06-18,40.970748509826194,51.34935106788374
RHK12,2024-06-19,19.47730148095789,29.529080009089107
RHK12,2024-06-20,28.456866097177972,33.42583395846025
RHK12,2024-06-21,63.07594069392518,61.52215724950172
RHK12,2024-06-22,73.54494770905607,86.75336569951743
RHK12,2024-06-23,30.29436513159887,42.387344741146215
RHK12,2024-06-24,83.82918504568426,94.2143866011505
RHK12,2024-06-25,40.02430611358518,52.71837319856574
RHK12,2024-06-26,17.027748052390244,27.787651281626033
RHK12,2024-06-27,56.52758564602671,45.648946259506374
RHK12,2024-06-28,23.05569322138897,36.50317451829324
RHK12,2024-06-29,74.93962386677691,63.55837672347906
RHK12,2024-06-30,68.57314096358377,126.95408722534668
RHK12,2024-07-01,29.743142797518782,34.5249811828035
RHK12,2024-07-02,25.51165377966792,62.301408972247884
RHK12,2024-07-03,21.060246752291114,30.415755904020116
RHK12,2024-07-04,44.20238155440011,39.07196254123091
RHK12,2024-07-05,48.0611747036846,69.9968514244209
RHK12,2024-07-06,80.23866640511108,76.13510980211935
RHK12,2024-07-07,59.58829756290336,113.72350317249534
RHK12,2024-07-08,39.323833328169286,47.79604820853464
RHK12,2024-07-09,30.29864372756781,48.10817702534348
RHK12,2024-07-10,36.437646909590306,45.025329565535124
RHK12,2024-07-11,61.49668248214067,82.89374835984486
RHK12,2024-07-12,47.519580020987924,74.6094066756696
RHK12,2024-07-13,82.44556841448399,73.12736373952312
RHK12,2024-07-14,75.4685042812043,100.46121659807423
RHK12,2024-07-15,83.3119656843161,82.81103350364526
RHK12,2024-07-16,81.23262520603228,114.634216451343
RHK12,2024-07-17,49.40159846932442,67.01045227998186
RHK12,2024-07-18,63.042741346527265,69.78986275182271
RHK12,2024-07-19,37.898893122768385,53.476977553984135
RHK12,2024-07-20,55.823773974614156,51.490423396006115
RHK12,2024-07-21,30.75162800786229,42.075238426274346
RHK12,2024-07-22,28.07784262480646,30.85841809219904
RHK12,2024-07-23,35.27012840600459,37.490767845039166
RHK12,2024-07-24,35.55609363730852,55.85607816190453
RHK12,2024-07-25,52.99864251107,60.52249068216865
RHK12,2024-07-26,79.25606352775519,85.42641515567067
RHK12,2024-07-27,69.65244109581076,73.89969212473758
RHK12,2024-07-28,67.82586776894959,57.18420819446767
RHK12,2024-07-29,70.41275689844375,69.66891230971345
RHK12,2024-07-30,62.34565192624622,56.145643796869884
RHK12,2024-07-31,75.36034570591806,68.29936536480908
RHK12,2024-08-01,68.38457187032508,55.632707785964456
RHK12,2024-08-02,84.28852557406545,65.02438948167239
RHK12,2024-08-03,80.63298690639512,69.43301124755901
RHK12,2024-08-04,50.09258674459699,35.108825242113326
RHK12,2024-08-05,36.592595011387004,36.1110780478753
RHK12,2024-08-06,27.568606169952155,28.00955341756473
RHK12,2024-08-07,41.691459664549,44.546183960573934
RHK12,2024-08-08,33.05122743840865,35.48611654046738
RHK12,2024-08-09,55.478730394744886,52.89692226018925
RHK12,2024-08-10,75.11399152311009,69.58252836821049
RHK12,2024-08-11,93.74948330010744,93.52496515273248
RHK12,2024-08-12,97.16291112827867,100.83193536669098
RHK12,2024-08-13,104.01192934082565,102.23916111006479
RHK12,2024-08-14,89.79897096585125,80.6994731632718
RHK12,2024-08-15,108.67151571725174,92.6732224005093
RHK12,2024-08-16,101.58707836313671,91.82199664788865
RHK12,2024-08-17,70.69325205589838,62.5384114964357
RHK12,2024-08-18,62.09455619237074,55.75283002164507
RHK12,2024-08-19,50.48489253688158,38.76179569864596
RHK12,2024-08-20,34.223596356753085,36.162659230549785
RHK12,2024-08-21,40.28853395000071,42.99211858955937
RHK12,2024-08-22,59.1583402306119,59.762510785150475
RHK12,2024-08-23,39.06147621427745,60.09938957358853
RHK12,2024-08-24,59.46378171583867,56.05133224807521
RHK12,2024-08-25,80.1100098407669,109.72779954254615
RHK12,2024-08-26,53.86854744403782,58.56924214693113
RHK12,2024-08-27,47.56968894261496,68.83176343909581
RHK12,2024-08-28,44.01805359708596,60.986660178910505
RHK12,2024-08-29,95.86323452699081,103.25820487440824
RHK12,2024-08-30,50.56808901351797,81.06720570953935
RHK12,2024-08-31,67.95686732688516,82.71092242595701
RHK12,2024-09-01,42.80277429978982,51.95047722835845
RHK12,2024-09-02,27.638140259530388,32.17040777667195
RHK12,2024-09-03,25.795788472733644,33.022041565948264
RHK12,2024-09-04,22.638069085396193,38.62107249164147
RHK12,2024-09-05,64.04485360740061,77.35531762787997
RHK12,2024-09-06,68.87722787095878,96.3827527239339
RHK12,2024-09-07,81.53103051079317,77.72710142379604
RHK12,2024-09-08,720.231030690743,1308.2046505933401
RHK12,2024-09-09,19.916163562446076,28.33370819043583
RHK12,2024-09-10,32.89796761312617,33.19146836609264
RHK12,2024-09-11,27.640113959581285,52.57184493121428
RHK12,2024-09-12,15.351909771119624,32.40518386204174
RHK12,2024-09-13,27.435137319037686,40.137039633991215
RHK12,2024-09-14,67.0057119823924,59.57797296033149
RHK12,2024-09-15,84.34816818135442,86.75291707071445
RHK12,2024-09-16,88.85908670476333,91.96569458278698
RHK12,2024-09-17,67.61300493777695,73.35285230834509
RHK12,2024-09-18,85.19182519147193,142.75170118395084
RHK12,2024-09-19,35.72441096777995,43.70071670198921
RHK12,2024-09-20,36.29114289825844,36.335215589067715
RHK12,2024-09-21,39.013983340211546,47.65125581917413
RHK12,2024-09-22,34.50454130668461,45.03422689633146
RHK12,2024-09-23,22.293638426268036,33.392074455430794
RHK12,2024-09-24,32.75295002631409,30.433693117642655
RHK12,2024-09-25,38.30681002075748,54.16883211879977
RHK12,2024-09-26,78.517635505585,80.63531764026013
RHK12,2024-09-27,79.53557563518811,86.31948722028098
RHK12,2024-09-28,81.22317737276103,74.66802994382968
RHK12,2024-09-29,91.05598390790304,122.33363476979112
RHK12,2024-09-30,42.86529408454767,57.05400915836106
RJR01,2023-01-01,14.42667633388103,
RJR01,2023-01-02,8.605917664189706,
RJR01,2023-01-03,7.960804280207204,
RJR01,2023-01-04,10.561795921592953,
RJR01,2023-01-05,40.68180986827294,
RJR01,2023-01-06,52.29681333653575,
RJR01,2023-01-07,46.970799835242936,
RJR01,2023-01-08,57.25236048492747,
RJR01,2023-01-09,13.534498042170473,
RJR01,2023-01-10,14.865553612089377,
RJR01,2023-01-11,69.67752010272292,
RJR01,2023-01-12,88.1006872714701,
RJR01,2023-01-13,28.002500231916933,
RJR01,2023-01-14,45.39808671729272,
RJR01,2023-01-15,25.724730649681856,
RJR01,2023-01-16,40.230113792492894,
RJR01,2023-01-17,41.0733840229847,
RJR01,2023-01-18,31.112831211327734,
RJR01,2023-01-19,22.149991288211663,
RJR01,2023-01-20,26.02508125323208,
RJR01,2023-01-21,67.34981543567396,
RJR01,2023-01-22,78.42000600832071,
RJR01,2023-01-23,71.96959931845194,
RJR01,2023-01-24,37.16001136677208,
RJR01,2023-01-25,11.182420876720954,
RJR01,2023-01-26,11.184958027907301,
RJR01,2023-01-27,20.545182712041854,
RJR01,2023-01-28,32.9019235781211,
RJR01,2023-01-29,33.9806967114869,
RJR01,2023-01-30,42.77210746905252,
RJR01,2023-01-31,27.387998670840815,
RJR01,2023-02-01,24.116364568795404,
RJR01,2023-02-02,20.944562450428535,
RJR01,2023-02-03,38.43561738255599,
RJR01,2023-02-04,50.00456042130525,
RJR01,2023-02-05,41.66684144077212,
RJR01,2023-02-06,105.53747510081041,
RJR01,2023-02-07,112.11040189756204,
RJR01,2023-02-08,27.554732732915927,
RJR01,2023-02-09,130.54093477043423,
RJR01,2023-02-10,104.895552414481,
RJR01,2023-02-11,63.987638985721475,
RJR01,2023-02-12,50.16949597134307,
RJR01,2023-02-13,114.78355721964004,
RJR01,2023-02-14,108.50317251267451,
RJR01,2023-02-15,36.190697827644634,
RJR01,2023-02-16,123.38542255681867,
RJR01,2023-02-17,109.61656131831921,
RJR01,2023-02-18,71.2180470203457,
RJR01,2023-02-19,47.79449251887694,
RJR01,2023-02-20,77.46387248456637,
RJR01,2023-02-21,71.81976879735156,
RJR01,2023-02-22,56.318250329209995,
RJR01,2023-02-23,42.97630914490221,
RJR01,2023-02-24,61.72096150672629,
RJR01,2023-02-25,82.9976959572304,
RJR01,2023-02-26,90.08292864360601,
RJR01,2023-02-27,95.81829790809513,
RJR01,2023-02-28,85.5793763376196,
RJR01,2023-03-01,49.65059893108398,
RJR01,2023-03-02,54.26388406941695,
RJR01,2023-03-03,45.226915413205546,
RJR01,2023-03-04,63.092568014016706,
RJR01,2023-03-05,55.47522727820227,
RJR01,2023-03-06,114.89906734022986,
RJR01,2023-03-07,122.6849375867516,
RJR01,2023-03-08,59.656277967981126,
RJR01,2023-03-09,81.51630382649789,
RJR01,2023-03-10,103.4406523971251,
RJR01,2023-03-11,83.321827338182,
RJR01,2023-03-12,60.7561121900704,
RJR01,2023-03-13,132.7922502323108,
RJR01,2023-03-14,140.61826933568787,
RJR01,2023-03-15,104.3718493404467,
RJR01,2023-03-16,126.86289200885183,
RJR01,2023-03-17,84.32377917586084,
RJR01,2023-03-18,82.11809599574323,
RJR01,2023-03-19,104.01046470096648,
RJR01,2023-03-20,105.16033634060847,
RJR01,2023-03-21,106.95381954436297,
RJR01,2023-03-22,103.40358401887129,
RJR01,2023-03-23,106.03126951729486,
RJR01,2023-03-24,83.58951008000494,
RJR01,2023-03-25,84.11468792519518,
RJR01,2023-03-26,83.46265643690312,
RJR01,2023-03-27,101.11732660768578,
RJR01,2023-03-28,86.9140276547771,
RJR01,2023-03-29,92.28596871370584,
RJR01,2023-03-30,79.47161060787172,
RJR01,2023-03-31,88.00785020846291,
RJR01,2023-04-01,110.11087315487201,
RJR01,2023-04-02,104.20024787623244,
RJR01,2023-04-03,102.71667946265093,
RJR01,2023-04-04,73.63773249310319,
RJR01,2023-04-05,99.04457024192486,
RJR01,2023-04-06,92.4488792915847,
RJR01,2023-04-07,101.09323944215407,
RJR01,2023-04-08,92.09026140874062,
RJR01,2023-04-09,81.31517062995091,
RJR01,2023-04-10,72.24902714035832,
RJR01,2023-04-11,63.78532750509279,
RJR01,2023-04-12,68.36433669726439,
RJR01,2023-04-13,62.634177161396934,
RJR01,2023-04-14,85.6762831734993,
RJR01,2023-04-15,78.81320608990772,
RJR01,2023-04-16,78.33553868594106,
RJR01,2023-04-17,77.74011534910157,
RJR01,2023-04-18,80.51892491136093,
RJR01,2023-04-19,70.74629205791179,
RJR01,2023-04-20,77.13280422859275,
RJR01,2023-04-21,83.47442560429928,
RJR01,2023-04-22,84.85253380897295,
RJR01,2023-04-23,79.07871709636052,
RJR01,2023-04-24,50.9116349579047,
RJR01,2023-04-25,58.36769355402675,
RJR01,2023-04-26,39.304009257874974,
RJR01,2023-04-27,65.95862057075944,
RJR01,2023-04-28,71.78883585385177,
RJR01,2023-04-29,72.10568084943195,
RJR01,2023-04-30,92.80054432543972,
RJR01,2023-05-01,75.26849715234016,
RJR01,2023-05-02,93.1057463737123,
RJR01,2023-05-03,63.710780233517866,
RJR01,2023-05-04,67.6146653762692,
RJR01,2023-05-05,72.01824283149367,
RJR01,2023-05-06,66.3199848933103,
RJR01,2023-05-07,66.93346253167508,
RJR01,2023-05-08,63.611063055702665,
RJR01,2023-05-09,52.53343728339487,
RJR01,2023-05-10,83.25517271716254,
RJR01,2023-05-11,94.63182714156403,
RJR01,2023-05-12,84.93706703317493,
RJR01,2023-05-13,71.28286018378644,
RJR01,2023-05-14,62.662634160471164,
RJR01,2023-05-15,105.82480605825766,
RJR01,2023-05-16,61.37977144092971,
RJR01,2023-05-17,61.62884986447002,
RJR01,2023-05-18,72.68908024013254,
RJR01,2023-05-19,82.8537863914517,
RJR01,2023-05-20,74.93821903211536,
RJR01,2023-05-21,59.58742927008164,
RJR01,2023-05-22,74.54908458452562,
RJR01,2023-05-23,119.88039573973197,
RJR01,2023-05-24,80.00431199013279,
RJR01,2023-05-25,110.85451244873774,
RJR01,2023-05-26,81.21409628549438,
RJR01,2023-05-27,84.56857270390256,
RJR01,2023-05-28,76.26478028458439,
RJR01,2023-05-29,65.4713186214741,
RJR01,2023-05-30,67.57982551734251,
RJR01,2023-05-31,69.27407330081282,
RJR01,2023-06-01,51.27983505156897,
RJR01,2023-06-02,57.4019959018524,
RJR01,2023-06-03,82.00073588789337,
RJR01,2023-06-04,109.67281835994308,
RJR01,2023-06-05,87.03714270017025,
RJR01,2023-06-06,83.38362011066855,
RJR01,2023-06-07,52.71949347125048,
RJR01,2023-06-08,50.34741851641935,
RJR01,2023-06-09,33.902804575076026,
RJR01,2023-06-10,74.31900598440674,
RJR01,2023-06-11,40.92804658947716,
RJR01,2023-06-12,43.45412835341617,
RJR01,2023-06-13,35.35853641003688,
RJR01,2023-06-14,60.07576351279193,
RJR01,2023-06-15,41.62770998275887,
RJR01,2023-06-16,51.4633628279361,
RJR01,2023-06-17,80.1827276873998,
RJR01,2023-06-18,47.87440108364593,
RJR01,2023-06-19,41.622390876584944,
RJR01,2023-06-20,58.27921863497702,
RJR01,2023-06-21,41.59068635971252,
RJR01,2023-06-22,62.937630589961714,
RJR01,2023-06-23,61.76073218301808,
RJR01,2023-06-24,77.66716828803004,
RJR01,2023-06-25,46.76714335688205,
RJR01,2023-06-26,56.37561176544682,
RJR01,2023-06-27,33.12412971189655,
RJR01,2023-06-28,30.53969043372009,
RJR01,2023-06-29,28.295981408683534,
RJR01,2023-06-30,35.314739098784585,
RJR01,2023-07-01,65.36985247123127,
RJR01,2023-07-02,31.87405771471455,
RJR01,2023-07-03,50.391421523524826,
RJR01,2023-07-04,69.78164554598297,
RJR01,2023-07-05,19.214549667586926,
RJR01,2023-07-06,37.63787913493037,
RJR01,2023-07-07,56.51420208113933,
RJR01,2023-07-08,76.259119887295,
RJR01,2023-07-09,45.572132056931316,
RJR01,2023-07-10,53.5256655311489,
RJR01,2023-07-11,37.84579615486771,
RJR01,2023-07-12,34.675159039791126,
RJR01,2023-07-13,50.21688197167844,
RJR01,2023-07-14,26.290659921911384,
RJR01,2023-07-15,48.016135969650485,
RJR01,2023-07-16,26.56111060240896,
RJR01,2023-07-17,15.126768288868954,
RJR01,2023-07-18,19.8823996338023,
RJR01,2023-07-19,22.0,
RJR01,2023-07-20,33.00692648224501,
RJR01,2023-07-21,35.00278437125083,
RJR01,2023-07-22,56.86066061171387,
RJR01,2023-07-23,29.019380333385396,
RJR01,2023-07-24,24.862290320227164,
RJR01,2023-07-25,18.354138319138272,
RJR01,2023-07-26,24.401291308212887,
RJR01,2023-07-27,36.123846463680195,
RJR01,2023-07-28,52.02788697662279,
RJR01,2023-07-29,69.75111863622868,
RJR01,2023-07-30,65.83940181689505,
RJR01,2023-07-31,61.28000810309661,
RJR01,2023-08-01,66.5901010543481,
RJR01,2023-08-02,63.58156212691058,
RJR01,2023-08-03,60.879628930273455,
RJR01,2023-08-04,60.05169040726777,
RJR01,2023-08-05,59.15195226823163,
RJR01,2023-08-06,40.29295011550485,
RJR01,2023-08-07,54.26057702996394,
RJR01,2023-08-08,31.590898151344273,
RJR01,2023-08-09,20.731967364071515,
RJR01,2023-08-10,21.055407222422055,
RJR01,2023-08-11,41.458304437648835,
RJR01,2023-08-12,62.659828680511374,
RJR01,2023-08-13,97.86161027189999,
RJR01,2023-08-14,93.21284566650927,
RJR01,2023-08-15,37.591433937042666,
RJR01,2023-08-16,37.2605456887242,
RJR01,2023-08-17,34.10761525676806,
RJR01,2023-08-18,42.82321682405429,
RJR01,2023-08-19,59.907491252733806,
RJR01,2023-08-20,59.46134005821398,
RJR01,2023-08-21,43.746203365491986,
RJR01,2023-08-22,31.607677247670413,
RJR01,2023-08-23,21.111363347365653,
RJR01,2023-08-24,36.27391300653281,
RJR01,2023-08-25,38.45683196199066,
RJR01,2023-08-26,63.4978094955253,
RJR01,2023-08-27,58.41133961564638,
RJR01,2023-08-28,41.629631185716526,
RJR01,2023-08-29,84.39391308645462,
RJR01,2023-08-30,38.60612511858427,
RJR01,2023-08-31,18.34037613728552,
RJR01,2023-09-01,37.448302891465566,
RJR01,2023-09-02,58.57727122884449,
RJR01,2023-09-03,37.55070261286135,
RJR01,2023-09-04,30.008703935811415,
RJR01,2023-09-05,30.840589030601873,
RJR01,2023-09-06,25.2512342661663,
RJR01,2023-09-07,24.263933806770297,
RJR01,2023-09-08,33.99619083570304,
RJR01,2023-09-09,72.42258926508396,
RJR01,2023-09-10,43.81735194615836,
RJR01,2023-09-11,28.65439917336156,
RJR01,2023-09-12,50.50153929040322,
RJR01,2023-09-13,47.28346059119375,
RJR01,2023-09-14,14.615475868852915,
RJR01,2023-09-15,29.263372140369523,
RJR01,2023-09-16,76.98443953121316,
RJR01,2023-09-17,44.33495019244719,
RJR01,2023-09-18,27.86319873519985,
RJR01,2023-09-19,25.174251124200243,
RJR01,2023-09-20,22.137783515328508,
RJR01,2023-09-21,49.009928890418166,
RJR01,2023-09-22,31.255674065748,
RJR01,2023-09-23,62.6069560862553,
RJR01,2023-09-24,30.240170532919855,
RJR01,2023-09-25,24.9699000507682,
RJR01,2023-09-26,25.98699135243974,
RJR01,2023-09-27,28.146726214695825,
RJR01,2023-09-28,69.9244220972466,
RJR01,2023-09-29,81.76226892193178,
RJR01,2023-09-30,71.11618360888141,
RJR01,2023-10-01,100.58650081055771,
RJR01,2023-10-02,105.646202637512,
RJR01,2023-10-03,50.67473606542096,
RJR01,2023-10-04,35.63203415586125,
RJR01,2023-10-05,39.27797529816226,
RJR01,2023-10-06,59.3964174294233,
RJR01,2023-10-07,74.77269734281765,
RJR01,2023-10-08,80.82787483547209,
RJR01,2023-10-09,51.41061605742989,
RJR01,2023-10-10,48.634840154014356,
RJR01,2023-10-11,78.75323630672088,
RJR01,2023-10-12,75.97561422658615,
RJR01,2023-10-13,43.244992631893396,
RJR01,2023-10-14,68.76064056707914,
RJR01,2023-10-15,56.98953429231681,
RJR01,2023-10-16,77.54646184584884,
RJR01,2023-10-17,49.52713937465225,
RJR01,2023-10-18,66.98156905795625,
RJR01,2023-10-19,56.84966452427842,
RJR01,2023-10-20,63.743958403543395,
RJR01,2023-10-21,75.71285125529002,
RJR01,2023-10-22,60.838355012208666,
RJR01,2023-10-23,66.93542336197223,
RJR01,2023-10-24,66.3522874188703,
RJR01,2023-10-25,81.03287809999073,
RJR01,2023-10-26,88.66444483808934,
RJR01,2023-10-27,90.22892907046163,
RJR01,2023-10-28,78.04512464658725,
RJR01,2023-10-29,106.98234638300315,
RJR01,2023-10-30,85.4510849152617,
RJR01,2023-10-31,74.6266727060817,
RJR01,2023-11-01,95.08869900806845,
RJR01,2023-11-02,91.80427264140113,
RJR01,2023-11-03,92.75633976518684,
RJR01,2023-11-04,94.12940381815527,
RJR01,2023-11-05,75.1311725404306,
RJR01,2023-11-06,115.06339403100311,
RJR01,2023-11-07,65.63658436282685,
RJR01,2023-11-08,79.20960695201856,
RJR01,2023-11-09,87.03158242113285,
RJR01,2023-11-10,64.80876586228767,
RJR01,2023-11-11,87.29207898130997,
RJR01,2023-11-12,67.79623430159111,
RJR01,2023-11-13,58.75827625993953,
RJR01,2023-11-14,49.841563558452386,
RJR01,2023-11-15,35.11070288186733,
RJR01,2023-11-16,66.4649624856777,
RJR01,2023-11-17,65.39048782476033,
RJR01,2023-11-18,83.44505958491108,
RJR01,2023-11-19,44.47026279741471,
RJR01,2023-11-20,38.52672842860695,
RJR01,2023-11-21,35.85667589400727,
RJR01,2023-11-22,25.071966535176088,
RJR01,2023-11-23,62.25819653981456,
RJR01,2023-11-24,49.40721718903349,
RJR01,2023-11-25,74.23484546255547,
RJR01,2023-11-26,34.33214848980024,
RJR01,2023-11-27,37.27465381808554,
RJR01,2023-11-28,30.587875499158994,
RJR01,2023-11-29,31.30787184027784,
RJR01,2023-11-30,28.250199301973854,
RJR01,2023-12-01,34.025779317522336,
RJR01,2023-12-02,52.56734289031174,
RJR01,2023-12-03,26.888268932351636,
RJR01,2023-12-04,16.629567819915454,
RJR01,2023-12-05,17.21873220203145,
RJR01,2023-12-06,20.91848069792215,
RJR01,2023-12-07,29.280657803718565,
RJR01,2023-12-08,27.512234311006335,
RJR01,2023-12-09,52.321579669130166,
RJR01,2023-12-10,32.047213221492925,
RJR01,2023-12-11,20.391811600998594,
RJR01,2023-12-12,9.047368778729496,
RJR01,2023-12-13,16.035297681724355,
RJR01,2023-12-14,17.37160648335686,
RJR01,2023-12-15,34.23133561656599,
RJR01,2023-12-16,59.72926378342336,
RJR01,2023-12-17,38.259304971916144,
RJR01,2023-12-18,35.4150994573336,
RJR01,2023-12-19,58.35606028840868,
RJR01,2023-12-20,11.413439401429201,
RJR01,2023-12-21,29.59667182447391,
RJR01,2023-12-22,41.00421377438776,
RJR01,2023-12-23,73.98578639729337,
RJR01,2023-12-24,78.52080794380389,
RJR01,2023-12-25,31.59156406941253,
RJR01,2023-12-26,28.214957445993416,
RJR01,2023-12-27,28.22538936539695,
RJR01,2023-12-28,28.96062031847211,
RJR01,2023-12-29,42.21853086298899,
RJR01,2023-12-30,73.25928838211826,
RJR01,2023-12-31,79.99330237951764,
RJR01,2024-01-01,16.772363109947396,
RJR01,2024-01-02,14.83747416076747,
RJR01,2024-01-03,11.94926018143221,
RJR01,2024-01-04,18.391557974439323,
RJR01,2024-01-05,23.593937836126557,
RJR01,2024-01-06,46.114770485314864,
RJR01,2024-01-07,43.38645234527963,
RJR01,2024-01-08,39.247795470524494,
RJR01,2024-01-09,30.708112578006148,
RJR01,2024-01-10,16.282498061303908,
RJR01,2024-01-11,22.547255862173056,
RJR01,2024-01-12,28.438831792702576,
RJR01,2024-01-13,37.63581744370924,
RJR01,2024-01-14,39.25509357343651,
RJR01,2024-01-15,29.75390039100415,
RJR01,2024-01-16,28.457461141535283,
RJR01,2024-01-17,37.18123498403892,
RJR01,2024-01-18,38.0929075990183,
RJR01,2024-01-19,39.25495729880006,
RJR01,2024-01-20,47.71340695996533,
RJR01,2024-01-21,26.045903083465337,
RJR01,2024-01-22,33.652534438296485,
RJR01,2024-01-23,24.98974955418909,
RJR01,2024-01-24,27.527937928578368,
RJR01,2024-01-25,24.702720595347586,
RJR01,2024-01-26,32.99471396760589,
RJR01,2024-01-27,37.8665223364534,
RJR01,2024-01-28,36.16632781489776,
RJR01,2024-01-29,51.04878423481574,
RJR01,2024-01-30,20.148956353245026,
RJR01,2024-01-31,22.66694890402085,
RJR01,2024-02-01,21.337866980153272,
RJR01,2024-02-02,25.063387048102175,
RJR01,2024-02-03,40.941306268005604,
RJR01,2024-02-04,33.82789739552165,
RJR01,2024-02-05,19.362574387321985,
RJR01,2024-02-06,24.792985695819898,
RJR01,2024-02-07,17.95047930269313,
RJR01,2024-02-08,25.775710586406518,
RJR01,2024-02-09,63.99913636477643,
RJR01,2024-02-10,79.05034999142244,
RJR01,2024-02-11,82.86267049647294,
RJR01,2024-02-12,40.793306349476495,
RJR01,2024-02-13,31.491480953738044,
RJR01,2024-02-14,25.18045325357195,
RJR01,2024-02-15,47.69709961255568,
RJR01,2024-02-16,23.338935053414417,
RJR01,2024-02-17,38.729219444630736,
RJR01,2024-02-18,37.21511677931435,
RJR01,2024-02-19,15.605354491075653,
RJR01,2024-02-20,16.96879401552695,
RJR01,2024-02-21,13.99518516034208,
RJR01,2024-02-22,17.824815953705016,
RJR01,2024-02-23,36.85177382877356,
RJR01,2024-02-24,61.16979123900436,
RJR01,2024-02-25,62.022599886122954,
RJR01,2024-02-26,55.54961963530806,
RJR01,2024-02-27,48.894191948779024,
RJR01,2024-02-28,49.48075686612068,
RJR01,2024-02-29,93.16788440392361,
RJR01,2024-03-01,80.79248877981072,
RJR01,2024-03-02,74.70664931386021,
RJR01,2024-03-03,41.34209705653637,
RJR01,2024-03-04,33.48479906010849,
RJR01,2024-03-05,35.866514498034,
RJR01,2024-03-06,57.12516397377319,
RJR01,2024-03-07,93.18221619523773,
RJR01,2024-03-08,87.0554934745639,
RJR01,2024-03-09,71.24902853529306,
RJR01,2024-03-10,84.6565142907842,
RJR01,2024-03-11,81.63945137108176,
RJR01,2024-03-12,83.00313096261083,
RJR01,2024-03-13,97.27892235231226,
RJR01,2024-03-14,100.49257277120176,
RJR01,2024-03-15,101.8295791706818,
RJR01,2024-03-16,76.14532521820392,
RJR01,2024-03-17,92.77216507169626,
RJR01,2024-03-18,102.06152337225144,
RJR01,2024-03-19,85.98431976738108,
RJR01,2024-03-20,95.44564541633433,
RJR01,2024-03-21,103.83817738790418,
RJR01,2024-03-22,63.35756950413924,
RJR01,2024-03-23,72.82056181879238,
RJR01,2024-03-24,55.314905269911804,
RJR01,2024-03-25,63.23490183632317,
RJR01,2024-03-26,67.90162143819023,
RJR01,2024-03-27,69.75819748360448,
RJR01,2024-03-28,75.40794526254442,
RJR01,2024-03-29,76.00846214913426,
RJR01,2024-03-30,83.22636120842897,
RJR01,2024-03-31,78.6372337040875,
RJR01,2024-04-01,108.68138417851162,
RJR01,2024-04-02,104.84483090200438,
RJR01,2024-04-03,107.3800127430669,
RJR01,2024-04-04,101.1942127505789,
RJR01,2024-04-05,87.14587935351668,
RJR01,2024-04-06,86.09928568688343,
RJR01,2024-04-07,94.0273020426978,
RJR01,2024-04-08,105.29622836874255,
RJR01,2024-04-09,99.4929467724643,
RJR01,2024-04-10,92.52697837320366,
RJR01,2024-04-11,91.45535711161344,
RJR01,2024-04-12,80.69133508199715,
RJR01,2024-04-13,69.41054514690808,
RJR01,2024-04-14,48.838977092869676,
RJR01,2024-04-15,64.4968023231368,
RJR01,2024-04-16,26.368056068185712,
RJR01,2024-04-17,48.601850254005335,
RJR01,2024-04-18,48.33996986942,
RJR01,2024-04-19,66.2799168365156,
RJR01,2024-04-20,73.34162764342636,
RJR01,2024-04-21,45.433873690490124,
RJR01,2024-04-22,44.96883991443745,
RJR01,2024-04-23,39.1207125914182,
RJR01,2024-04-24,51.528197765010475,
RJR01,2024-04-25,47.16354000320768,
RJR01,2024-04-26,62.915915559853715,
RJR01,2024-04-27,68.38522871094277,
RJR01,2024-04-28,50.48253055688013,
RJR01,2024-04-29,55.48452185813719,
RJR01,2024-04-30,51.61131978279329,
RJR01,2024-05-01,64.25251567958266,
RJR01,2024-05-02,53.616280407170606,
RJR01,2024-05-03,85.15786818512645,
RJR01,2024-05-04,75.19380286570782,
RJR01,2024-05-05,72.7936763449944,
RJR01,2024-05-06,38.36000735213601,
RJR01,2024-05-07,23.23462036270093,
RJR01,2024-05-08,25.62972667063612,
RJR01,2024-05-09,29.510287182507327,
RJR01,2024-05-10,77.91142073373678,
RJR01,2024-05-11,67.49466787050247,
RJR01,2024-05-12,66.73530728821547,
RJR01,2024-05-13,84.57108740492389,
RJR01,2024-05-14,91.5183481220893,
RJR01,2024-05-15,54.89886319097739,
RJR01,2024-05-16,77.46010587596936,
RJR01,2024-05-17,62.49136321423364,
RJR01,2024-05-18,74.12137916504854,
RJR01,2024-05-19,34.332877537890276,
RJR01,2024-05-20,40.6691368260506,
RJR01,2024-05-21,36.345736204585826,
RJR01,2024-05-22,77.32482632508408,
RJR01,2024-05-23,80.22372804843454,
RJR01,2024-05-24,37.60472812978921,
RJR01,2024-05-25,70.53903541135439,
RJR01,2024-05-26,63.17131429265396,
RJR01,2024-05-27,46.01774139316603,
RJR01,2024-05-28,26.204986562442947,
RJR01,2024-05-29,35.92973382030569,
RJR01,2024-05-30,69.75953047696629,
RJR01,2024-05-31,41.439564636728896,
RJR01,2024-06-01,71.43126553653504,
RJR01,2024-06-02,47.76031797070834,
RJR01,2024-06-03,35.791614867353005,
RJR01,2024-06-04,54.833926297720375,
RJR01,2024-06-05,41.33783823502281,
RJR01,2024-06-06,83.68831980911361,
RJR01,2024-06-07,84.28940347586104,
RJR01,2024-06-08,69.79986438250758,
RJR01,2024-06-09,37.385692247108125,35.77235419501078
RJR01,2024-06-10,60.060783631433644,42.44943177788437
RJR01,2024-06-11,25.865106841987977,26.328845286508958
RJR01,2024-06-12,56.38587399944572,50.25509226009691
RJR01,2024-06-13,71.4010634522819,68.82448203293582
RJR01,2024-06-14,80.32094978469325,74.02011248029872
RJR01,2024-06-15,71.2037504219985,69.09956058854691
RJR01,2024-06-16,48.15205412331544,48.85944815141881
RJR01,2024-06-17,92.24424497696442,64.61526858938232
RJR01,2024-06-18,26.609996094279754,30.51077320074031
RJR01,2024-06-19,60.43606155106677,35.80740828596219
RJR01,2024-06-20,35.33925555753608,45.867352170040206
RJR01,2024-06-21,47.57862972297291,49.93698414089303
RJR01,2024-06-22,63.25195504562566,58.033753876869945
RJR01,2024-06-23,56.5696062707197,71.53724433436209
RJR01,2024-06-24,34.56434402540816,33.897803440549666
RJR01,2024-06-25,35.02954246396963,28.312734818109973
RJR01,2024-06-26,32.29628623583176,30.39847790959109
RJR01,2024-06-27,31.711680801496495,37.150609511022104
RJR01,2024-06-28,36.57060860246796,42.68817385097052
RJR01,2024-06-29,66.44088225111699,62.20300749400206
RJR01,2024-06-30,30.10289416255628,37.083611788921075
RJR01,2024-07-01,35.23003097575778,32.74118391517044
RJR01,2024-07-02,24.726060194690938,24.41808487441152
RJR01,2024-07-03,20.117161387857152,19.556150556360112
RJR01,2024-07-04,24.78053827962191,23.872227676273642
RJR01,2024-07-05,47.17272514122004,45.97826995217641
RJR01,2024-07-06,58.30104552567614,64.27454938903371
RJR01,2024-07-07,26.17014916869913,38.80720102888424
RJR01,2024-07-08,24.824153751678438,20.088423457044897
RJR01,2024-07-09,28.44671859070267,28.160929649548095
RJR01,2024-07-10,21.69254330991,22.148576162972113
RJR01,2024-07-11,49.59243068241129,49.3431746406664
RJR01,2024-07-12,36.91384935719409,56.99529925491838
RJR01,2024-07-13,69.68505654852247,62.75120597698475
RJR01,2024-07-14,46.40128402583176,62.456603254956185
RJR01,2024-07-15,28.719582459144775,28.992105443341103
RJR01,2024-07-16,48.15430105703228,42.8741430904475
RJR01,2024-07-17,28.02868791611545,30.543602917358026
RJR01,2024-07-18,31.230176256152642,36.23458905480764
RJR01,2024-07-19,27.124965429582165,26.11175956744689
RJR01,2024-07-20,39.528077744160434,40.569619159100135
RJR01,2024-07-21,31.800813775951298,42.59044442397281
RJR01,2024-07-22,29.354429089966686,37.45813443826584
RJR01,2024-07-23,30.76979372788488,38.46253716097876
RJR01,2024-07-24,28.99033552094265,28.036340251795302
RJR01,2024-07-25,42.26472077175229,51.451960390449216
RJR01,2024-07-26,44.322900574082986,54.13856628153346
RJR01,2024-07-27,59.16069196174388,57.92587799372795
RJR01,2024-07-28,59.88182405900699,53.986071201888564
RJR01,2024-07-29,65.07274021211093,58.540885093395936
RJR01,2024-07-30,58.953639230457256,51.90050447118786
RJR01,2024-07-31,62.81470565141695,49.06396212439821
RJR01,2024-08-01,65.76009002830584,55.83579834977996
RJR01,2024-08-02,60.012200293986645,45.842757440883666
RJR01,2024-08-03,59.8883662958872,45.01281206693298
RJR01,2024-08-04,42.89569475624167,26.456649056485613
RJR01,2024-08-05,42.740330013511425,30.889816689612044
RJR01,2024-08-06,35.5217616293978,30.530430126725957
RJR01,2024-08-07,23.686923153687307,24.41377436210726
RJR01,2024-08-08,29.48399816699988,24.146434967734265
RJR01,2024-08-09,51.978204377667126,46.12489749348551
RJR01,2024-08-10,63.41346069324758,59.74429955877864
RJR01,2024-08-11,61.58657591224347,60.0397370679869
RJR01,2024-08-12,65.8835629001306,60.78133664439329
RJR01,2024-08-13,69.21299628879443,62.3688087145528
RJR01,2024-08-14,47.92377980428137,50.81150355940871
RJR01,2024-08-15,82.87740007082849,60.09544450010852
RJR01,2024-08-16,75.43675831652595,75.68714470547432
RJR01,2024-08-17,61.1527010844782,55.45930501146433
RJR01,2024-08-18,35.87235201611086,30.314946623270888
RJR01,2024-08-19,25.547556144771857,18.635275922565654
RJR01,2024-08-20,16.394944294914886,15.591592017686574
RJR01,2024-08-21,14.535576482700312,12.021879551540891
RJR01,2024-08-22,16.206330759804292,18.270522874653736
RJR01,2024-08-23,44.831018229299715,37.03494857427497
RJR01,2024-08-24,38.65215909558574,45.458879177135294
RJR01,2024-08-25,58.37427835012979,76.56020058695056
RJR01,2024-08-26,73.65526748528002,86.25844479871408
RJR01,2024-08-27,45.906042872570225,69.6544719696409
RJR01,2024-08-28,28.66798611301358,32.560398068738365
RJR01,2024-08-29,89.73008450129247,70.20302480236433
RJR01,2024-08-30,61.73116561701054,72.05859470656846
RJR01,2024-08-31,59.58486509923291,62.67008868252169
RJR01,2024-09-01,32.437442596793744,33.335206330557774
RJR01,2024-09-02,45.96903312123399,32.48824334651244
RJR01,2024-09-03,22.58303145298908,22.565026664704032
RJR01,2024-09-04,18.753502654786146,14.724870102715151
RJR01,2024-09-05,66.89642965598964,49.777956641089446
RJR01,2024-09-06,42.01423888551682,62.40423577440167
RJR01,2024-09-07,51.10786445726553,57.141463965708475
RJR01,2024-09-08,33.06587318684826,37.66551758479198
RJR01,2024-09-09,26.02627038470693,19.87418462931539
RJR01,2024-09-10,23.501341066379005,19.996005383315133
RJR01,2024-09-11,51.5191674930995,67.96791495601151
RJR01,2024-09-12,12.303670532308733,9.065752363720184
RJR01,2024-09-13,28.943615364179692,27.286552139980408
RJR01,2024-09-14,59.22115347283168,47.741639323653125
RJR01,2024-09-15,73.92442875749397,73.26453134944965
RJR01,2024-09-16,69.59465455984076,70.05034579677589
RJR01,2024-09-17,64.08232755505998,66.84677097313599
RJR01,2024-09-18,53.59196434464515,94.96568663094541
RJR01,2024-09-19,48.129374283199965,65.18720036289055
RJR01,2024-09-20,28.621823574746738,37.20137717648926
RJR01,2024-09-21,36.75061538589221,35.43284571102729
RJR01,2024-09-22,32.8455817876071,27.072109838190965
RJR01,2024-09-23,43.31849469565843,39.35735548322476
RJR01,2024-09-24,32.53434373149548,36.48421109490722
RJR01,2024-09-25,43.3215432938594,45.41357883381811
RJR01,2024-09-26,61.48731744140929,64.86708099054985
RJR01,2024-09-27,43.2187990692043,48.95226596009295
RJR01,2024-09-28,67.58716517766905,64.2802309773252
RJR01,2024-09-29,63.98645198574014,62.37478700123482
RJR01,2024-09-30,77.4849678080419,68.224229403976
RKT01,2023-01-01,84.86396491146095,
RKT01,2023-01-02,46.512196930995515,
RKT01,2023-01-03,27.170070177542453,
RKT01,2023-01-04,24.59212030641068,
RKT01,2023-01-05,53.36604848275631,
RKT01,2023-01-06,86.1291989075447,
RKT01,2023-01-07,126.09972823448182,
RKT01,2023-01-08,92.59461484755757,
RKT01,2023-01-09,100.51951550193456,
RKT01,2023-01-10,82.3168308840467,
RKT01,2023-01-11,76.91982178237934,
RKT01,2023-01-12,76.25688965005361,
RKT01,2023-01-13,114.35020870935006,
RKT01,2023-01-14,99.20568955748828,
RKT01,2023-01-15,78.27122249184386,
RKT01,2023-01-16,52.51946209319306,
RKT01,2023-01-17,58.65877044151704,
RKT01,2023-01-18,31.715558530073576,
RKT01,2023-01-19,44.448426288598924,
RKT01,2023-01-20,69.5099965881742,
RKT01,2023-01-21,120.91553600010742,
RKT01,2023-01-22,157.4645944347693,
RKT01,2023-01-23,149.38870059246736,
RKT01,2023-01-24,115.27814749262468,
RKT01,2023-01-25,60.5834719263847,
RKT01,2023-01-26,54.44726778884056,
RKT01,2023-01-27,91.00648653814292,
RKT01,2023-01-28,121.6966361237751,
RKT01,2023-01-29,136.7370853584906,
RKT01,2023-01-30,107.53556607997632,
RKT01,2023-01-31,88.24662266388847,
RKT01,2023-02-01,88.20595780139202,
RKT01,2023-02-02,115.4904519518153,
RKT01,2023-02-03,147.3790534483078,
RKT01,2023-02-04,158.60861561699585,
RKT01,2023-02-05,176.24005080482542,
RKT01,2023-02-06,118.46271475754837,
RKT01,2023-02-07,123.70476726705223,
RKT01,2023-02-08,103.41490257074761,
RKT01,2023-02-09,128.3389479549368,
RKT01,2023-02-10,180.98178451210396,
RKT01,2023-02-11,155.81629140597855,
RKT01,2023-02-12,205.38777160971463,
RKT01,2023-02-13,166.89229914333188,
RKT01,2023-02-14,136.34675639062806,
RKT01,2023-02-15,136.4315882574569,
RKT01,2023-02-16,160.55264147010783,
RKT01,2023-02-17,191.7683702888116,
RKT01,2023-02-18,173.24465178611365,
RKT01,2023-02-19,211.27681133780706,
RKT01,2023-02-20,215.7646382406564,
RKT01,2023-02-21,197.146924170443,
RKT01,2023-02-22,190.24981305452067,
RKT01,2023-02-23,216.37975639594765,
RKT01,2023-02-24,201.31009129032148,
RKT01,2023-02-25,188.64619670154443,
RKT01,2023-02-26,215.2645316493097,
RKT01,2023-02-27,227.00766035746747,
RKT01,2023-02-28,233.29646094529983,
RKT01,2023-03-01,160.7570915748215,
RKT01,2023-03-02,127.44023769184784,
RKT01,2023-03-03,128.4523212729657,
RKT01,2023-03-04,158.15756499858352,
RKT01,2023-03-05,110.88297364550905,
RKT01,2023-03-06,112.1654654414931,
RKT01,2023-03-07,91.43076684344491,
RKT01,2023-03-08,66.91521033098911,
RKT01,2023-03-09,78.79700193273011,
RKT01,2023-03-10,124.79062050520206,
RKT01,2023-03-11,155.13518182200363,
RKT01,2023-03-12,85.21040631270623,
RKT01,2023-03-13,76.76673448383286,
RKT01,2023-03-14,76.51750194673126,
RKT01,2023-03-15,87.41748268148383,
RKT01,2023-03-16,101.3192008792207,
RKT01,2023-03-17,143.2739085294897,
RKT01,2023-03-18,156.2977290569356,
RKT01,2023-03-19,121.75596541728879,
RKT01,2023-03-20,92.87630957538015,
RKT01,2023-03-21,83.00982980809574,
RKT01,2023-03-22,89.31190977564485,
RKT01,2023-03-23,71.9277671012114,
RKT01,2023-03-24,127.32584882305615,
RKT01,2023-03-25,154.30074269869652,
RKT01,2023-03-26,146.99761657580552,
RKT01,2023-03-27,121.28218249488546,
RKT01,2023-03-28,112.02475305338488,
RKT01,2023-03-29,103.00605354974381,
RKT01,2023-03-30,118.38021147819306,
RKT01,2023-03-31,172.0735988043198,
RKT01,2023-04-01,169.47651761100298,
RKT01,2023-04-02,137.90643658953007,
RKT01,2023-04-03,114.92141545183777,
RKT01,2023-04-04,91.50562544185632,
RKT01,2023-04-05,69.88752811138468,
RKT01,2023-04-06,102.64999575155714,
RKT01,2023-04-07,152.22464608944028,
RKT01,2023-04-08,164.92221152851374,
RKT01,2023-04-09,153.59766502266558,
RKT01,2023-04-10,148.36824401297176,
RKT01,2023-04-11,151.9681896465705,
RKT01,2023-04-12,112.97990879366432,
RKT01,2023-04-13,128.20287237779377,
RKT01,2023-04-14,191.87698411008708,
RKT01,2023-04-15,171.463380882304,
RKT01,2023-04-16,186.3191059611744,
RKT01,2023-04-17,155.7116521486465,
RKT01,2023-04-18,176.1855568559489,
RKT01,2023-04-19,114.43229283976443,
RKT01,2023-04-20,136.6794957275069,
RKT01,2023-04-21,167.2321851888737,
RKT01,2023-04-22,153.37839803099575,
RKT01,2023-04-23,168.38651354295578,
RKT01,2023-04-24,134.0269421154975,
RKT01,2023-04-25,128.86193939666956,
RKT01,2023-04-26,130.0515223582384,
RKT01,2023-04-27,122.08701187666654,
RKT01,2023-04-28,179.78157967346368,
RKT01,2023-04-29,158.41260457888583,
RKT01,2023-04-30,212.88745126104476,
RKT01,2023-05-01,111.13441717634169,
RKT01,2023-05-02,69.52513517077894,
RKT01,2023-05-03,68.04931409761994,
RKT01,2023-05-04,128.46215781178176,
RKT01,2023-05-05,140.87797638672424,
RKT01,2023-05-06,131.1478850450805,
RKT01,2023-05-07,97.21317216979577,
RKT01,2023-05-08,77.51336334649683,
RKT01,2023-05-09,85.26847003133312,
RKT01,2023-05-10,88.54791827313285,
RKT01,2023-05-11,95.84361565529449,
RKT01,2023-05-12,119.43970637318067,
RKT01,2023-05-13,139.24526549666174,
RKT01,2023-05-14,120.98308230311909,
RKT01,2023-05-15,100.82470368505015,
RKT01,2023-05-16,91.67806617306012,
RKT01,2023-05-17,90.39795923750268,
RKT01,2023-05-18,92.84864451668079,
RKT01,2023-05-19,146.84955264476918,
RKT01,2023-05-20,150.7428402058078,
RKT01,2023-05-21,107.67258831361838,
RKT01,2023-05-22,103.06919347166684,
RKT01,2023-05-23,97.15371773421352,
RKT01,2023-05-24,84.69853415213768,
RKT01,2023-05-25,89.34834866444535,
RKT01,2023-05-26,113.67105151039249,
RKT01,2023-05-27,94.42096288664942,
RKT01,2023-05-28,89.29038315044524,
RKT01,2023-05-29,119.58010993653157,
RKT01,2023-05-30,96.31392564933222,
RKT01,2023-05-31,71.90517894154843,
RKT01,2023-06-01,88.38231929394526,
RKT01,2023-06-02,94.52390621693695,
RKT01,2023-06-03,100.18739769253499,
RKT01,2023-06-04,120.51514003226242,
RKT01,2023-06-05,120.0,
RKT01,2023-06-06,117.27129726670887,
RKT01,2023-06-07,88.8798319957522,
RKT01,2023-06-08,82.58495284989071,
RKT01,2023-06-09,101.89816621222133,
RKT01,2023-06-10,93.26687471954175,
RKT01,2023-06-11,108.54212083387507,
RKT01,2023-06-12,107.10486306672125,
RKT01,2023-06-13,82.83329581042429,
RKT01,2023-06-14,82.87970901460183,
RKT01,2023-06-15,97.7427608108027,
RKT01,2023-06-16,93.97283457670714,
RKT01,2023-06-17,94.52452162967816,
RKT01,2023-06-18,112.32153552872704,
RKT01,2023-06-19,116.3106794742461,
RKT01,2023-06-20,112.56433343122231,
RKT01,2023-06-21,89.6374398870294,
RKT01,2023-06-22,111.5753392892494,
RKT01,2023-06-23,108.32428091403156,
RKT01,2023-06-24,95.19572523651597,
RKT01,2023-06-25,103.97489167496514,
RKT01,2023-06-26,134.14043660061134,
RKT01,2023-06-27,112.24527845851304,
RKT01,2023-06-28,111.90029309120054,
RKT01,2023-06-29,98.63079959244877,
RKT01,2023-06-30,98.3661816012902,
RKT01,2023-07-01,90.6358562250237,
RKT01,2023-07-02,110.96177567335926,
RKT01,2023-07-03,121.97260889973414,
RKT01,2023-07-04,119.41480681780989,
RKT01,2023-07-05,113.6550267527406,
RKT01,2023-07-06,118.7451915016493,
RKT01,2023-07-07,107.80632802488128,
RKT01,2023-07-08,118.86567371108667,
RKT01,2023-07-09,114.07015518213568,
RKT01,2023-07-10,116.26717416527244,
RKT01,2023-07-11,122.11539160359646,
RKT01,2023-07-12,126.2910242477982,
RKT01,2023-07-13,101.48083938618727,
RKT01,2023-07-14,102.59617973656064,
RKT01,2023-07-15,89.83351150547338,
RKT01,2023-07-16,88.05806135631418,
RKT01,2023-07-17,99.67971665758593,
RKT01,2023-07-18,96.0843796120213,
RKT01,2023-07-19,111.93327635666581,
RKT01,2023-07-20,118.60414712654783,
RKT01,2023-07-21,147.16338136520858,
RKT01,2023-07-22,111.4577391871094,
RKT01,2023-07-23,98.29792654393019,
RKT01,2023-07-24,101.05131802291493,
RKT01,2023-07-25,91.59295374785839,
RKT01,2023-07-26,93.70663170261605,
RKT01,2023-07-27,103.52961145507082,
RKT01,2023-07-28,111.94349809228198,
RKT01,2023-07-29,105.11723624467157,
RKT01,2023-07-30,116.70382439743342,
RKT01,2023-07-31,108.09745834803235,
RKT01,2023-08-01,97.25152760171352,
RKT01,2023-08-02,110.34028647385723,
RKT01,2023-08-03,117.66166163451956,
RKT01,2023-08-04,115.08865534473755,
RKT01,2023-08-05,127.48006233308185,
RKT01,2023-08-06,109.59999838450366,
RKT01,2023-08-07,96.29558002726266,
RKT01,2023-08-08,83.83223968424011,
RKT01,2023-08-09,70.80553073805979,
RKT01,2023-08-10,57.925811062391425,
RKT01,2023-08-11,101.70899458106726,
RKT01,2023-08-12,112.40501571806189,
RKT01,2023-08-13,139.99580915347173,
RKT01,2023-08-14,139.3454234832853,
RKT01,2023-08-15,121.19421680931936,
RKT01,2023-08-16,123.66227779573227,
RKT01,2023-08-17,129.57070906598915,
RKT01,2023-08-18,136.50690950765159,
RKT01,2023-08-19,111.84247132798184,
RKT01,2023-08-20,119.74315809070217,
RKT01,2023-08-21,128.7144799480295,
RKT01,2023-08-22,105.93141572486701,
RKT01,2023-08-23,113.49093650338253,
RKT01,2023-08-24,112.1834066663394,
RKT01,2023-08-25,128.11526744458035,
RKT01,2023-08-26,115.9401814020948,
RKT01,2023-08-27,136.92350281029988,
RKT01,2023-08-28,150.58851895305776,
RKT01,2023-08-29,154.36251758856017,
RKT01,2023-08-30,148.14447540053553,
RKT01,2023-08-31,142.50413922437824,
RKT01,2023-09-01,141.4969613316878,
RKT01,2023-09-02,129.36060138254288,
RKT01,2023-09-03,132.70491456546358,
RKT01,2023-09-04,132.9408667475062,
RKT01,2023-09-05,107.65028871486555,
RKT01,2023-09-06,106.3330832899999,
RKT01,2023-09-07,126.84875496064097,
RKT01,2023-09-08,137.36309455766445,
RKT01,2023-09-09,134.52928458713322,
RKT01,2023-09-10,119.90771003613621,
RKT01,2023-09-11,117.30950167509641,
RKT01,2023-09-12,98.77448764082371,
RKT01,2023-09-13,82.92666842535176,
RKT01,2023-09-14,91.09770005396798,
RKT01,2023-09-15,105.99603321625808,
RKT01,2023-09-16,104.73700134623982,
RKT01,2023-09-17,88.38731750755198,
RKT01,2023-09-18,88.88385196180272,
RKT01,2023-09-19,71.13183408378013,
RKT01,2023-09-20,67.24940141806466,
RKT01,2023-09-21,79.61126259358777,
RKT01,2023-09-22,93.99140622939004,
RKT01,2023-09-23,110.05361800077328,
RKT01,2023-09-24,54.07088168282065,
RKT01,2023-09-25,43.00004114897397,
RKT01,2023-09-26,33.629339002613534,
RKT01,2023-09-27,56.52682064675507,
RKT01,2023-09-28,114.42788792750677,
RKT01,2023-09-29,118.74307075086143,
RKT01,2023-09-30,108.16433127493484,
RKT01,2023-10-01,154.82590318928138,
RKT01,2023-10-02,145.44735248026421,
RKT01,2023-10-03,72.71431879939529,
RKT01,2023-10-04,78.51013906696285,
RKT01,2023-10-05,87.24913136002748,
RKT01,2023-10-06,94.35725182066828,
RKT01,2023-10-07,125.65111997066579,
RKT01,2023-10-08,119.49093056565202,
RKT01,2023-10-09,82.53006604485917,
RKT01,2023-10-10,83.63598863793801,
RKT01,2023-10-11,86.40036977266429,
RKT01,2023-10-12,81.22095634647773,
RKT01,2023-10-13,109.55895596378728,
RKT01,2023-10-14,120.81974246363826,
RKT01,2023-10-15,103.7072466720403,
RKT01,2023-10-16,105.74494021529814,
RKT01,2023-10-17,118.50102691674834,
RKT01,2023-10-18,101.54246641606466,
RKT01,2023-10-19,102.05156580768619,
RKT01,2023-10-20,130.55915921288795,
RKT01,2023-10-21,126.45304872452695,
RKT01,2023-10-22,134.1822745748822,
RKT01,2023-10-23,181.26523361905592,
RKT01,2023-10-24,116.79543226000175,
RKT01,2023-10-25,116.87809888472911,
RKT01,2023-10-26,138.4279040833863,
RKT01,2023-10-27,141.01894312106364,
RKT01,2023-10-28,115.70888763863896,
RKT01,2023-10-29,122.3984597785126,
RKT01,2023-10-30,99.07942613126181,
RKT01,2023-10-31,87.60098419405337,
RKT01,2023-11-01,82.94419982777853,
RKT01,2023-11-02,106.36689670702685,
RKT01,2023-11-03,130.8831849729742,
RKT01,2023-11-04,129.0023076904343,
RKT01,2023-11-05,94.7118265082758,
RKT01,2023-11-06,81.71859821789421,
RKT01,2023-11-07,83.00491298542106,
RKT01,2023-11-08,65.03364476961106,
RKT01,2023-11-09,81.02249363537156,
RKT01,2023-11-10,111.476081772734,
RKT01,2023-11-11,121.80020954689154,
RKT01,2023-11-12,121.61736422516051,
RKT01,2023-11-13,99.10172500726348,
RKT01,2023-11-14,68.78545831647143,
RKT01,2023-11-15,68.34681832739288,
RKT01,2023-11-16,101.44006005182035,
RKT01,2023-11-17,134.3553574953721,
RKT01,2023-11-18,132.5796361942376,
RKT01,2023-11-19,129.8483491442793,
RKT01,2023-11-20,89.52973188091673,
RKT01,2023-11-21,45.79526982478631,
RKT01,2023-11-22,45.95392133644413,
RKT01,2023-11-23,107.35948576654806,
RKT01,2023-11-24,127.88295923525024,
RKT01,2023-11-25,128.29533587283387,
RKT01,2023-11-26,148.10950818038134,
RKT01,2023-11-27,138.72419490155545,
RKT01,2023-11-28,114.38641138016796,
RKT01,2023-11-29,86.970583902691,
RKT01,2023-11-30,75.79553521391466,
RKT01,2023-12-01,123.89680927094139,
RKT01,2023-12-02,116.18028444690853,
RKT01,2023-12-03,148.71248979899158,
RKT01,2023-12-04,158.25382380524417,
RKT01,2023-12-05,119.01446432589105,
RKT01,2023-12-06,113.96451115991614,
RKT01,2023-12-07,132.68940972081018,
RKT01,2023-12-08,143.85577881814714,
RKT01,2023-12-09,120.46428072438893,
RKT01,2023-12-10,181.9726036759045,
RKT01,2023-12-11,163.98997153832687,
RKT01,2023-12-12,124.55553899108715,
RKT01,2023-12-13,94.14217001686988,
RKT01,2023-12-14,101.73852745375328,
RKT01,2023-12-15,126.93966514086884,
RKT01,2023-12-16,136.8052908583831,
RKT01,2023-12-17,180.2700073490088,
RKT01,2023-12-18,178.5845496477731,
RKT01,2023-12-19,135.31474914664958,
RKT01,2023-12-20,143.46902258866837,
RKT01,2023-12-21,153.68631484236988,
RKT01,2023-12-22,123.92190575282594,
RKT01,2023-12-23,123.11154810683541,
RKT01,2023-12-24,115.28019138577022,
RKT01,2023-12-25,76.67040763889489,
RKT01,2023-12-26,76.51671103366043,
RKT01,2023-12-27,54.7218571482617,
RKT01,2023-12-28,62.527801442873674,
RKT01,2023-12-29,105.29916841713306,
RKT01,2023-12-30,125.44808431736845,
RKT01,2023-12-31,125.08509260056996,
RKT01,2024-01-01,51.935979020772244,
RKT01,2024-01-02,28.612453181236017,
RKT01,2024-01-03,31.370845824811823,
RKT01,2024-01-04,38.068548131915726,
RKT01,2024-01-05,84.99656934963751,
RKT01,2024-01-06,112.30377732233977,
RKT01,2024-01-07,196.25032940073368,
RKT01,2024-01-08,213.9938904257339,
RKT01,2024-01-09,224.79898440236175,
RKT01,2024-01-10,164.6829142703888,
RKT01,2024-01-11,171.83519237680724,
RKT01,2024-01-12,142.0493075019332,
RKT01,2024-01-13,134.92441414892662,
RKT01,2024-01-14,186.67053846542305,
RKT01,2024-01-15,222.78116727819219,
RKT01,2024-01-16,211.628209457641,
RKT01,2024-01-17,172.06889449491212,
RKT01,2024-01-18,200.7577135749718,
RKT01,2024-01-19,155.46172259542814,
RKT01,2024-01-20,123.4133674724809,
RKT01,2024-01-21,188.68178128329123,
RKT01,2024-01-22,191.28906613136527,
RKT01,2024-01-23,179.19577090489264,
RKT01,2024-01-24,169.4366612705981,
RKT01,2024-01-25,153.7936183412034,
RKT01,2024-01-26,154.81630597459605,
RKT01,2024-01-27,131.9374052580362,
RKT01,2024-01-28,193.06326773558428,
RKT01,2024-01-29,195.336781251936,
RKT01,2024-01-30,189.05610071406923,
RKT01,2024-01-31,171.8356499927362,
RKT01,2024-02-01,184.39856361585834,
RKT01,2024-02-02,139.6018871559184,
RKT01,2024-02-03,126.29479959698618,
RKT01,2024-02-04,164.1938805797922,
RKT01,2024-02-05,152.32699454459103,
RKT01,2024-02-06,117.97349812436184,
RKT01,2024-02-07,117.34793206004932,
RKT01,2024-02-08,123.65161983586007,
RKT01,2024-02-09,108.85238620640702,
RKT01,2024-02-10,139.0875727473908,
RKT01,2024-02-11,161.9345629860557,
RKT01,2024-02-12,158.40366638653867,
RKT01,2024-02-13,189.14119092776414,
RKT01,2024-02-14,177.79991577558323,
RKT01,2024-02-15,189.44167224640614,
RKT01,2024-02-16,154.3708600672859,
RKT01,2024-02-17,133.7660179154013,
RKT01,2024-02-18,182.73594745885276,
RKT01,2024-02-19,230.40431340772187,
RKT01,2024-02-20,209.68150094789732,
RKT01,2024-02-21,179.54897367032822,
RKT01,2024-02-22,209.93399228635337,
RKT01,2024-02-23,186.06944817474445,
RKT01,2024-02-24,129.7918653758293,
RKT01,2024-02-25,205.70784456804475,
RKT01,2024-02-26,263.37275811797684,
RKT01,2024-02-27,257.76805209632795,
RKT01,2024-02-28,216.00249064139194,
RKT01,2024-02-29,208.80082484930338,
RKT01,2024-03-01,162.4845623085285,
RKT01,2024-03-02,140.9782160915784,
RKT01,2024-03-03,93.4397967566474,
RKT01,2024-03-04,93.42229726358399,
RKT01,2024-03-05,72.64069992317276,
RKT01,2024-03-06,69.45687667582202,
RKT01,2024-03-07,64.80024396385384,
RKT01,2024-03-08,86.91439472874791,
RKT01,2024-03-09,134.68853121172552,
RKT01,2024-03-10,121.52798669864225,
RKT01,2024-03-11,88.63033714224758,
RKT01,2024-03-12,72.89964365785592,
RKT01,2024-03-13,75.25855552845846,
RKT01,2024-03-14,73.73788277295353,
RKT01,2024-03-15,136.07826168762963,
RKT01,2024-03-16,139.5522134678098,
RKT01,2024-03-17,158.68226701537367,
RKT01,2024-03-18,102.50005729722048,
RKT01,2024-03-19,69.03178011137258,
RKT01,2024-03-20,75.00964380275408,
RKT01,2024-03-21,103.16195597046556,
RKT01,2024-03-22,133.71501213136784,
RKT01,2024-03-23,141.7357736272353,
RKT01,2024-03-24,181.556275322467,
RKT01,2024-03-25,142.05269159506753,
RKT01,2024-03-26,84.2413912515529,
RKT01,2024-03-27,118.71933102588015,
RKT01,2024-03-28,117.37460042390316,
RKT01,2024-03-29,150.05312047257897,
RKT01,2024-03-30,136.98920618095624,
RKT01,2024-03-31,156.08375210055775,
RKT01,2024-04-01,113.1556302058035,
RKT01,2024-04-02,64.68740704785625,
RKT01,2024-04-03,79.44741401978841,
RKT01,2024-04-04,87.88739441103078,
RKT01,2024-04-05,121.72524674343852,
RKT01,2024-04-06,135.331020339134,
RKT01,2024-04-07,176.63675392242877,
RKT01,2024-04-08,174.42378784888487,
RKT01,2024-04-09,167.7125786035215,
RKT01,2024-04-10,186.7002074147314,
RKT01,2024-04-11,157.2008518032342,
RKT01,2024-04-12,151.6570657353593,
RKT01,2024-04-13,134.88968877230656,
RKT01,2024-04-14,136.0549918971464,
RKT01,2024-04-15,104.78397768450576,
RKT01,2024-04-16,102.2262265767551,
RKT01,2024-04-17,136.7570379773063,
RKT01,2024-04-18,99.0438457698472,
RKT01,2024-04-19,118.43168874530348,
RKT01,2024-04-20,123.29729504643018,
RKT01,2024-04-21,120.92419808247209,
RKT01,2024-04-22,120.88779068089504,
RKT01,2024-04-23,101.58567621279472,
RKT01,2024-04-24,59.060892744393314,
RKT01,2024-04-25,80.37590801299403,
RKT01,2024-04-26,125.99041727315762,
RKT01,2024-04-27,139.73626558421623,
RKT01,2024-04-28,159.7339372250553,
RKT01,2024-04-29,160.85877226521995,
RKT01,2024-04-30,166.19933671285548,
RKT01,2024-05-01,140.82614193761336,
RKT01,2024-05-02,149.51293662575796,
RKT01,2024-05-03,143.54652387060221,
RKT01,2024-05-04,145.73514366882588,
RKT01,2024-05-05,123.9577579484504,
RKT01,2024-05-06,79.78139751018844,
RKT01,2024-05-07,77.03378652786733,
RKT01,2024-05-08,66.38192737369846,
RKT01,2024-05-09,90.93970608168243,
RKT01,2024-05-10,102.10620763400989,
RKT01,2024-05-11,136.45441354256025,
RKT01,2024-05-12,157.37330770415977,
RKT01,2024-05-13,135.8730509091491,
RKT01,2024-05-14,164.6004761884197,
RKT01,2024-05-15,162.05895266243022,
RKT01,2024-05-16,126.96704645813912,
RKT01,2024-05-17,117.52260570893054,
RKT01,2024-05-18,125.13544422686597,
RKT01,2024-05-19,149.21793993068707,
RKT01,2024-05-20,111.32256051505205,
RKT01,2024-05-21,91.30754392060682,
RKT01,2024-05-22,76.3963728072904,
RKT01,2024-05-23,104.66819206112217,
RKT01,2024-05-24,134.8600097519304,
RKT01,2024-05-25,141.26630944088555,
RKT01,2024-05-26,136.87999748938947,
RKT01,2024-05-27,116.91200293076047,
RKT01,2024-05-28,92.3563679423359,
RKT01,2024-05-29,102.8193008390222,
RKT01,2024-05-30,158.2681483404957,
RKT01,2024-05-31,112.0011184330373,
RKT01,2024-06-01,135.70097504802678,
RKT01,2024-06-02,115.44681177164408,
RKT01,2024-06-03,104.83170668668666,
RKT01,2024-06-04,81.48992927254596,
RKT01,2024-06-05,163.92142009851395,
RKT01,2024-06-06,174.28925172923482,
RKT01,2024-06-07,165.2485505234136,
RKT01,2024-06-08,121.61264221376577,
RKT01,2024-06-09,156.3119250768697,128.53756828499758
RKT01,2024-06-10,147.2937475000906,142.91089288069588
RKT01,2024-06-11,114.54956013676814,108.16912506511096
RKT01,2024-06-12,101.47647879694783,101.96117491636741
RKT01,2024-06-13,122.40367236972982,113.62209962215175
RKT01,2024-06-14,145.75181029864171,135.41668758110887
RKT01,2024-06-15,131.05220263029807,134.99624553436482
RKT01,2024-06-16,169.77273238823693,159.21348267234185
RKT01,2024-06-17,157.020424386846,169.36377879624317
RKT01,2024-06-18,119.37808313895158,117.52829712765863
RKT01,2024-06-19,109.31478317383659,104.63029826632511
RKT01,2024-06-20,127.71479845012307,140.899272810938
RKT01,2024-06-21,144.11418224113993,124.82473011226838
RKT01,2024-06-22,124.85082114106031,126.63415198632853
RKT01,2024-06-23,162.3289493829032,150.73860099398738
RKT01,2024-06-24,163.2333896405837,155.96672330675347
RKT01,2024-06-25,132.48871048640612,144.5200287982654
RKT01,2024-06-26,142.50729822534166,132.36633409906335
RKT01,2024-06-27,159.1419446106113,155.67170387552756
RKT01,2024-06-28,157.7241922871009,162.98423327711342
RKT01,2024-06-29,129.94753070205113,139.35370247987345
RKT01,2024-06-30,140.1703422298795,139.54475572026058
RKT01,2024-07-01,121.09414721246367,112.59352049499111
RKT01,2024-07-02,136.7197975244113,121.33385743228656
RKT01,2024-07-03,88.38141922677525,99.64212568300887
RKT01,2024-07-04,102.47126343974942,100.93572148226552
RKT01,2024-07-05,103.43943163279837,101.67564197741041
RKT01,2024-07-06,138.2641393440965,133.80687284456332
RKT01,2024-07-07,110.75571390652277,127.80450536632503
RKT01,2024-07-08,106.6257310417993,121.42235631547778
RKT01,2024-07-09,109.14803473655066,113.51786106120363
RKT01,2024-07-10,124.53954118635967,120.20156002305464
RKT01,2024-07-11,152.48867650783518,153.86840641906514
RKT01,2024-07-12,136.3107693251481,149.15830780175395
RKT01,2024-07-13,160.68638670598992,163.26927155247648
RKT01,2024-07-14,158.9762255070915,149.8425161339306
RKT01,2024-07-15,129.07346955253027,141.34624305250298
RKT01,2024-07-16,147.6650748678226,138.19225390833685
RKT01,2024-07-17,132.07145855552656,138.80215032857768
RKT01,2024-07-18,121.17636080502821,119.5467078261816
RKT01,2024-07-19,128.23818650644841,122.13496692617552
RKT01,2024-07-20,114.97171398889299,111.51449954492308
RKT01,2024-07-21,108.7541958189401,106.60588109124775
RKT01,2024-07-22,107.83451761050512,108.40048837979609
RKT01,2024-07-23,118.5374274252633,111.53764938516169
RKT01,2024-07-24,135.315630236187,138.53070583234995
RKT01,2024-07-25,127.90353786886926,135.1026319264203
RKT01,2024-07-26,143.3303965612351,138.60005535263141
RKT01,2024-07-27,121.44038470490888,119.9350581436638
RKT01,2024-07-28,114.22549508139112,106.26819349984278
RKT01,2024-07-29,121.47264688322933,116.72217190668069
RKT01,2024-07-30,108.84829973754061,104.89892009543823
RKT01,2024-07-31,111.41407836364814,105.90637213330517
RKT01,2024-08-01,121.7894459840879,116.44137890349711
RKT01,2024-08-02,127.05498761529824,128.12975994386318
RKT01,2024-08-03,128.29188926027985,132.37601887605328
RKT01,2024-08-04,110.28502770538202,96.8446755466658
RKT01,2024-08-05,114.1451893211517,107.71050839350771
RKT01,2024-08-06,104.882407196385,100.90166435270643
RKT01,2024-08-07,105.45455265532418,107.92145738928252
RKT01,2024-08-08,109.85994082008949,112.44810507053204
RKT01,2024-08-09,116.13293786635539,112.15662828803347
RKT01,2024-08-10,121.57150320246292,127.61330206668553
RKT01,2024-08-11,133.9392404173318,125.79910978001608
RKT01,2024-08-12,149.7804837204023,145.47922683274302
RKT01,2024-08-13,135.3792761187684,132.47526482830546
RKT01,2024-08-14,136.50897618887032,137.224927429573
RKT01,2024-08-15,154.75596744132162,150.4548867865169
RKT01,2024-08-16,151.02610240870592,157.3116060221756
RKT01,2024-08-17,116.8149352794626,116.71406636962497
RKT01,2024-08-18,129.46601647150823,125.68253552274426
RKT01,2024-08-19,125.89816138705824,122.22362419153814
RKT01,2024-08-20,118.60134698774594,122.46780466831622
RKT01,2024-08-21,118.81169894491971,110.04332101857233
RKT01,2024-08-22,125.37783785154559,128.98124708103862
RKT01,2024-08-23,138.2309397190204,140.78436513884972
RKT01,2024-08-24,105.86209811543824,105.7648678206797
RKT01,2024-08-25,140.38780454666946,128.38326846591167
RKT01,2024-08-26,163.41558779009048,159.31006555630583
RKT01,2024-08-27,167.16195375448658,158.15633129123967
RKT01,2024-08-28,167.35377504891522,169.08623916324018
RKT01,2024-08-29,166.07094423544373,170.36826410729296
RKT01,2024-08-30,142.55159204092337,131.72063666774136
RKT01,2024-08-31,128.68461297663438,123.58994063867084
RKT01,2024-09-01,151.6398529086547,127.1912584945339
RKT01,2024-09-02,150.88672514960444,145.93427532595132
RKT01,2024-09-03,125.87605729066173,122.27443017183666
RKT01,2024-09-04,124.2538697031172,122.11807575983472
RKT01,2024-09-05,130.710564939837,118.98527224800658
RKT01,2024-09-06,133.55425711292557,132.0240646703899
RKT01,2024-09-07,130.1957324779457,131.27734257531193
RKT01,2024-09-08,136.80407531748827,132.576144673581
RKT01,2024-09-09,154.7674386630945,166.7958593654703
RKT01,2024-09-10,68.16502924563504,64.06246938310828
RKT01,2024-09-11,43.084292244722086,59.53158225602634
RKT01,2024-09-12,35.43604457240556,40.19530674813341
RKT01,2024-09-13,77.57832772258966,71.45905050086456
RKT01,2024-09-14,118.18125940481146,118.58304587518171
RKT01,2024-09-15,123.91571293570584,134.43715695414062
RKT01,2024-09-16,123.63433537891108,136.73438724861808
RKT01,2024-09-17,107.36854548120803,123.52673108090251
RKT01,2024-09-18,143.4095475197155,146.840289308062
RKT01,2024-09-19,152.88393958307248,150.29794761468204
RKT01,2024-09-20,93.21375546425978,126.0180573444237
RKT01,2024-09-21,104.56447627059326,115.77422742611668
RKT01,2024-09-22,107.45033616628753,108.65764878708775
RKT01,2024-09-23,85.4944754024153,97.73868881292816
RKT01,2024-09-24,81.7403274899966,84.43467369060241
RKT01,2024-09-25,85.35148915533962,94.38903545454434
RKT01,2024-09-26,110.11122666095436,113.76761686840464
RKT01,2024-09-27,101.59875287649069,109.05345402444561
RKT01,2024-09-28,130.3629324770734,133.65128612243794
RKT01,2024-09-29,158.55454387387917,162.03412870782546
RKT01,2024-09-30,173.8351705086253,157.4712679225528
RKT02,2023-01-01,49.53560028682151,
RKT02,2023-01-02,24.9740956971092,
RKT02,2023-01-03,30.803887623598495,
RKT02,2023-01-04,24.504307212739125,
RKT02,2023-01-05,57.022401724131804,
RKT02,2023-01-06,81.18121425135143,
RKT02,2023-01-07,145.50778273414562,
RKT02,2023-01-08,72.08886117196916,
RKT02,2023-01-09,60.417304325110955,
RKT02,2023-01-10,55.20512518387947,
RKT02,2023-01-11,54.04359812926986,
RKT02,2023-01-12,69.5575271605604,
RKT02,2023-01-13,116.74071812764821,
RKT02,2023-01-14,137.13956281921338,
RKT02,2023-01-15,48.224272461767676,
RKT02,2023-01-16,99.14179924624996,
RKT02,2023-01-17,29.95451788455251,
RKT02,2023-01-18,48.02905733880518,
RKT02,2023-01-19,23.822049057921195,
RKT02,2023-01-20,62.77585710799265,
RKT02,2023-01-21,133.08535308820606,
RKT02,2023-01-22,191.06635930016967,
RKT02,2023-01-23,188.33577969551095,
RKT02,2023-01-24,59.128125456037985,
RKT02,2023-01-25,67.41120275214509,
RKT02,2023-01-26,69.0,
RKT02,2023-01-27,129.06113896101763,
RKT02,2023-01-28,111.14523756300352,
RKT02,2023-01-29,156.7452519403001,
RKT02,2023-01-30,183.46969056026484,
RKT02,2023-01-31,37.41808202020467,
RKT02,2023-02-01,53.19670956058061,
RKT02,2023-02-02,89.80121582453218,
RKT02,2023-02-03,126.02449617063134,
RKT02,2023-02-04,181.83035488378545,
RKT02,2023-02-05,86.33507156291651,
RKT02,2023-02-06,161.42757844869035,
RKT02,2023-02-07,136.4843969043166,
RKT02,2023-02-08,50.22668764072365,
RKT02,2023-02-09,114.0026214051913,
RKT02,2023-02-10,177.925389396601,
RKT02,2023-02-11,184.42629109409677,
RKT02,2023-02-12,148.86186490284575,
RKT02,2023-02-13,155.10020179659767,
RKT02,2023-02-14,120.39312869231797,
RKT02,2023-02-15,123.20049606241967,
RKT02,2023-02-16,148.76485499160867,
RKT02,2023-02-17,197.24267428483145,
RKT02,2023-02-18,187.67952068052935,
RKT02,2023-02-19,172.65900590705917,
RKT02,2023-02-20,147.41646830847313,
RKT02,2023-02-21,241.3706935938724,
RKT02,2023-02-22,196.25621503456983,
RKT02,2023-02-23,231.1089428112723,
RKT02,2023-02-24,221.84951959056679,
RKT02,2023-02-25,184.60463457300543,
RKT02,2023-02-26,242.76488486599243,
RKT02,2023-02-27,289.02242637153813,
RKT02,2023-02-28,202.35955104392218,
RKT02,2023-03-01,94.14962423791906,
RKT02,2023-03-02,78.43723421047841,
RKT02,2023-03-03,82.84578712486713,
RKT02,2023-03-04,164.39215021335488,
RKT02,2023-03-05,99.37184203179888,
RKT02,2023-03-06,51.63690775628725,
RKT02,2023-03-07,18.658918985649816,
RKT02,2023-03-08,23.386099960092395,
RKT02,2023-03-09,32.54169598122717,
RKT02,2023-03-10,102.17507562199125,
RKT02,2023-03-11,180.57280158240016,
RKT02,2023-03-12,64.93381039280324,
RKT02,2023-03-13,30.7151182762068,
RKT02,2023-03-14,59.69814866246656,
RKT02,2023-03-15,43.45412843155052,
RKT02,2023-03-16,89.67059079972064,
RKT02,2023-03-17,146.45479886681068,
RKT02,2023-03-18,186.39118866911642,
RKT02,2023-03-19,73.82292675197098,
RKT02,2023-03-20,53.00692282589034,
RKT02,2023-03-21,44.89267079586387,
RKT02,2023-03-22,81.46162052093119,
RKT02,2023-03-23,145.2414991820578,
RKT02,2023-03-24,225.4426754524099,
RKT02,2023-03-25,184.0761258326644,
RKT02,2023-03-26,235.21187812766175,
RKT02,2023-03-27,217.76715367954057,
RKT02,2023-03-28,268.82997549264314,
RKT02,2023-03-29,270.23047142581424,
RKT02,2023-03-30,264.9772063160443,
RKT02,2023-03-31,201.2386541589028,
RKT02,2023-04-01,199.20338755603288,
RKT02,2023-04-02,235.46651934476142,
RKT02,2023-04-03,234.91325614665374,
RKT02,2023-04-04,201.92612414695515,
RKT02,2023-04-05,203.00034833611898,
RKT02,2023-04-06,175.33855696534505,
RKT02,2023-04-07,200.5193112820011,
RKT02,2023-04-08,197.65888781989023,
RKT02,2023-04-09,148.73062423988705,
RKT02,2023-04-10,216.28947157196092,
RKT02,2023-04-11,205.4160484550603,
RKT02,2023-04-12,118.65560405721315,
RKT02,2023-04-13,132.80379053831675,
RKT02,2023-04-14,212.25799121994538,
RKT02,2023-04-15,199.94638550815642,
RKT02,2023-04-16,129.21737628796333,
RKT02,2023-04-17,128.83187702371993,
RKT02,2023-04-18,76.31403566630769,
RKT02,2023-04-19,114.40646309180988,
RKT02,2023-04-20,228.9059636195894,
RKT02,2023-04-21,165.8377109313986,
RKT02,2023-04-22,184.55978203458466,
RKT02,2023-04-23,126.19764852678982,
RKT02,2023-04-24,214.9502610746551,
RKT02,2023-04-25,194.364813490173,
RKT02,2023-04-26,181.92216434580095,
RKT02,2023-04-27,177.76540242669404,
RKT02,2023-04-28,207.40285933631705,
RKT02,2023-04-29,192.247149700595,
RKT02,2023-04-30,228.3687144101429,
RKT02,2023-05-01,168.25446932384918,
RKT02,2023-05-02,230.67808830026573,
RKT02,2023-05-03,240.55000922697562,
RKT02,2023-05-04,188.8759892113228,
RKT02,2023-05-05,176.0657174144618,
RKT02,2023-05-06,173.6161462607719,
RKT02,2023-05-07,81.17873249112394,
RKT02,2023-05-08,136.45204093896118,
RKT02,2023-05-09,129.6041380334294,
RKT02,2023-05-10,209.11964604978607,
RKT02,2023-05-11,227.99780702024256,
RKT02,2023-05-12,186.53569214997174,
RKT02,2023-05-13,184.95869223517786,
RKT02,2023-05-14,123.65237713200284,
RKT02,2023-05-15,156.87050914866,
RKT02,2023-05-16,84.15234042623808,
RKT02,2023-05-17,186.5161367201016,
RKT02,2023-05-18,228.55234047671414,
RKT02,2023-05-19,201.83774852255536,
RKT02,2023-05-20,178.5421873319007,
RKT02,2023-05-21,128.26435445999803,
RKT02,2023-05-22,131.73310175978474,
RKT02,2023-05-23,87.98802822844337,
RKT02,2023-05-24,76.01960071774373,
RKT02,2023-05-25,228.94831391619647,
RKT02,2023-05-26,195.10815904616842,
RKT02,2023-05-27,170.05001341825113,
RKT02,2023-05-28,189.71384402713554,
RKT02,2023-05-29,122.23145390690132,
RKT02,2023-05-30,96.97064502453743,
RKT02,2023-05-31,122.50564925946287,
RKT02,2023-06-01,166.90500858952657,
RKT02,2023-06-02,126.89403254455756,
RKT02,2023-06-03,178.88214225883988,
RKT02,2023-06-04,234.19478746904974,
RKT02,2023-06-05,227.0638759019989,
RKT02,2023-06-06,127.15510839561344,
RKT02,2023-06-07,201.9223467357643,
RKT02,2023-06-08,136.65504492682763,
RKT02,2023-06-09,164.15616305205708,
RKT02,2023-06-10,180.0541347665153,
RKT02,2023-06-11,150.6563878834877,
RKT02,2023-06-12,169.2187416568896,
RKT02,2023-06-13,183.81666345081408,
RKT02,2023-06-14,71.76708803622347,
RKT02,2023-06-15,90.68455166705138,
RKT02,2023-06-16,174.13657345987176,
RKT02,2023-06-17,177.79553599565963,
RKT02,2023-06-18,107.55055678150823,
RKT02,2023-06-19,105.90494377030338,
RKT02,2023-06-20,81.87790674093321,
RKT02,2023-06-21,163.02633102810313,
RKT02,2023-06-22,255.92936391892604,
RKT02,2023-06-23,186.19003177550812,
RKT02,2023-06-24,187.62383693207164,
RKT02,2023-06-25,126.11529679514854,
RKT02,2023-06-26,149.97886327839834,
RKT02,2023-06-27,95.91801276940753,
RKT02,2023-06-28,71.41611287504676,
RKT02,2023-06-29,100.5397266044967,
RKT02,2023-06-30,135.02433233485715,
RKT02,2023-07-01,164.86446181860038,
RKT02,2023-07-02,104.92215004979235,
RKT02,2023-07-03,47.32306850704867,
RKT02,2023-07-04,50.53705511086814,
RKT02,2023-07-05,304.5559402845978,
RKT02,2023-07-06,312.61110514151534,
RKT02,2023-07-07,163.47394884190268,
RKT02,2023-07-08,165.0577226535214,
RKT02,2023-07-09,129.3534025145043,
RKT02,2023-07-10,80.708593625524,
RKT02,2023-07-11,98.17505117162612,
RKT02,2023-07-12,81.63380120603733,
RKT02,2023-07-13,106.15937434449616,
RKT02,2023-07-14,144.6755557184914,
RKT02,2023-07-15,139.76926384330858,
RKT02,2023-07-16,64.34080761511659,
RKT02,2023-07-17,42.19764825445414,
RKT02,2023-07-18,61.99720319084879,
RKT02,2023-07-19,61.82800224698575,
RKT02,2023-07-20,127.09088168651753,
RKT02,2023-07-21,170.76294643302884,
RKT02,2023-07-22,131.970099454656,
RKT02,2023-07-23,69.00041611227937,
RKT02,2023-07-24,104.17385330080504,
RKT02,2023-07-25,54.216146118793134,
RKT02,2023-07-26,65.70312209772467,
RKT02,2023-07-27,132.84503533634984,
RKT02,2023-07-28,138.4737022195739,
RKT02,2023-07-29,145.89416906421508,
RKT02,2023-07-30,150.49222034422738,
RKT02,2023-07-31,139.89649921729196,
RKT02,2023-08-01,131.4954552589217,
RKT02,2023-08-02,131.57271719599126,
RKT02,2023-08-03,146.39384054628601,
RKT02,2023-08-04,154.52447334880193,
RKT02,2023-08-05,140.02444717390986,
RKT02,2023-08-06,103.33190402869862,
RKT02,2023-08-07,100.66384481786949,
RKT02,2023-08-08,72.22948246704875,
RKT02,2023-08-09,67.35258000744889,
RKT02,2023-08-10,73.36529758041661,
RKT02,2023-08-11,138.67457999315135,
RKT02,2023-08-12,157.91597127114156,
RKT02,2023-08-13,201.1112673024612,
RKT02,2023-08-14,208.23885283031288,
RKT02,2023-08-15,215.90263690112027,
RKT02,2023-08-16,213.35494834395706,
RKT02,2023-08-17,221.56253957305987,
RKT02,2023-08-18,197.65513837044912,
RKT02,2023-08-19,168.212391130101,
RKT02,2023-08-20,126.16140713281679,
RKT02,2023-08-21,114.98696170831359,
RKT02,2023-08-22,78.97922274355393,
RKT02,2023-08-23,64.45497562790851,
RKT02,2023-08-24,81.53683658745923,
RKT02,2023-08-25,188.82923023330605,
RKT02,2023-08-26,156.87901507472125,
RKT02,2023-08-27,168.91363676188723,
RKT02,2023-08-28,125.77985290287992,
RKT02,2023-08-29,195.3475491535864,
RKT02,2023-08-30,111.60383851046402,
RKT02,2023-08-31,84.60275411808472,
RKT02,2023-09-01,128.6467764795857,
RKT02,2023-09-02,186.33704650870314,
RKT02,2023-09-03,92.068966562017,
RKT02,2023-09-04,78.39018009269688,
RKT02,2023-09-05,61.461979413718495,
RKT02,2023-09-06,76.26330867170239,
RKT02,2023-09-07,102.81073434929837,
RKT02,2023-09-08,177.9015655723357,
RKT02,2023-09-09,183.82032135268597,
RKT02,2023-09-10,71.75366519379571,
RKT02,2023-09-11,129.4399620605951,
RKT02,2023-09-12,122.1214590731949,
RKT02,2023-09-13,136.77452448080385,
RKT02,2023-09-14,125.2477529905759,
RKT02,2023-09-15,101.46396770437742,
RKT02,2023-09-16,175.82647844375686,
RKT02,2023-09-17,81.39196746622036,
RKT02,2023-09-18,107.40473045684652,
RKT02,2023-09-19,73.34826937227608,
RKT02,2023-09-20,176.75802118691055,
RKT02,2023-09-21,179.00744706883123,
RKT02,2023-09-22,107.63342072612778,
RKT02,2023-09-23,151.48557357296852,
RKT02,2023-09-24,88.99102757367118,
RKT02,2023-09-25,49.059510383009616,
RKT02,2023-09-26,25.53250732533349,
RKT02,2023-09-27,64.99186383818298,
RKT02,2023-09-28,154.86799394764859,
RKT02,2023-09-29,172.16559081033347,
RKT02,2023-09-30,165.86927142216192,
RKT02,2023-10-01,239.48321243751425,
RKT02,2023-10-02,230.49363163855364,
RKT02,2023-10-03,104.20487498195538,
RKT02,2023-10-04,109.13173727416152,
RKT02,2023-10-05,193.22926408420415,
RKT02,2023-10-06,118.88552486150137,
RKT02,2023-10-07,162.01735175015932,
RKT02,2023-10-08,176.75900093763352,
RKT02,2023-10-09,80.31965219582364,
RKT02,2023-10-10,107.65958078329174,
RKT02,2023-10-11,133.29524381896164,
RKT02,2023-10-12,232.0501784031861,
RKT02,2023-10-13,193.79925873075518,
RKT02,2023-10-14,178.6735895823571,
RKT02,2023-10-15,108.59403757186547,
RKT02,2023-10-16,117.53813618730695,
RKT02,2023-10-17,175.6503744022898,
RKT02,2023-10-18,127.84153134899317,
RKT02,2023-10-19,213.41641073783606,
RKT02,2023-10-20,230.49886019645064,
RKT02,2023-10-21,187.33583219601152,
RKT02,2023-10-22,151.79349963713764,
RKT02,2023-10-23,148.2982470348473,
RKT02,2023-10-24,122.7771051463725,
RKT02,2023-10-25,173.90548817641624,
RKT02,2023-10-26,273.8249025058932,
RKT02,2023-10-27,220.4783987749951,
RKT02,2023-10-28,189.15270040441348,
RKT02,2023-10-29,206.81920544262385,
RKT02,2023-10-30,137.10283937786673,
RKT02,2023-10-31,91.95654284182567,
RKT02,2023-11-01,227.35502169268494,
RKT02,2023-11-02,291.06896697042873,
RKT02,2023-11-03,228.83518168051532,
RKT02,2023-11-04,200.50600817887258,
RKT02,2023-11-05,215.74716535943867,
RKT02,2023-11-06,122.01752545876326,
RKT02,2023-11-07,95.20788139583205,
RKT02,2023-11-08,185.75842380350412,
RKT02,2023-11-09,284.6501808439287,
RKT02,2023-11-10,228.93413493447545,
RKT02,2023-11-11,194.49795668366798,
RKT02,2023-11-12,150.11108383026445,
RKT02,2023-11-13,165.04058352651737,
RKT02,2023-11-14,94.59457707014758,
RKT02,2023-11-15,203.18496111544192,
RKT02,2023-11-16,270.3709620033629,
RKT02,2023-11-17,204.8513850037317,
RKT02,2023-11-18,191.79398392645393,
RKT02,2023-11-19,111.78294593126424,
RKT02,2023-11-20,129.6028452961526,
RKT02,2023-11-21,167.34987870612727,
RKT02,2023-11-22,86.81113827095564,
RKT02,2023-11-23,112.86650818107573,
RKT02,2023-11-24,165.08622179973423,
RKT02,2023-11-25,199.58390366029795,
RKT02,2023-11-26,98.3411730793666,
RKT02,2023-11-27,81.05241151432804,
RKT02,2023-11-28,92.02469368507964,
RKT02,2023-11-29,50.24801205281294,
RKT02,2023-11-30,90.5551487725149,
RKT02,2023-12-01,127.47227256669511,
RKT02,2023-12-02,186.25093672706387,
RKT02,2023-12-03,68.57547687253468,
RKT02,2023-12-04,69.22128837054495,
RKT02,2023-12-05,98.44244482307892,
RKT02,2023-12-06,47.30321429944208,
RKT02,2023-12-07,80.90820056108696,
RKT02,2023-12-08,130.8177852206832,
RKT02,2023-12-09,188.8741567425261,
RKT02,2023-12-10,100.11644038935258,
RKT02,2023-12-11,51.85677752780885,
RKT02,2023-12-12,72.87040660933273,
RKT02,2023-12-13,37.7912059339781,
RKT02,2023-12-14,125.63578563866773,
RKT02,2023-12-15,162.8275522112327,
RKT02,2023-12-16,171.91434376200777,
RKT02,2023-12-17,84.8099712875427,
RKT02,2023-12-18,78.71476686597371,
RKT02,2023-12-19,58.46380216174943,
RKT02,2023-12-20,35.06758644802364,
RKT02,2023-12-21,87.6616810158123,
RKT02,2023-12-22,96.74225900419701,
RKT02,2023-12-23,157.38158830976394,
RKT02,2023-12-24,174.22850878351656,
RKT02,2023-12-25,59.20017965702627,
RKT02,2023-12-26,51.62445083876239,
RKT02,2023-12-27,48.77653864021271,
RKT02,2023-12-28,58.81586403565119,
RKT02,2023-12-29,96.14933766001694,
RKT02,2023-12-30,167.1440797802615,
RKT02,2023-12-31,181.24957361903327,
RKT02,2024-01-01,41.47060338319148,
RKT02,2024-01-02,20.455462432931782,
RKT02,2024-01-03,13.243223525163698,
RKT02,2024-01-04,17.230569741311683,
RKT02,2024-01-05,49.74079343386008,
RKT02,2024-01-06,113.38490664091944,
RKT02,2024-01-07,109.18212878909806,
RKT02,2024-01-08,111.34704042739007,
RKT02,2024-01-09,71.40836591889565,
RKT02,2024-01-10,79.46058956894684,
RKT02,2024-01-11,133.572097248876,
RKT02,2024-01-12,141.57837249210252,
RKT02,2024-01-13,171.50734487404839,
RKT02,2024-01-14,97.34908267951495,
RKT02,2024-01-15,146.34729285204386,
RKT02,2024-01-16,86.64284746166823,
RKT02,2024-01-17,72.83127134322683,
RKT02,2024-01-18,133.82219147574898,
RKT02,2024-01-19,177.89363480292909,
RKT02,2024-01-20,174.97052812023603,
RKT02,2024-01-21,135.53642797204034,
RKT02,2024-01-22,125.02967353648592,
RKT02,2024-01-23,132.75408474136245,
RKT02,2024-01-24,137.82070008330854,
RKT02,2024-01-25,227.33454264284504,
RKT02,2024-01-26,183.0871927125899,
RKT02,2024-01-27,166.19935675350135,
RKT02,2024-01-28,143.2090049620082,
RKT02,2024-01-29,128.45120781640426,
RKT02,2024-01-30,104.09197241916752,
RKT02,2024-01-31,92.56415665989702,
RKT02,2024-02-01,89.69198815877695,
RKT02,2024-02-02,148.24132007307145,
RKT02,2024-02-03,124.38871039831102,
RKT02,2024-02-04,103.36252784260091,
RKT02,2024-02-05,105.62211862526263,
RKT02,2024-02-06,99.63057731314488,
RKT02,2024-02-07,40.38939078613692,
RKT02,2024-02-08,53.57165992245943,
RKT02,2024-02-09,164.07267959202815,
RKT02,2024-02-10,181.66630639625572,
RKT02,2024-02-11,183.75521584963988,
RKT02,2024-02-12,115.18996104771509,
RKT02,2024-02-13,95.38790725305844,
RKT02,2024-02-14,61.63722605388031,
RKT02,2024-02-15,138.29343389702476,
RKT02,2024-02-16,164.62699612162666,
RKT02,2024-02-17,178.3222450378042,
RKT02,2024-02-18,137.92440859391323,
RKT02,2024-02-19,97.17349946882797,
RKT02,2024-02-20,139.6387299565436,
RKT02,2024-02-21,82.87066916708758,
RKT02,2024-02-22,221.68536536714123,
RKT02,2024-02-23,166.1131141215675,
RKT02,2024-02-24,183.74504343858138,
RKT02,2024-02-25,276.6258787249844,
RKT02,2024-02-26,267.3651121244423,
RKT02,2024-02-27,278.8189525689717,
RKT02,2024-02-28,220.2911610324127,
RKT02,2024-02-29,236.54090658377237,
RKT02,2024-03-01,188.30271944132616,
RKT02,2024-03-02,183.651919898208,
RKT02,2024-03-03,178.48057171247183,
RKT02,2024-03-04,73.4124503078931,
RKT02,2024-03-05,36.944773615495,
RKT02,2024-03-06,20.486034957694482,
RKT02,2024-03-07,93.95155014895214,
RKT02,2024-03-08,85.70450799530967,
RKT02,2024-03-09,164.82823039982756,
RKT02,2024-03-10,84.1508695460196,
RKT02,2024-03-11,34.997917880507266,
RKT02,2024-03-12,36.393671842293195,
RKT02,2024-03-13,87.85785652414174,
RKT02,2024-03-14,96.59538779949717,
RKT02,2024-03-15,143.41020484613455,
RKT02,2024-03-16,170.22239041620782,
RKT02,2024-03-17,141.50135251667137,
RKT02,2024-03-18,40.980728463316225,
RKT02,2024-03-19,61.874249836784514,
RKT02,2024-03-20,47.64522169596674,
RKT02,2024-03-21,143.79808428326666,
RKT02,2024-03-22,208.396441126908,
RKT02,2024-03-23,186.69195125109093,
RKT02,2024-03-24,238.66426082584155,
RKT02,2024-03-25,229.13236852780943,
RKT02,2024-03-26,220.32358095043745,
RKT02,2024-03-27,224.72702830269125,
RKT02,2024-03-28,283.155455198919,
RKT02,2024-03-29,172.97247293676054,
RKT02,2024-03-30,209.6933353883107,
RKT02,2024-03-31,227.84948322841979,
RKT02,2024-04-01,292.9536885471303,
RKT02,2024-04-02,218.41085728731304,
RKT02,2024-04-03,233.4010405650168,
RKT02,2024-04-04,231.96761944173093,
RKT02,2024-04-05,187.07749844383943,
RKT02,2024-04-06,202.73054811197682,
RKT02,2024-04-07,189.26521659881612,
RKT02,2024-04-08,184.40403110089693,
RKT02,2024-04-09,161.17286310720593,
RKT02,2024-04-10,181.63049090311947,
RKT02,2024-04-11,260.67517825393645,
RKT02,2024-04-12,221.40327129523695,
RKT02,2024-04-13,196.57958639289703,
RKT02,2024-04-14,103.66571969662972,
RKT02,2024-04-15,92.21128225312908,
RKT02,2024-04-16,63.340809998272555,
RKT02,2024-04-17,111.99967977999104,
RKT02,2024-04-18,113.94532613860255,
RKT02,2024-04-19,191.46820420300406,
RKT02,2024-04-20,185.7806267146263,
RKT02,2024-04-21,125.21128928462608,
RKT02,2024-04-22,101.24301378998622,
RKT02,2024-04-23,160.0586394026329,
RKT02,2024-04-24,135.42571032323963,
RKT02,2024-04-25,206.31993650979337,
RKT02,2024-04-26,226.40523304431034,
RKT02,2024-04-27,186.57062840400022,
RKT02,2024-04-28,177.85778505218926,
RKT02,2024-04-29,193.43155678027273,
RKT02,2024-04-30,93.01351077092026,
RKT02,2024-05-01,182.07953157936677,
RKT02,2024-05-02,239.5849722302388,
RKT02,2024-05-03,210.7666836472636,
RKT02,2024-05-04,187.7535464913063,
RKT02,2024-05-05,173.4380058408429,
RKT02,2024-05-06,75.46559701112227,
RKT02,2024-05-07,72.65334097172062,
RKT02,2024-05-08,209.20299154100485,
RKT02,2024-05-09,236.17488797731522,
RKT02,2024-05-10,183.8018722404051,
RKT02,2024-05-11,184.7629192098248,
RKT02,2024-05-12,161.30474300262367,
RKT02,2024-05-13,194.7442696572014,
RKT02,2024-05-14,112.12655502370818,
RKT02,2024-05-15,103.13862900511519,
RKT02,2024-05-16,175.48021232180503,
RKT02,2024-05-17,192.66813237955867,
RKT02,2024-05-18,174.2245529279724,
RKT02,2024-05-19,90.25452049268178,
RKT02,2024-05-20,92.14502517521727,
RKT02,2024-05-21,136.41141927795746,
RKT02,2024-05-22,243.84423621929432,
RKT02,2024-05-23,227.51482938574767,
RKT02,2024-05-24,175.8015133624664,
RKT02,2024-05-25,186.53432477971998,
RKT02,2024-05-26,85.06234399478743,
RKT02,2024-05-27,74.65308205590773,
RKT02,2024-05-28,93.07567027101996,
RKT02,2024-05-29,225.02677656489192,
RKT02,2024-05-30,251.35176877475587,
RKT02,2024-05-31,161.55365351965025,
RKT02,2024-06-01,180.2309159644882,
RKT02,2024-06-02,94.4917206253787,
RKT02,2024-06-03,159.34616766016242,
RKT02,2024-06-04,170.28918589439695,
RKT02,2024-06-05,151.37564382422428,
RKT02,2024-06-06,225.94667788810042,
RKT02,2024-06-07,236.8590391524954,
RKT02,2024-06-08,188.82587083666073,
RKT02,2024-06-09,112.67694722804698,129.72887191199172
RKT02,2024-06-10,151.6578178668355,99.54759601916393
RKT02,2024-06-11,126.55063685742373,95.21548299885829
RKT02,2024-06-12,142.12439059865716,138.16896402294046
RKT02,2024-06-13,177.11311411113167,185.66728433783496
RKT02,2024-06-14,148.41788212455512,157.39677054881622
RKT02,2024-06-15,175.81199089266664,157.24139235419364
RKT02,2024-06-16,100.67294702991246,113.04299939479168
RKT02,2024-06-17,67.2992792506548,65.56888910849672
RKT02,2024-06-18,84.72909268326586,58.00358713241309
RKT02,2024-06-19,112.07717366518612,117.91669525991745
RKT02,2024-06-20,102.32455130921986,174.223891563845
RKT02,2024-06-21,187.79352357601863,182.96052397456734
RKT02,2024-06-22,178.040338928962,177.74796259171333
RKT02,2024-06-23,86.3017468701255,117.3794964985652
RKT02,2024-06-24,103.2763849521545,138.86031582316252
RKT02,2024-06-25,33.00957367784437,45.72189314584745
RKT02,2024-06-26,68.5202867884483,59.50824279847796
RKT02,2024-06-27,183.84431094704195,185.62216160636885
RKT02,2024-06-28,100.19180055905602,199.30436234738946
RKT02,2024-06-29,172.58974602765224,161.6687208649114
RKT02,2024-06-30,77.91357156448012,129.4062093320086
RKT02,2024-07-01,90.85818023728622,63.35042879355841
RKT02,2024-07-02,119.5608558863042,95.11780870449509
RKT02,2024-07-03,239.4511239629665,238.84556500583204
RKT02,2024-07-04,287.37224086184943,288.5722812807108
RKT02,2024-07-05,122.71155070545876,183.091452236343
RKT02,2024-07-06,168.59581437518918,151.57906699036113
RKT02,2024-07-07,106.62321606266192,126.88518054223329
RKT02,2024-07-08,89.05746471418549,80.84248322356517
RKT02,2024-07-09,65.43568430274895,57.56149557826806
RKT02,2024-07-10,83.69788613270224,105.94099546380495
RKT02,2024-07-11,93.64884237362382,108.1060301407462
RKT02,2024-07-12,114.82936671674216,151.2999262273005
RKT02,2024-07-13,179.1311124029692,157.88718000957977
RKT02,2024-07-14,135.3355010836896,227.5901987054539
RKT02,2024-07-15,99.85535845750228,124.90938773731632
RKT02,2024-07-16,79.37107802492068,82.970148506719
RKT02,2024-07-17,89.9642736439118,117.88404049834665
RKT02,2024-07-18,138.06067019227228,166.2782010440707
RKT02,2024-07-19,156.2431187888993,159.24594377436654
RKT02,2024-07-20,145.7959223584188,139.60253192995057
RKT02,2024-07-21,91.39730556751837,143.76185912373856
RKT02,2024-07-22,112.2237909970149,114.54182552496589
RKT02,2024-07-23,86.72049698284602,87.02887190514986
RKT02,2024-07-24,148.8653725622164,147.33188024735117
RKT02,2024-07-25,171.38500201703525,173.63714153800754
RKT02,2024-07-26,219.18482625583025,179.6448533635831
RKT02,2024-07-27,165.27548977397856,136.5466477068307
RKT02,2024-07-28,165.59693930810505,129.58516024252543
RKT02,2024-07-29,177.22075725518127,148.81814286325564
RKT02,2024-07-30,163.7180701875159,133.23192770769538
RKT02,2024-07-31,156.51981813412223,126.28657431045825
RKT02,2024-08-01,174.3897384982395,135.9781946163058
RKT02,2024-08-02,182.37710707929082,148.7953175137875
RKT02,2024-08-03,164.97433263749338,134.13296739696588
RKT02,2024-08-04,125.87229752371113,87.49593794475089
RKT02,2024-08-05,112.43719433007242,83.4295217752618
RKT02,2024-08-06,78.30860039709714,69.26085710134761
RKT02,2024-08-07,63.1472617356205,49.10805068196359
RKT02,2024-08-08,101.04906643889571,86.6650490862069
RKT02,2024-08-09,137.80454331156594,118.66838793863943
RKT02,2024-08-10,163.46978865271947,133.16347938727023
RKT02,2024-08-11,215.9473273506314,200.72419758512032
RKT02,2024-08-12,248.71165703206094,215.38602420842116
RKT02,2024-08-13,250.81632356516872,221.04850317500822
RKT02,2024-08-14,229.61880774640497,204.89754446054766
RKT02,2024-08-15,253.60104784474487,204.4947472944606
RKT02,2024-08-16,247.07896523927627,217.45777471760164
RKT02,2024-08-17,168.74817820865974,131.88116799431327
RKT02,2024-08-18,156.1225722311375,151.2909291564023
RKT02,2024-08-19,118.16277768627181,65.07132151966485
RKT02,2024-08-20,118.51183529288895,89.2833233811831
RKT02,2024-08-21,75.07809282219775,87.74700151712098
RKT02,2024-08-22,204.59278542429345,148.4551464197483
RKT02,2024-08-23,279.69355639340245,247.11709745229263
RKT02,2024-08-24,153.95101386228424,150.50708581970108
RKT02,2024-08-25,186.8135397760966,209.7170605860445
RKT02,2024-08-26,129.12825339941335,133.08814053011125
RKT02,2024-08-27,83.14781649184708,87.33432444010518
RKT02,2024-08-28,134.1581332557448,123.63261206433587
RKT02,2024-08-29,172.15371209509735,211.71673379027828
RKT02,2024-08-30,141.8064347830511,182.39177679007736
RKT02,2024-08-31,190.59669538144047,171.9494225010315
RKT02,2024-09-01,205.20122532416798,233.6642715317093
RKT02,2024-09-02,75.79713687535485,53.21735917589129
RKT02,2024-09-03,93.36505411960934,86.84945746118741
RKT02,2024-09-04,103.50216404987091,129.22734747148533
RKT02,2024-09-05,198.6866510237779,201.23095411695647
RKT02,2024-09-06,93.14396470138587,151.48662325023767
RKT02,2024-09-07,187.00473066656488,139.27643082735185
RKT02,2024-09-08,123.05408067255976,201.072356430189
RKT02,2024-09-09,91.75112173297245,60.064512606484286
RKT02,2024-09-10,122.93173279539533,92.96395144576181
RKT02,2024-09-11,143.17629212531648,123.6740832271735
RKT02,2024-09-12,124.05404701141914,168.2479260388498
RKT02,2024-09-13,65.17909842467766,97.29873251402412
RKT02,2024-09-14,183.83002159779357,127.00617524223337
RKT02,2024-09-15,211.41724022386995,181.61237408334765
RKT02,2024-09-16,197.808031682749,170.03469273563664
RKT02,2024-09-17,172.2080922098558,146.48296846855666
RKT02,2024-09-18,151.60089774387552,172.4038996678463
RKT02,2024-09-19,106.86344335797298,75.57907256622124
RKT02,2024-09-20,233.76249845503534,228.66575335516765
RKT02,2024-09-21,96.36370309412618,96.21592821213707
RKT02,2024-09-22,141.6695567907122,127.82460838635708
RKT02,2024-09-23,125.77532563386444,90.67163117249521
RKT02,2024-09-24,212.5803122246855,192.55533950800142
RKT02,2024-09-25,241.45274200479045,188.19828133403036
RKT02,2024-09-26,237.91779754236052,226.3338308576288
RKT02,2024-09-27,125.11203829451848,138.5386232645087
RKT02,2024-09-28,206.70594313522534,173.6164978195257
RKT02,2024-09-29,186.3279735867928,160.472982075975
RKT02,2024-09-30,224.14639567297283,172.2255422952033
RKT03,2023-01-01,23.427430154542535,
RKT03,2023-01-02,10.202629976988952,
RKT03,2023-01-03,1.8576794815454063,
RKT03,2023-01-04,7.150520694041457,
RKT03,2023-01-05,3.0765913410430565,
RKT03,2023-01-06,42.25804018310346,
RKT03,2023-01-07,81.12745741550695,
RKT03,2023-01-08,20.37419009884458,
RKT03,2023-01-09,23.084401787813565,
RKT03,2023-01-10,15.283889081669932,
RKT03,2023-01-11,12.863319358360954,
RKT03,2023-01-12,16.370287905461318,
RKT03,2023-01-13,93.13407846749703,
RKT03,2023-01-14,65.09778617386515,
RKT03,2023-01-15,43.84910789265172,
RKT03,2023-01-16,95.08271885944642,
RKT03,2023-01-17,96.48273146989224,
RKT03,2023-01-18,105.61632904968687,
RKT03,2023-01-19,13.037291106002325,
RKT03,2023-01-20,49.32942222792133,
RKT03,2023-01-21,88.56559999347583,
RKT03,2023-01-22,104.40484838504699,
RKT03,2023-01-23,105.58263386292474,
RKT03,2023-01-24,49.002428466139435,
RKT03,2023-01-25,26.21090136912382,
RKT03,2023-01-26,18.22841124313181,
RKT03,2023-01-27,33.54827678398903,
RKT03,2023-01-28,86.27451119681663,
RKT03,2023-01-29,22.67095356755788,
RKT03,2023-01-30,59.101524047527185,
RKT03,2023-01-31,9.12665097971796,
RKT03,2023-02-01,19.11904080569927,
RKT03,2023-02-02,21.554901270537815,
RKT03,2023-02-03,48.64185147498545,
RKT03,2023-02-04,52.76199192383054,
RKT03,2023-02-05,36.96503121511935,
RKT03,2023-02-06,57.84282746032837,
RKT03,2023-02-07,18.74355935469967,
RKT03,2023-02-08,9.347204012293362,
RKT03,2023-02-09,20.43770094859906,
RKT03,2023-02-10,37.396701833559334,
RKT03,2023-02-11,57.03996963775821,
RKT03,2023-02-12,61.08168238488167,
RKT03,2023-02-13,38.52982391046651,
RKT03,2023-02-14,19.265348634384306,
RKT03,2023-02-15,83.73114337812174,
RKT03,2023-02-16,99.28839030692593,
RKT03,2023-02-17,78.00937481956547,
RKT03,2023-02-18,68.86006076923651,
RKT03,2023-02-19,48.274490691424184,
RKT03,2023-02-20,99.96582859073632,
RKT03,2023-02-21,115.58003084002434,
RKT03,2023-02-22,21.84243017299281,
RKT03,2023-02-23,75.75619597301527,
RKT03,2023-02-24,92.34649817211235,
RKT03,2023-02-25,57.753472568957655,
RKT03,2023-02-26,91.17111862661748,
RKT03,2023-02-27,89.7662766696604,
RKT03,2023-02-28,73.0414014899043,
RKT03,2023-03-01,38.88970573613335,
RKT03,2023-03-02,24.18616181349604,
RKT03,2023-03-03,19.647331745486944,
RKT03,2023-03-04,57.71049681414038,
RKT03,2023-03-05,15.479564384469247,
RKT03,2023-03-06,11.138774561072806,
RKT03,2023-03-07,18.538657890905927,
RKT03,2023-03-08,5.764119049544942,
RKT03,2023-03-09,26.26102883802755,
RKT03,2023-03-10,42.96874327939951,
RKT03,2023-03-11,45.97656637689781,
RKT03,2023-03-12,13.726794547867497,
RKT03,2023-03-13,20.80561457378243,
RKT03,2023-03-14,14.60355000018507,
RKT03,2023-03-15,12.837450284673956,
RKT03,2023-03-16,83.70114687617685,
RKT03,2023-03-17,35.0445347015041,
RKT03,2023-03-18,63.416063668528146,
RKT03,2023-03-19,21.140252274722044,
RKT03,2023-03-20,78.13169844462816,
RKT03,2023-03-21,11.788569635631143,
RKT03,2023-03-22,21.064187371145607,
RKT03,2023-03-23,93.50490961317084,
RKT03,2023-03-24,110.63392675412777,
RKT03,2023-03-25,60.683579490881776,
RKT03,2023-03-26,76.3666179377962,
RKT03,2023-03-27,99.07073504802449,
RKT03,2023-03-28,49.63123351222968,
RKT03,2023-03-29,31.242770281003512,
RKT03,2023-03-30,109.30952579801873,
RKT03,2023-03-31,99.1726842200573,
RKT03,2023-04-01,68.20159165157429,
RKT03,2023-04-02,27.76492829368839,
RKT03,2023-04-03,31.400028386118993,
RKT03,2023-04-04,39.952109558745846,
RKT03,2023-04-05,91.13248985260176,
RKT03,2023-04-06,93.12581562237615,
RKT03,2023-04-07,85.78338704426939,
RKT03,2023-04-08,64.90086709478972,
RKT03,2023-04-09,18.511671631159313,
RKT03,2023-04-10,35.34149895716297,
RKT03,2023-04-11,18.049804760110224,
RKT03,2023-04-12,22.934917472061585,
RKT03,2023-04-13,24.807983296979483,
RKT03,2023-04-14,62.43224507433362,
RKT03,2023-04-15,64.0446468208326,
RKT03,2023-04-16,42.688934022662785,
RKT03,2023-04-17,12.286354904952363,
RKT03,2023-04-18,13.491453749063089,
RKT03,2023-04-19,26.43398772171028,
RKT03,2023-04-20,29.553720524511732,
RKT03,2023-04-21,61.131742811382665,
RKT03,2023-04-22,57.062990138646605,
RKT03,2023-04-23,30.208616649794504,
RKT03,2023-04-24,26.704704174552013,
RKT03,2023-04-25,27.010967415865505,
RKT03,2023-04-26,32.80819018844499,
RKT03,2023-04-27,64.93260542632414,
RKT03,2023-04-28,72.94499580182011,
RKT03,2023-04-29,58.78538964636708,
RKT03,2023-04-30,82.31879368040623,
RKT03,2023-05-01,30.779089068989432,
RKT03,2023-05-02,44.02040977437895,
RKT03,2023-05-03,62.93091522572472,
RKT03,2023-05-04,82.92926240849337,
RKT03,2023-05-05,67.93720788187652,
RKT03,2023-05-06,72.04575481414362,
RKT03,2023-05-07,31.75785120290119,
RKT03,2023-05-08,21.855534780397164,
RKT03,2023-05-09,22.540035978912528,
RKT03,2023-05-10,47.06711655289583,
RKT03,2023-05-11,83.6391174545308,
RKT03,2023-05-12,75.6599487635335,
RKT03,2023-05-13,65.09384960841395,
RKT03,2023-05-14,38.88952989788923,
RKT03,2023-05-15,35.68446360832484,
RKT03,2023-05-16,22.75357667376204,
RKT03,2023-05-17,62.84588311004575,
RKT03,2023-05-18,58.09087039256926,
RKT03,2023-05-19,73.16810498217698,
RKT03,2023-05-20,62.74081640299614,
RKT03,2023-05-21,36.890738857397025,
RKT03,2023-05-22,31.10086706924785,
RKT03,2023-05-23,39.06258485174611,
RKT03,2023-05-24,62.726668587103234,
RKT03,2023-05-25,55.90085229040541,
RKT03,2023-05-26,41.865612728207424,
RKT03,2023-05-27,51.55200782964693,
RKT03,2023-05-28,76.33306828428766,
RKT03,2023-05-29,46.753658677590195,
RKT03,2023-05-30,48.53764708428926,
RKT03,2023-05-31,29.642269414978017,
RKT03,2023-06-01,43.60054553990243,
RKT03,2023-06-02,84.67648207170072,
RKT03,2023-06-03,73.72084690088062,
RKT03,2023-06-04,70.5621875685882,
RKT03,2023-06-05,90.40942153580473,
RKT03,2023-06-06,29.254295718322275,
RKT03,2023-06-07,56.57089808106655,
RKT03,2023-06-08,16.20267542442903,
RKT03,2023-06-09,96.49821469968032,
RKT03,2023-06-10,62.99959395118052,
RKT03,2023-06-11,40.444813579095545,
RKT03,2023-06-12,47.34320384282465,
RKT03,2023-06-13,67.69565608488047,
RKT03,2023-06-14,57.7574133008238,
RKT03,2023-06-15,78.96618458829086,
RKT03,2023-06-16,74.35209471111155,
RKT03,2023-06-17,59.169841554324655,
RKT03,2023-06-18,35.835050485592625,
RKT03,2023-06-19,32.45979887455281,
RKT03,2023-06-20,28.449380865437814,
RKT03,2023-06-21,15.835111279028295,
RKT03,2023-06-22,72.04802880293437,
RKT03,2023-06-23,66.07895246981575,
RKT03,2023-06-24,61.503250550599724,
RKT03,2023-06-25,39.952072474950256,
RKT03,2023-06-26,27.73792317037881,
RKT03,2023-06-27,39.23349597556991,
RKT03,2023-06-28,23.315124126200253,
RKT03,2023-06-29,78.77999889442783,
RKT03,2023-06-30,39.36800494456456,
RKT03,2023-07-01,64.38886926307755,
RKT03,2023-07-02,29.66640143098682,
RKT03,2023-07-03,25.398098656473337,
RKT03,2023-07-04,44.53811219242648,
RKT03,2023-07-05,23.818171821307658,
RKT03,2023-07-06,65.48194683839675,
RKT03,2023-07-07,75.09801679295975,
RKT03,2023-07-08,64.34063122150086,
RKT03,2023-07-09,33.5024448649289,
RKT03,2023-07-10,18.184965721869183,
RKT03,2023-07-11,43.13139906524114,
RKT03,2023-07-12,31.377902120852852,
RKT03,2023-07-13,66.5893842487841,
RKT03,2023-07-14,66.54497425285452,
RKT03,2023-07-15,43.69716960176187,
RKT03,2023-07-16,32.54534957438267,
RKT03,2023-07-17,23.53236179399966,
RKT03,2023-07-18,42.195944216533256,
RKT03,2023-07-19,25.276020476829682,
RKT03,2023-07-20,65.7804589258149,
RKT03,2023-07-21,65.51392165034731,
RKT03,2023-07-22,44.687179950672345,
RKT03,2023-07-23,22.274718829165412,
RKT03,2023-07-24,27.997271054398144,
RKT03,2023-07-25,33.396708746215815,
RKT03,2023-07-26,38.63331710939055,
RKT03,2023-07-27,49.54360269685623,
RKT03,2023-07-28,55.12827088809653,
RKT03,2023-07-29,58.86492833886479,
RKT03,2023-07-30,51.443486633568455,
RKT03,2023-07-31,32.22434849590777,
RKT03,2023-08-01,47.62321127360701,
RKT03,2023-08-02,50.081160242710396,
RKT03,2023-08-03,52.18646548852523,
RKT03,2023-08-04,54.12863293974685,
RKT03,2023-08-05,53.81499707074863,
RKT03,2023-08-06,37.30424577594082,
RKT03,2023-08-07,57.332967200728156,
RKT03,2023-08-08,41.09672616724669,
RKT03,2023-08-09,19.858406792362754,
RKT03,2023-08-10,29.276323015327904,
RKT03,2023-08-11,52.48790187050724,
RKT03,2023-08-12,49.18300504503412,
RKT03,2023-08-13,75.85961054320894,
RKT03,2023-08-14,56.00782791252864,
RKT03,2023-08-15,58.47389604422782,
RKT03,2023-08-16,73.33447170536297,
RKT03,2023-08-17,70.71480323242942,
RKT03,2023-08-18,71.63891894829221,
RKT03,2023-08-19,50.63842499780152,
RKT03,2023-08-20,47.97889761777056,
RKT03,2023-08-21,36.34149001848843,
RKT03,2023-08-22,49.48613676651941,
RKT03,2023-08-23,18.187418596394693,
RKT03,2023-08-24,35.7522022464406,
RKT03,2023-08-25,76.91477010698951,
RKT03,2023-08-26,49.318447636307575,
RKT03,2023-08-27,73.92921364242743,
RKT03,2023-08-28,98.57040228914387,
RKT03,2023-08-29,33.48521736314946,
RKT03,2023-08-30,45.14059003537716,
RKT03,2023-08-31,13.050136158510432,
RKT03,2023-09-01,43.24916727012431,
RKT03,2023-09-02,51.562211949697016,
RKT03,2023-09-03,25.35118193414573,
RKT03,2023-09-04,29.961800601642302,
RKT03,2023-09-05,29.451332746283637,
RKT03,2023-09-06,60.42647706321818,
RKT03,2023-09-07,36.45269728321194,
RKT03,2023-09-08,25.636738033850012,
RKT03,2023-09-09,34.200711893900625,
RKT03,2023-09-10,34.49880344189079,
RKT03,2023-09-11,18.24120933844794,
RKT03,2023-09-12,28.444798879418585,
RKT03,2023-09-13,55.13569848711946,
RKT03,2023-09-14,76.55504391056688,
RKT03,2023-09-15,46.56031790559639,
RKT03,2023-09-16,46.648305077981234,
RKT03,2023-09-17,35.15153227841424,
RKT03,2023-09-18,9.445494087747951,
RKT03,2023-09-19,22.005900474765966,
RKT03,2023-09-20,83.81317296333566,
RKT03,2023-09-21,45.652583556422194,
RKT03,2023-09-22,33.452585037534284,
RKT03,2023-09-23,42.745272828325135,
RKT03,2023-09-24,36.13248510911436,
RKT03,2023-09-25,14.179249984979034,
RKT03,2023-09-26,19.59386856175014,
RKT03,2023-09-27,41.375444685070676,
RKT03,2023-09-28,40.980491326388915,
RKT03,2023-09-29,42.91610845793111,
RKT03,2023-09-30,43.79713072014121,
RKT03,2023-10-01,62.6572004118506,
RKT03,2023-10-02,68.94586422338334,
RKT03,2023-10-03,14.71540195808003,
RKT03,2023-10-04,20.410058159958844,
RKT03,2023-10-05,41.81778650773924,
RKT03,2023-10-06,37.82641697513015,
RKT03,2023-10-07,39.01272399552848,
RKT03,2023-10-08,28.040263110236967,
RKT03,2023-10-09,25.51608705253424,
RKT03,2023-10-10,16.730032707751366,
RKT03,2023-10-11,27.956427474675767,
RKT03,2023-10-12,17.17910019024321,
RKT03,2023-10-13,53.9717090384624,
RKT03,2023-10-14,47.63684966440531,
RKT03,2023-10-15,21.819673703643826,
RKT03,2023-10-16,72.76941161740056,
RKT03,2023-10-17,33.48927331242616,
RKT03,2023-10-18,57.322027062607134,
RKT03,2023-10-19,92.64771693388406,
RKT03,2023-10-20,58.14812034845296,
RKT03,2023-10-21,47.44275788976278,
RKT03,2023-10-22,28.91878630969721,
RKT03,2023-10-23,28.73231481418513,
RKT03,2023-10-24,20.716459393466806,
RKT03,2023-10-25,32.42456159462153,
RKT03,2023-10-26,55.99384283861284,
RKT03,2023-10-27,47.053834537005606,
RKT03,2023-10-28,36.79527689966699,
RKT03,2023-10-29,30.846387931092945,
RKT03,2023-10-30,56.83108531268126,
RKT03,2023-10-31,44.427614192355556,
RKT03,2023-11-01,66.18960493700251,
RKT03,2023-11-02,60.44001158621474,
RKT03,2023-11-03,57.11439075524657,
RKT03,2023-11-04,32.69582382875996,
RKT03,2023-11-05,36.56568194247969,
RKT03,2023-11-06,24.43746444276499,
RKT03,2023-11-07,25.108752566072894,
RKT03,2023-11-08,27.479346852302395,
RKT03,2023-11-09,73.16039202393875,
RKT03,2023-11-10,41.10193617020574,
RKT03,2023-11-11,44.304606260292076,
RKT03,2023-11-12,30.937281455973448,
RKT03,2023-11-13,11.258143701422501,
RKT03,2023-11-14,23.919029875281048,
RKT03,2023-11-15,25.786830756596867,
RKT03,2023-11-16,65.28308304381245,
RKT03,2023-11-17,55.57135346794632,
RKT03,2023-11-18,33.25620205811403,
RKT03,2023-11-19,37.705213913120694,
RKT03,2023-11-20,18.669012123295143,
RKT03,2023-11-21,11.66866048133394,
RKT03,2023-11-22,30.474787943453542,
RKT03,2023-11-23,17.58027434869437,
RKT03,2023-11-24,40.30784445517304,
RKT03,2023-11-25,46.928356550034046,
RKT03,2023-11-26,21.92939223186822,
RKT03,2023-11-27,17.625564170313414,
RKT03,2023-11-28,12.352205199797796,
RKT03,2023-11-29,15.00679965213618,
RKT03,2023-11-30,45.56909718055993,
RKT03,2023-12-01,43.0527505365861,
RKT03,2023-12-02,44.48711850308128,
RKT03,2023-12-03,21.110710032006214,
RKT03,2023-12-04,35.913556636440546,
RKT03,2023-12-05,42.248725888628435,
RKT03,2023-12-06,54.02586286339191,
RKT03,2023-12-07,42.210490371148076,
RKT03,2023-12-08,43.40563841935496,
RKT03,2023-12-09,38.493077928126155,
RKT03,2023-12-10,53.1916746284686,
RKT03,2023-12-11,40.24369369389818,
RKT03,2023-12-12,19.962200190628874,
RKT03,2023-12-13,13.800385048885415,
RKT03,2023-12-14,20.24719401080632,
RKT03,2023-12-15,42.47373173457868,
RKT03,2023-12-16,44.81743037802945,
RKT03,2023-12-17,24.67229750691782,
RKT03,2023-12-18,10.590273478778808,
RKT03,2023-12-19,10.895095927157989,
RKT03,2023-12-20,11.434262888246263,
RKT03,2023-12-21,18.304975415843224,
RKT03,2023-12-22,53.125113425238055,
RKT03,2023-12-23,43.653763234542616,
RKT03,2023-12-24,39.9790995627734,
RKT03,2023-12-25,20.105838502237955,
RKT03,2023-12-26,10.772748539091587,
RKT03,2023-12-27,11.643807484163622,
RKT03,2023-12-28,13.642927751815678,
RKT03,2023-12-29,38.35420562680302,
RKT03,2023-12-30,39.4883133417918,
RKT03,2023-12-31,28.430557690147836,
RKT03,2024-01-01,3.949058142369091,
RKT03,2024-01-02,7.54917788252696,
RKT03,2024-01-03,2.3122221890827284,
RKT03,2024-01-04,8.290268436138224,
RKT03,2024-01-05,41.13024181836184,
RKT03,2024-01-06,42.39709871185195,
RKT03,2024-01-07,27.84533002247267,
RKT03,2024-01-08,17.714266035620522,
RKT03,2024-01-09,26.20338636086935,
RKT03,2024-01-10,22.200763950943287,
RKT03,2024-01-11,10.197834891679005,
RKT03,2024-01-12,29.821938908277147,
RKT03,2024-01-13,44.62929259325651,
RKT03,2024-01-14,41.96156726270701,
RKT03,2024-01-15,14.269396261817233,
RKT03,2024-01-16,7.813337414593457,
RKT03,2024-01-17,9.609905777442101,
RKT03,2024-01-18,20.501954744409556,
RKT03,2024-01-19,37.56849845602515,
RKT03,2024-01-20,43.18452410942568,
RKT03,2024-01-21,6.652386786044078,
RKT03,2024-01-22,24.690923910741102,
RKT03,2024-01-23,15.77365846225667,
RKT03,2024-01-24,13.109767212248693,
RKT03,2024-01-25,27.630353750747314,
RKT03,2024-01-26,38.64479171441209,
RKT03,2024-01-27,37.45290869134838,
RKT03,2024-01-28,74.55515158995836,
RKT03,2024-01-29,31.290977480516908,
RKT03,2024-01-30,20.46283021133604,
RKT03,2024-01-31,30.195863307501206,
RKT03,2024-02-01,25.74503912173905,
RKT03,2024-02-02,34.86866693685208,
RKT03,2024-02-03,42.708587637820436,
RKT03,2024-02-04,25.593056202683098,
RKT03,2024-02-05,14.83186942716827,
RKT03,2024-02-06,35.38739009125721,
RKT03,2024-02-07,7.626634684642333,
RKT03,2024-02-08,44.08881308137926,
RKT03,2024-02-09,42.90933026930965,
RKT03,2024-02-10,37.88530290442882,
RKT03,2024-02-11,37.221625974692486,
RKT03,2024-02-12,21.539269110944705,
RKT03,2024-02-13,59.15680035780762,
RKT03,2024-02-14,61.20331936460845,
RKT03,2024-02-15,71.37240022657012,
RKT03,2024-02-16,46.47209454955497,
RKT03,2024-02-17,43.47292033089498,
RKT03,2024-02-18,26.77650617077259,
RKT03,2024-02-19,75.83203221238547,
RKT03,2024-02-20,71.92812028051188,
RKT03,2024-02-21,21.066123462304613,
RKT03,2024-02-22,58.11188873485669,
RKT03,2024-02-23,65.57001248897222,
RKT03,2024-02-24,41.96021082271525,
RKT03,2024-02-25,68.36989899217238,
RKT03,2024-02-26,62.38369928135247,
RKT03,2024-02-27,60.16973354671919,
RKT03,2024-02-28,60.021360899758186,
RKT03,2024-02-29,80.25114827478004,
RKT03,2024-03-01,36.10802327191003,
RKT03,2024-03-02,39.89937401093934,
RKT03,2024-03-03,6.644702566539946,
RKT03,2024-03-04,7.502049630299588,
RKT03,2024-03-05,17.350001332155355,
RKT03,2024-03-06,17.012972527401207,
RKT03,2024-03-07,16.059612778886343,
RKT03,2024-03-08,61.61574749794256,
RKT03,2024-03-09,47.42108875646737,
RKT03,2024-03-10,12.367397390989533,
RKT03,2024-03-11,76.33757622769316,
RKT03,2024-03-12,14.19317611154131,
RKT03,2024-03-13,30.916497209174217,
RKT03,2024-03-14,16.550754512212528,
RKT03,2024-03-15,54.381484573504615,
RKT03,2024-03-16,49.48800308559737,
RKT03,2024-03-17,26.315401216547386,
RKT03,2024-03-18,34.75781865796053,
RKT03,2024-03-19,4.512730827234432,
RKT03,2024-03-20,13.539021734141718,
RKT03,2024-03-21,69.26010847264607,
RKT03,2024-03-22,73.13069645054635,
RKT03,2024-03-23,45.91657419149223,
RKT03,2024-03-24,47.257314140234186,
RKT03,2024-03-25,28.52212268235312,
RKT03,2024-03-26,15.203818603387202,
RKT03,2024-03-27,37.343397190424916,
RKT03,2024-03-28,50.60236362876756,
RKT03,2024-03-29,54.22132181891804,
RKT03,2024-03-30,40.976710654456504,
RKT03,2024-03-31,26.444097572526502,
RKT03,2024-04-01,26.52449193442608,
RKT03,2024-04-02,32.45862144741398,
RKT03,2024-04-03,43.517546333431575,
RKT03,2024-04-04,66.83587765922806,
RKT03,2024-04-05,59.36457133246031,
RKT03,2024-04-06,40.94797968096213,
RKT03,2024-04-07,18.556663311244062,
RKT03,2024-04-08,31.70474284689049,
RKT03,2024-04-09,57.12847080155597,
RKT03,2024-04-10,25.577816798880633,
RKT03,2024-04-11,51.66998352109555,
RKT03,2024-04-12,54.28294846933532,
RKT03,2024-04-13,42.702440377921626,
RKT03,2024-04-14,25.72855770142646,
RKT03,2024-04-15,47.34799195729243,
RKT03,2024-04-16,57.04297346965884,
RKT03,2024-04-17,33.31701853595763,
RKT03,2024-04-18,64.5435862068624,
RKT03,2024-04-19,62.32481553767883,
RKT03,2024-04-20,44.183465110822965,
RKT03,2024-04-21,18.67208233926338,
RKT03,2024-04-22,33.74053519111219,
RKT03,2024-04-23,67.46859769413011,
RKT03,2024-04-24,24.96309338225394,
RKT03,2024-04-25,33.28939100982305,
RKT03,2024-04-26,55.78474629762131,
RKT03,2024-04-27,46.520915249328404,
RKT03,2024-04-28,15.440396410584933,
RKT03,2024-04-29,12.327638882606294,
RKT03,2024-04-30,55.2535070531902,
RKT03,2024-05-01,54.799058858672296,
RKT03,2024-05-02,42.400356753658194,
RKT03,2024-05-03,45.27636397562507,
RKT03,2024-05-04,41.606552068744655,
RKT03,2024-05-05,39.48685294855846,
RKT03,2024-05-06,16.03525041205582,
RKT03,2024-05-07,32.352258451938376,
RKT03,2024-05-08,41.61778967986296,
RKT03,2024-05-09,39.337036039845245,
RKT03,2024-05-10,29.218700320439236,
RKT03,2024-05-11,35.792727497728656,
RKT03,2024-05-12,28.536537599183394,
RKT03,2024-05-13,47.439177078136304,
RKT03,2024-05-14,33.57788323871152,
RKT03,2024-05-15,25.26786883970196,
RKT03,2024-05-16,55.801071627051186,
RKT03,2024-05-17,31.659648086974236,
RKT03,2024-05-18,36.06011843042415,
RKT03,2024-05-19,23.8442661541455,
RKT03,2024-05-20,41.445519945897566,
RKT03,2024-05-21,50.89628843378787,
RKT03,2024-05-22,66.83169541149067,
RKT03,2024-05-23,42.74649547227414,
RKT03,2024-05-24,54.3094637361737,
RKT03,2024-05-25,36.49469866946764,
RKT03,2024-05-26,34.77263297204067,
RKT03,2024-05-27,23.977619476682456,
RKT03,2024-05-28,17.451713043417683,
RKT03,2024-05-29,58.2372717971231,
RKT03,2024-05-30,54.151981461263695,
RKT03,2024-05-31,50.23487643466487,
RKT03,2024-06-01,41.84169893349337,
RKT03,2024-06-02,15.593855565862206,
RKT03,2024-06-03,31.408811979721467,
RKT03,2024-06-04,47.356268802862985,
RKT03,2024-06-05,50.34991911027406,
RKT03,2024-06-06,52.104594834660546,
RKT03,2024-06-07,43.55095686471478,
RKT03,2024-06-08,38.86308308012378,
RKT03,2024-06-09,33.48896945913988,31.24862562083526
RKT03,2024-06-10,53.18291226586316,40.70794755046526
RKT03,2024-06-11,82.71660303055839,74.25708086827255
RKT03,2024-06-12,69.29155715812857,82.12646004439395
RKT03,2024-06-13,72.3408187592987,69.70765646044129
RKT03,2024-06-14,53.622281205678256,50.3362490601936
RKT03,2024-06-15,44.84235385106072,43.162849094497936
RKT03,2024-06-16,9.313789974362972,8.06552623888065
RKT03,2024-06-17,14.999713843193526,12.191842079162598
RKT03,2024-06-18,39.21926003979418,35.38065418795427
RKT03,2024-06-19,20.497830694870068,28.464776370617777
RKT03,2024-06-20,53.00770126468199,41.30905230406573
RKT03,2024-06-21,35.76716766489032,48.278247769186116
RKT03,2024-06-22,45.63703611268669,43.869018647783086
RKT03,2024-06-23,28.946215101279854,41.71574732241388
RKT03,2024-06-24,20.020820407570746,21.89075532422245
RKT03,2024-06-25,23.935079872467867,18.08001052233318
RKT03,2024-06-26,10.952246816207472,15.04094182427956
RKT03,2024-06-27,62.86573727493979,42.731546237780634
RKT03,2024-06-28,39.17333968487734,65.99077145388611
RKT03,2024-06-29,43.64506078354595,40.3036032344317
RKT03,2024-06-30,19.966511565787616,22.70114283499421
RKT03,2024-07-01,16.027397010330695,14.36257168697696
RKT03,2024-07-02,23.82811612746638,13.134371551412572
RKT03,2024-07-03,2.666930464414879,2.9129797880273123
RKT03,2024-07-04,23.292230865970442,18.192730132486613
RKT03,2024-07-05,38.9722057020828,42.078412019589805
RKT03,2024-07-06,46.69402850640852,45.56966314515506
RKT03,2024-07-07,7.538035325923376,9.47907334677934
RKT03,2024-07-08,12.844177100578282,13.956127680000343
RKT03,2024-07-09,54.00397393105496,30.506803891889433
RKT03,2024-07-10,21.56639961939926,39.861294642224564
RKT03,2024-07-11,88.13136557327971,56.97530476765453
RKT03,2024-07-12,44.80115782565414,52.78616778807364
RKT03,2024-07-13,55.26702135581248,45.92847067601935
RKT03,2024-07-14,32.52482724970137,30.051549750986183
RKT03,2024-07-15,19.06202057223386,20.939153301346224
RKT03,2024-07-16,60.381154182516426,41.077577734358776
RKT03,2024-07-17,221.98862337159824,367.53298410932547
RKT03,2024-07-18,15.334807465894041,8.039486768461902
RKT03,2024-07-19,45.8936120369082,38.000557925256714
RKT03,2024-07-20,29.848201807293538,36.82503892032391
RKT03,2024-07-21,28.44555046665813,34.70493233970809
RKT03,2024-07-22,45.82431061953941,52.94556287095937
RKT03,2024-07-23,56.902031896934965,59.95555607659737
RKT03,2024-07-24,53.281709824464194,69.78762707073469
RKT03,2024-07-25,37.05911150371571,38.63450144361653
RKT03,2024-07-26,54.609939565398115,45.34518807590841
RKT03,2024-07-27,37.86856576426034,37.09944763216932
RKT03,2024-07-28,30.724689953031586,23.394632156837407
RKT03,2024-07-29,31.8574483981403,28.773953551395657
RKT03,2024-07-30,22.789503851906495,22.399255888377184
RKT03,2024-07-31,34.938033934555754,32.20107706677114
RKT03,2024-08-01,40.58526306482226,33.83001594300779
RKT03,2024-08-02,37.314073519202076,36.087191889382815
RKT03,2024-08-03,20.955395342863852,18.61508150530405
RKT03,2024-08-04,22.095199541005464,14.965560556300236
RKT03,2024-08-05,28.750085288272935,27.973222972756275
RKT03,2024-08-06,30.190033268255938,27.769284589129732
RKT03,2024-08-07,18.77697880147055,23.649304174415427
RKT03,2024-08-08,49.12182610876456,39.46174308046593
RKT03,2024-08-09,51.95063825482049,56.18454707438222
RKT03,2024-08-10,38.45542335546924,42.01452192231618
RKT03,2024-08-11,57.91334627508344,50.17400307233335
RKT03,2024-08-12,57.366314528546035,62.57516854802643
RKT03,2024-08-13,48.18861093216541,49.201060131301944
RKT03,2024-08-14,50.63014104171101,49.730127158165544
RKT03,2024-08-15,46.46807495600992,37.65514447133473
RKT03,2024-08-16,45.546794217685374,47.44278145537298
RKT03,2024-08-17,31.972687934833672,27.867081734033725
RKT03,2024-08-18,25.956772770734915,21.632723632944042
RKT03,2024-08-19,56.60494794821437,43.799067947758154
RKT03,2024-08-20,36.54276718445461,35.03375552993289
RKT03,2024-08-21,14.493890148201064,12.700799938253523
RKT03,2024-08-22,20.563781616467505,20.80635592882632
RKT03,2024-08-23,36.35789271789494,30.19714410572548
RKT03,2024-08-24,31.93738500821242,41.73897350226879
RKT03,2024-08-25,38.66120316509516,41.95021969764026
RKT03,2024-08-26,35.386179130851446,50.540799066796374
RKT03,2024-08-27,22.221617852769715,29.146463944823065
RKT03,2024-08-28,39.80292796606319,50.335967700937445
RKT03,2024-08-29,46.964917186775615,53.89505094484976
RKT03,2024-08-30,57.33078949691896,61.07326821772224
RKT03,2024-08-31,45.448582374198594,47.6732921973983
RKT03,2024-09-01,23.17038191949703,22.07374374340294
RKT03,2024-09-02,71.88319864198971,42.163352064641586
RKT03,2024-09-03,39.27201805020696,33.35336983961393
RKT03,2024-09-04,37.911428736170784,34.401139306508185
RKT03,2024-09-05,84.90632748906734,70.08478046853321
RKT03,2024-09-06,63.749556263582036,56.289979552577606
RKT03,2024-09-07,48.53096158643564,42.69638280222725
RKT03,2024-09-08,18.76933286458771,18.32736980812809
RKT03,2024-09-09,22.747405449259745,11.20650889674237
RKT03,2024-09-10,19.43581991080499,10.310084694808191
RKT03,2024-09-11,11.828665038357224,14.368988215094008
RKT03,2024-09-12,17.883164984778823,11.866381820428415
RKT03,2024-09-13,24.138743125022277,26.90937837927137
RKT03,2024-09-14,42.44165792082977,35.33223839837007
RKT03,2024-09-15,37.052814665711374,35.10595989786738
RKT03,2024-09-16,45.20081746974479,44.81898676670231
RKT03,2024-09-17,37.57309849774166,37.339537057833894
RKT03,2024-09-18,37.3794771159086,41.478427273168855
RKT03,2024-09-19,22.907090551031953,28.86373252348506
RKT03,2024-09-20,32.99898245995867,32.56751733997803
RKT03,2024-09-21,35.788640940245564,42.52352551485294
RKT03,2024-09-22,29.329330040943947,17.86679934252537
RKT03,2024-09-23,22.320637877787416,17.771311628612096
RKT03,2024-09-24,29.819204507407022,19.87478282873174
RKT03,2024-09-25,33.998775984232054,25.799186585743918
RKT03,2024-09-26,56.252987803202274,52.141293397536614
RKT03,2024-09-27,60.63885306952097,57.711401669763625
RKT03,2024-09-28,52.10131356627816,44.7318631486485
RKT03,2024-09-29,23.65602333159553,24.9345169108022
RKT03,2024-09-30,22.54890168120417,20.35847020941948
RKT04,2023-01-01,10.256663569692934,
RKT04,2023-01-02,10.683389930374569,
RKT04,2023-01-03,10.261058770406471,
RKT04,2023-01-04,11.684204225787516,
RKT04,2023-01-05,13.968815207086497,
RKT04,2023-01-06,16.040061362597783,
RKT04,2023-01-07,18.93440809347755,
RKT04,2023-01-08,23.48509031880539,
RKT04,2023-01-09,23.429728995088993,
RKT04,2023-01-10,21.718986550644733,
RKT04,2023-01-11,30.95466286675865,
RKT04,2023-01-12,25.423651974119796,
RKT04,2023-01-13,23.75335241998107,
RKT04,2023-01-14,13.141691179165504,
RKT04,2023-01-15,12.991863128721453,
RKT04,2023-01-16,16.859354491656042,
RKT04,2023-01-17,15.061176391711118,
RKT04,2023-01-18,12.80711054355522,
RKT04,2023-01-19,8.656997697058637,
RKT04,2023-01-20,17.9599923266715,
RKT04,2023-01-21,17.780836947673173,
RKT04,2023-01-22,22.85597824502247,
RKT04,2023-01-23,22.47190044463877,
RKT04,2023-01-24,26.042972939292238,
RKT04,2023-01-25,23.035834781872502,
RKT04,2023-01-26,22.616934261198473,
RKT04,2023-01-27,19.725084999980194,
RKT04,2023-01-28,18.94505230861791,
RKT04,2023-01-29,27.354077550800447,
RKT04,2023-01-30,39.57675796936804,
RKT04,2023-01-31,31.935976028420132,
RKT04,2023-02-01,33.47306837983455,
RKT04,2023-02-02,33.81110616038915,
RKT04,2023-02-03,28.074386220533345,
RKT04,2023-02-04,24.675474881885602,
RKT04,2023-02-05,37.03527830600002,
RKT04,2023-02-06,41.11928792700749,
RKT04,2023-02-07,32.63455270715888,
RKT04,2023-02-08,36.46033014262986,
RKT04,2023-02-09,39.544800767765,
RKT04,2023-02-10,40.3696606655185,
RKT04,2023-02-11,30.598675820676526,
RKT04,2023-02-12,36.80655426036017,
RKT04,2023-02-13,38.3335534860761,
RKT04,2023-02-14,47.497369132814974,
RKT04,2023-02-15,45.2735472315295,
RKT04,2023-02-16,42.292867979963,
RKT04,2023-02-17,36.808457779124936,
RKT04,2023-02-18,30.31887466278659,
RKT04,2023-02-19,44.395568812135224,
RKT04,2023-02-20,31.771640543642643,
RKT04,2023-02-21,33.42388675298331,
RKT04,2023-02-22,38.8226833817883,
RKT04,2023-02-23,42.54101702520929,
RKT04,2023-02-24,40.644712841405486,
RKT04,2023-02-25,35.22616158640244,
RKT04,2023-02-26,42.30866303052179,
RKT04,2023-02-27,41.55055505919129,
RKT04,2023-02-28,40.02610615779259,
RKT04,2023-03-01,22.136199315769097,
RKT04,2023-03-02,24.282215386411092,
RKT04,2023-03-03,28.714038744631047,
RKT04,2023-03-04,24.05158797714048,
RKT04,2023-03-05,28.26427936965163,
RKT04,2023-03-06,26.31764142944945,
RKT04,2023-03-07,29.645694185763872,
RKT04,2023-03-08,34.874552669321325,
RKT04,2023-03-09,32.621145097129826,
RKT04,2023-03-10,39.71180123555597,
RKT04,2023-03-11,30.351907123232692,
RKT04,2023-03-12,32.02102513641269,
RKT04,2023-03-13,31.372796078546777,
RKT04,2023-03-14,36.92016313189854,
RKT04,2023-03-15,45.82109865910602,
RKT04,2023-03-16,46.72448195985357,
RKT04,2023-03-17,38.9340132375914,
RKT04,2023-03-18,32.266271434192696,
RKT04,2023-03-19,41.952451080258,
RKT04,2023-03-20,39.192896210493466,
RKT04,2023-03-21,45.138313205997086,
RKT04,2023-03-22,38.181581236383586,
RKT04,2023-03-23,31.798630185057327,
RKT04,2023-03-24,35.486755850754754,
RKT04,2023-03-25,33.94168182856027,
RKT04,2023-03-26,41.189836438522,
RKT04,2023-03-27,27.723253166903522,
RKT04,2023-03-28,42.81649379410171,
RKT04,2023-03-29,42.2748587123136,
RKT04,2023-03-30,40.59333129372109,
RKT04,2023-03-31,34.23049002357223,
RKT04,2023-04-01,37.26501071611316,
RKT04,2023-04-02,38.82732023389113,
RKT04,2023-04-03,36.57697025257941,
RKT04,2023-04-04,35.70383455926187,
RKT04,2023-04-05,37.61271631531649,
RKT04,2023-04-06,33.20554089738528,
RKT04,2023-04-07,29.328614397529872,
RKT04,2023-04-08,33.62979620382254,
RKT04,2023-04-09,46.99140377633738,
RKT04,2023-04-10,35.55581443273958,
RKT04,2023-04-11,31.95323656949428,
RKT04,2023-04-12,35.35664971482382,
RKT04,2023-04-13,39.396125645924215,
RKT04,2023-04-14,37.71690623544097,
RKT04,2023-04-15,32.25116979338919,
RKT04,2023-04-16,33.02876044358467,
RKT04,2023-04-17,37.44267685042886,
RKT04,2023-04-18,37.09771731279429,
RKT04,2023-04-19,29.22060889806527,
RKT04,2023-04-20,39.57297085734251,
RKT04,2023-04-21,33.686153840460285,
RKT04,2023-04-22,34.07817779750391,
RKT04,2023-04-23,44.484439031100656,
RKT04,2023-04-24,38.91152874327244,
RKT04,2023-04-25,31.355190318005604,
RKT04,2023-04-26,39.90067222871543,
RKT04,2023-04-27,36.20480536349238,
RKT04,2023-04-28,37.01406759082617,
RKT04,2023-04-29,31.468996323988936,
RKT04,2023-04-30,34.035783412181,
RKT04,2023-05-01,34.392718303746,
RKT04,2023-05-02,28.491376644071416,
RKT04,2023-05-03,24.67715492161063,
RKT04,2023-05-04,29.669870515017465,
RKT04,2023-05-05,23.339942390938376,
RKT04,2023-05-06,21.496136975498203,
RKT04,2023-05-07,35.951783192433055,
RKT04,2023-05-08,29.89071891397659,
RKT04,2023-05-09,27.434999724156572,
RKT04,2023-05-10,33.978281308829985,
RKT04,2023-05-11,33.819662305669986,
RKT04,2023-05-12,34.23258607056245,
RKT04,2023-05-13,25.102959956700758,
RKT04,2023-05-14,35.83805542772655,
RKT04,2023-05-15,29.03039495135325,
RKT04,2023-05-16,30.344827429047573,
RKT04,2023-05-17,43.644821596700204,
RKT04,2023-05-18,44.98395834686363,
RKT04,2023-05-19,41.374141387821496,
RKT04,2023-05-20,27.363878990686786,
RKT04,2023-05-21,37.32498331894692,
RKT04,2023-05-22,37.59054804397085,
RKT04,2023-05-23,36.754778216558066,
RKT04,2023-05-24,29.211429564772423,
RKT04,2023-05-25,26.76777815244436,
RKT04,2023-05-26,31.834247253016713,
RKT04,2023-05-27,28.158029220417394,
RKT04,2023-05-28,41.82416236280267,
RKT04,2023-05-29,40.54495573039674,
RKT04,2023-05-30,35.94306786126558,
RKT04,2023-05-31,33.119485355354584,
RKT04,2023-06-01,32.073495938974204,
RKT04,2023-06-02,28.559862315322007,
RKT04,2023-06-03,24.66189016345034,
RKT04,2023-06-04,34.589346367885845,
RKT04,2023-06-05,32.99796462015713,
RKT04,2023-06-06,36.1619974043021,
RKT04,2023-06-07,41.018517539063396,
RKT04,2023-06-08,34.045552188615545,
RKT04,2023-06-09,37.428438381327204,
RKT04,2023-06-10,25.623787739210474,
RKT04,2023-06-11,41.59168263611894,
RKT04,2023-06-12,40.877913732964274,
RKT04,2023-06-13,38.33946680483189,
RKT04,2023-06-14,38.57545917854441,
RKT04,2023-06-15,39.08784784317364,
RKT04,2023-06-16,34.02061770477347,
RKT04,2023-06-17,33.52398100615688,
RKT04,2023-06-18,41.796643324911464,
RKT04,2023-06-19,37.63111838156476,
RKT04,2023-06-20,32.81414685430871,
RKT04,2023-06-21,39.55654030274595,
RKT04,2023-06-22,33.773726404402545,
RKT04,2023-06-23,37.43477153654017,
RKT04,2023-06-24,23.524691369420278,
RKT04,2023-06-25,24.977097998987936,
RKT04,2023-06-26,26.02062038779828,
RKT04,2023-06-27,29.378658827498352,
RKT04,2023-06-28,37.70685942747477,
RKT04,2023-06-29,26.82046350382772,
RKT04,2023-06-30,22.41743704131126,
RKT04,2023-07-01,24.39386532297382,
RKT04,2023-07-02,23.954672377705354,
RKT04,2023-07-03,27.593895222649646,
RKT04,2023-07-04,18.660743103892035,
RKT04,2023-07-05,25.168879712856267,
RKT04,2023-07-06,34.977187846217255,
RKT04,2023-07-07,37.85594651241008,
RKT04,2023-07-08,35.28493321472586,
RKT04,2023-07-09,26.360117480965418,
RKT04,2023-07-10,35.226281875748306,
RKT04,2023-07-11,37.41342741608417,
RKT04,2023-07-12,40.85905930066803,
RKT04,2023-07-13,38.494542497127036,
RKT04,2023-07-14,22.61081730803593,
RKT04,2023-07-15,14.416935098187041,
RKT04,2023-07-16,13.391243954347798,
RKT04,2023-07-17,22.35638746885746,
RKT04,2023-07-18,22.686547453845943,
RKT04,2023-07-19,20.980804477727414,
RKT04,2023-07-20,21.777408604971818,
RKT04,2023-07-21,21.662241803408502,
RKT04,2023-07-22,21.270592013254365,
RKT04,2023-07-23,20.62227486806148,
RKT04,2023-07-24,14.986367249495597,
RKT04,2023-07-25,20.4955173315837,
RKT04,2023-07-26,22.320488198147185,
RKT04,2023-07-27,22.410220114294518,
RKT04,2023-07-28,21.528739820673454,
RKT04,2023-07-29,26.37429313870899,
RKT04,2023-07-30,27.904194158239303,
RKT04,2023-07-31,29.696765889275618,
RKT04,2023-08-01,26.90139916010966,
RKT04,2023-08-02,28.757135449945842,
RKT04,2023-08-03,25.13144148480627,
RKT04,2023-08-04,24.095157272296976,
RKT04,2023-08-05,26.683958891589022,
RKT04,2023-08-06,21.142529064620252,
RKT04,2023-08-07,23.041631511357743,
RKT04,2023-08-08,21.216026180270447,
RKT04,2023-08-09,25.415413833868175,
RKT04,2023-08-10,23.98421586098268,
RKT04,2023-08-11,21.431953970761814,
RKT04,2023-08-12,26.559935813982168,
RKT04,2023-08-13,37.4918498177806,
RKT04,2023-08-14,31.538004574658952,
RKT04,2023-08-15,34.35622690924313,
RKT04,2023-08-16,31.967683185927314,
RKT04,2023-08-17,33.5137219070069,
RKT04,2023-08-18,29.885374043853357,
RKT04,2023-08-19,27.20638529619501,
RKT04,2023-08-20,29.69559511289349,
RKT04,2023-08-21,25.890736042182308,
RKT04,2023-08-22,19.439857414202997,
RKT04,2023-08-23,25.558471759993534,
RKT04,2023-08-24,25.336107300505383,
RKT04,2023-08-25,24.113820042390184,
RKT04,2023-08-26,19.59444873986622,
RKT04,2023-08-27,34.07523826371639,
RKT04,2023-08-28,36.02171914816761,
RKT04,2023-08-29,36.32610170141458,
RKT04,2023-08-30,32.75522560582035,
RKT04,2023-08-31,19.617753301473417,
RKT04,2023-09-01,24.668147721957848,
RKT04,2023-09-02,22.19535760776735,
RKT04,2023-09-03,36.38835307677278,
RKT04,2023-09-04,42.39543419355971,
RKT04,2023-09-05,37.76989559047663,
RKT04,2023-09-06,33.438060340656705,
RKT04,2023-09-07,30.523047219058935,
RKT04,2023-09-08,23.06223310875126,
RKT04,2023-09-09,25.1195229936721,
RKT04,2023-09-10,34.248408117062546,
RKT04,2023-09-11,34.8171634468717,
RKT04,2023-09-12,23.252547297912876,
RKT04,2023-09-13,24.884932873212392,
RKT04,2023-09-14,37.422112618148866,
RKT04,2023-09-15,17.536010039610854,
RKT04,2023-09-16,22.44296529622184,
RKT04,2023-09-17,27.5877864878237,
RKT04,2023-09-18,26.787778378992414,
RKT04,2023-09-19,30.573222749480454,
RKT04,2023-09-20,23.852897556794982,
RKT04,2023-09-21,23.398584399354295,
RKT04,2023-09-22,25.600895248842374,
RKT04,2023-09-23,24.263843408015113,
RKT04,2023-09-24,20.536039652819042,
RKT04,2023-09-25,27.327401192356678,
RKT04,2023-09-26,29.21439604140141,
RKT04,2023-09-27,26.524125737856703,
RKT04,2023-09-28,25.908209120028047,
RKT04,2023-09-29,30.995369101212162,
RKT04,2023-09-30,32.9941514942413,
RKT04,2023-10-01,43.019854955563964,
RKT04,2023-10-02,47.223674755792736,
RKT04,2023-10-03,30.712524641458877,
RKT04,2023-10-04,25.22286840784435,
RKT04,2023-10-05,25.154767619011356,
RKT04,2023-10-06,29.84875498295522,
RKT04,2023-10-07,27.794179714519714,
RKT04,2023-10-08,30.300022379104792,
RKT04,2023-10-09,28.29512198246189,
RKT04,2023-10-10,26.58128387523698,
RKT04,2023-10-11,33.76330263520005,
RKT04,2023-10-12,40.24521496702194,
RKT04,2023-10-13,37.38968814570062,
RKT04,2023-10-14,27.6170211871471,
RKT04,2023-10-15,35.318503785272014,
RKT04,2023-10-16,37.650422835852694,
RKT04,2023-10-17,45.79487059301943,
RKT04,2023-10-18,47.479545237883364,
RKT04,2023-10-19,43.91319711291109,
RKT04,2023-10-20,34.864834085804276,
RKT04,2023-10-21,27.357750383165794,
RKT04,2023-10-22,40.82462753706267,
RKT04,2023-10-23,36.48950015924223,
RKT04,2023-10-24,33.560787441210024,
RKT04,2023-10-25,33.879291394938896,
RKT04,2023-10-26,34.03783109156057,
RKT04,2023-10-27,36.098637620312935,
RKT04,2023-10-28,28.955801102246518,
RKT04,2023-10-29,34.284814498442756,
RKT04,2023-10-30,31.362114757645934,
RKT04,2023-10-31,28.56752460543435,
RKT04,2023-11-01,33.17180983335443,
RKT04,2023-11-02,44.43992797827615,
RKT04,2023-11-03,33.004289657744536,
RKT04,2023-11-04,32.1274749223935,
RKT04,2023-11-05,31.68066547827561,
RKT04,2023-11-06,27.773162903403477,
RKT04,2023-11-07,39.34984106713223,
RKT04,2023-11-08,36.98626927201704,
RKT04,2023-11-09,34.77163291451536,
RKT04,2023-11-10,37.00411220589535,
RKT04,2023-11-11,27.944291655476512,
RKT04,2023-11-12,35.211160587453556,
RKT04,2023-11-13,25.573975956887427,
RKT04,2023-11-14,30.910873833057337,
RKT04,2023-11-15,32.18107995566189,
RKT04,2023-11-16,32.860925105993466,
RKT04,2023-11-17,31.07891893730046,
RKT04,2023-11-18,35.56697200302778,
RKT04,2023-11-19,30.707497886947966,
RKT04,2023-11-20,34.40716871601716,
RKT04,2023-11-21,35.621592428534576,
RKT04,2023-11-22,27.096923575157714,
RKT04,2023-11-23,22.05263752000257,
RKT04,2023-11-24,33.04931326166589,
RKT04,2023-11-25,28.742098229019593,
RKT04,2023-11-26,23.916510483006512,
RKT04,2023-11-27,22.333117825544175,
RKT04,2023-11-28,39.95251282787398,
RKT04,2023-11-29,40.70089098036252,
RKT04,2023-11-30,21.356901458057397,
RKT04,2023-12-01,28.65311000741293,
RKT04,2023-12-02,22.567094729179107,
RKT04,2023-12-03,34.242570448407335,
RKT04,2023-12-04,23.39695426471412,
RKT04,2023-12-05,18.16844702790535,
RKT04,2023-12-06,17.55857043379291,
RKT04,2023-12-07,29.397051794135685,
RKT04,2023-12-08,22.90179017302523,
RKT04,2023-12-09,14.966218619921886,
RKT04,2023-12-10,15.965274458399618,
RKT04,2023-12-11,23.728898444210632,
RKT04,2023-12-12,14.702818671416694,
RKT04,2023-12-15,5.426548004318113,
RKT04,2023-12-16,13.907097798779796,
RKT04,2023-12-17,21.06925446164522,
RKT04,2023-12-18,17.001973714482123,
RKT04,2023-12-19,15.482015386445337,
RKT04,2023-12-20,26.781503160515584,
RKT04,2023-12-21,27.6804590946689,
RKT04,2023-12-22,21.845624505476582,
RKT04,2023-12-23,19.600918300801922,
RKT04,2023-12-24,26.271397557042174,
RKT04,2023-12-25,13.555471634475428,
RKT04,2023-12-26,8.640095050781628,
RKT04,2023-12-27,13.827580362897255,
RKT04,2023-12-28,16.914109791433713,
RKT04,2023-12-29,22.816682854496523,
RKT04,2023-12-30,30.250338752664245,
RKT04,2023-12-31,23.537134711101597,
RKT04,2024-01-01,9.818736486891803,
RKT04,2024-01-02,6.951841591068118,
RKT04,2024-01-03,7.0372107657540655,
RKT04,2024-01-04,7.829962593306601,
RKT04,2024-01-05,12.86547946489247,
RKT04,2024-01-06,26.876397124963766,
RKT04,2024-01-07,37.08190824800546,
RKT04,2024-01-08,42.280846525118626,
RKT04,2024-01-09,42.28424510992191,
RKT04,2024-01-10,37.49270922789326,
RKT04,2024-01-11,41.78793308902122,
RKT04,2024-01-12,28.68975865872086,
RKT04,2024-01-13,31.671237231220946,
RKT04,2024-01-14,35.830900055697754,
RKT04,2024-01-15,42.87454653394656,
RKT04,2024-01-16,31.153681187681556,
RKT04,2024-01-17,36.088652876641376,
RKT04,2024-01-18,29.544609660278546,
RKT04,2024-01-19,20.955047217900276,
RKT04,2024-01-20,18.61641640105541,
RKT04,2024-01-21,29.898121689046448,
RKT04,2024-01-22,33.27148028830944,
RKT04,2024-01-23,34.53508355773284,
RKT04,2024-01-24,31.347989033889032,
RKT04,2024-01-25,34.2590104731569,
RKT04,2024-01-26,30.38097597678621,
RKT04,2024-01-27,28.967607751231238,
RKT04,2024-01-28,32.218736844618554,
RKT04,2024-01-29,45.29493961184726,
RKT04,2024-01-30,33.922286574987844,
RKT04,2024-01-31,35.52186303938688,
RKT04,2024-02-01,29.113004701345364,
RKT04,2024-02-02,20.902902487859716,
RKT04,2024-02-03,17.75124248270713,
RKT04,2024-02-04,28.37257533942372,
RKT04,2024-02-05,23.24286530231495,
RKT04,2024-02-06,20.26069157575636,
RKT04,2024-02-07,15.465415032115802,
RKT04,2024-02-08,19.054976885691705,
RKT04,2024-02-09,21.342703682986258,
RKT04,2024-02-10,25.862278795496334,
RKT04,2024-02-11,28.584617930522427,
RKT04,2024-02-12,38.25962314351447,
RKT04,2024-02-13,36.172863867533714,
RKT04,2024-02-14,33.540725000003874,
RKT04,2024-02-15,33.854827560734954,
RKT04,2024-02-16,34.683006740620826,
RKT04,2024-02-17,30.039015238780426,
RKT04,2024-02-18,30.85237572766041,
RKT04,2024-02-19,39.59615257788382,
RKT04,2024-02-20,26.92480664065773,
RKT04,2024-02-21,19.20734775878258,
RKT04,2024-02-22,32.39620575935095,
RKT04,2024-02-23,34.226534990668604,
RKT04,2024-02-24,26.08141202803139,
RKT04,2024-02-25,33.51552731253784,
RKT04,2024-02-26,39.21344397737005,
RKT04,2024-02-27,43.654042839569335,
RKT04,2024-02-28,36.40244091364602,
RKT04,2024-02-29,36.06101666410406,
RKT04,2024-03-01,29.292515470005366,
RKT04,2024-03-02,29.553320545714296,
RKT04,2024-03-03,28.386422167806533,
RKT04,2024-03-04,15.460193211541007,
RKT04,2024-03-05,21.887279788399972,
RKT04,2024-03-06,23.533466814845955,
RKT04,2024-03-07,21.062237650517535,
RKT04,2024-03-08,32.47227893958394,
RKT04,2024-03-09,30.12965999699152,
RKT04,2024-03-10,35.551726032317035,
RKT04,2024-03-11,30.52999243696816,
RKT04,2024-03-12,25.358870455417957,
RKT04,2024-03-13,24.999227333520615,
RKT04,2024-03-14,33.720432297626,
RKT04,2024-03-15,28.325539434381533,
RKT04,2024-03-16,31.984511504467978,
RKT04,2024-03-17,39.598194450569146,
RKT04,2024-03-18,29.965834819106167,
RKT04,2024-03-19,35.69104714196206,
RKT04,2024-03-20,25.633875355247113,
RKT04,2024-03-21,28.30445442697796,
RKT04,2024-03-22,23.865303788812195,
RKT04,2024-03-23,26.194747912505616,
RKT04,2024-03-24,38.83878778422916,
RKT04,2024-03-25,42.40039691092148,
RKT04,2024-03-26,37.8580424086908,
RKT04,2024-03-27,30.677178951584356,
RKT04,2024-03-28,36.48964868046812,
RKT04,2024-03-29,30.878598222454333,
RKT04,2024-03-30,29.478063776809364,
RKT04,2024-03-31,46.257773940341224,
RKT04,2024-04-01,39.67583298081965,
RKT04,2024-04-02,39.36595900293491,
RKT04,2024-04-03,44.51705550158372,
RKT04,2024-04-04,32.60961409078418,
RKT04,2024-04-05,38.373321951867304,
RKT04,2024-04-06,34.25575165827194,
RKT04,2024-04-07,41.483791950550824,
RKT04,2024-04-08,39.407803216386206,
RKT04,2024-04-09,44.80344536165441,
RKT04,2024-04-10,43.31268376430901,
RKT04,2024-04-11,46.40814192086892,
RKT04,2024-04-12,34.14915912730987,
RKT04,2024-04-13,30.84537685730145,
RKT04,2024-04-14,41.19535434254772,
RKT04,2024-04-15,30.23465278413437,
RKT04,2024-04-16,34.5357197599805,
RKT04,2024-04-17,45.650533733027856,
RKT04,2024-04-18,33.63843969921861,
RKT04,2024-04-19,29.63206179522959,
RKT04,2024-04-20,26.312399377357135,
RKT04,2024-04-21,29.972618155847705,
RKT04,2024-04-22,28.79383366996059,
RKT04,2024-04-23,30.392940187310973,
RKT04,2024-04-24,29.397480796046832,
RKT04,2024-04-25,38.19309361663546,
RKT04,2024-04-26,39.279798820382325,
RKT04,2024-04-27,31.299615657655405,
RKT04,2024-04-28,39.49771027106317,
RKT04,2024-04-29,36.1481482521609,
RKT04,2024-04-30,34.2167897737036,
RKT04,2024-05-01,35.48300946910743,
RKT04,2024-05-02,29.54281983190226,
RKT04,2024-05-03,32.271686641388705,
RKT04,2024-05-04,29.140072695693043,
RKT04,2024-05-05,27.880396102670275,
RKT04,2024-05-06,30.955542273706897,
RKT04,2024-05-07,37.24844246746843,
RKT04,2024-05-08,19.411147834492464,
RKT04,2024-05-09,31.709576615221124,
RKT04,2024-05-10,33.57303609836819,
RKT04,2024-05-11,30.51885357272487,
RKT04,2024-05-12,27.46552609310819,
RKT04,2024-05-13,31.220585189190835,
RKT04,2024-05-14,34.88054279883109,
RKT04,2024-05-15,43.4820968460936,
RKT04,2024-05-16,39.5757159168267,
RKT04,2024-05-17,43.96171239127054,
RKT04,2024-05-18,27.504497737816006,
RKT04,2024-05-19,35.42805780461551,
RKT04,2024-05-20,37.28790791684414,
RKT04,2024-05-21,40.54148422806557,
RKT04,2024-05-22,41.458779444973906,
RKT04,2024-05-23,41.54314096796719,
RKT04,2024-05-24,37.512164138178285,
RKT04,2024-05-25,26.974782192587778,
RKT04,2024-05-26,32.886827708395806,
RKT04,2024-05-27,42.15668760731552,
RKT04,2024-05-28,37.74384934043783,
RKT04,2024-05-29,35.39267752263874,
RKT04,2024-05-30,27.165019560201,
RKT04,2024-05-31,27.97682660202149,
RKT04,2024-06-01,25.55055499013972,
RKT04,2024-06-02,37.10213178106446,
RKT04,2024-06-03,35.933334722211896,
RKT04,2024-06-04,37.25056362239354,
RKT04,2024-06-05,38.964436068949766,
RKT04,2024-06-06,34.09428367117439,
RKT04,2024-06-07,30.946020574641945,
RKT04,2024-06-08,30.451677511067995,
RKT04,2024-06-09,39.529625703495284,35.08015156807283
RKT04,2024-06-10,38.27907851817109,35.11723095975568
RKT04,2024-06-11,41.866347102119825,37.781022310361756
RKT04,2024-06-12,26.375471979989815,27.931599164111127
RKT04,2024-06-13,36.36452679626176,29.048005440678534
RKT04,2024-06-14,34.091993819964046,30.192861134443493
RKT04,2024-06-15,33.60155927476064,28.52787661879963
RKT04,2024-06-16,41.36874473971995,38.50518581930696
RKT04,2024-06-17,33.976478023557505,34.098243457794226
RKT04,2024-06-18,23.242693291289573,26.117292128814963
RKT04,2024-06-19,23.38356661768339,22.048998258312412
RKT04,2024-06-20,25.05401456012359,22.94163970241585
RKT04,2024-06-21,25.53013713634092,34.614372546264946
RKT04,2024-06-22,18.636744750520013,24.16844767470856
RKT04,2024-06-23,18.25338941594563,21.833643163574926
RKT04,2024-06-24,26.676065994886272,29.117310655495206
RKT04,2024-06-25,27.743455513531636,30.5135459420152
RKT04,2024-06-26,30.795085943876693,36.61007932799149
RKT04,2024-06-27,27.72578870445237,31.593235903424418
RKT04,2024-06-28,18.812799364893607,25.925298659127886
RKT04,2024-06-29,14.23049376871666,16.995393876657023
RKT04,2024-06-30,23.84887273801115,26.071456595887085
RKT04,2024-07-01,27.427124879386927,31.450365180350847
RKT04,2024-07-02,18.919841087133495,20.513545401177822
RKT04,2024-07-03,22.20172023534289,27.456667691850726
RKT04,2024-07-04,29.337467948921383,26.311302400427792
RKT04,2024-07-05,28.32701210466908,28.123637266100932
RKT04,2024-07-06,19.71156068170778,25.144757493439137
RKT04,2024-07-07,30.85237907087206,33.41527425563091
RKT04,2024-07-08,35.63905146789358,38.404595749821816
RKT04,2024-07-09,31.15186926863958,33.84548041873963
RKT04,2024-07-10,31.765013122680088,29.249705899445452
RKT04,2024-07-11,19.061721120879177,24.08455057446819
RKT04,2024-07-12,22.474280873911503,23.63286727781501
RKT04,2024-07-13,26.35227373914505,27.420142116565685
RKT04,2024-07-14,39.86155194265337,39.96410425084847
RKT04,2024-07-15,34.621536673171555,36.03096950375097
RKT04,2024-07-16,38.443649595964644,40.77918733053889
RKT04,2024-07-17,32.83057539468346,31.068616251600428
RKT04,2024-07-18,36.35084522829072,32.875266600242036
RKT04,2024-07-19,28.488429107948935,25.390065625939883
RKT04,2024-07-20,22.547443473423762,24.15016394933924
RKT04,2024-07-21,23.804480709070454,21.149133661800818
RKT04,2024-07-22,38.62113926088928,31.493814998703733
RKT04,2024-07-23,32.85375295613012,32.87403361490846
RKT04,2024-07-24,31.27422254870874,28.98845274167876
RKT04,2024-07-25,33.65225701993329,27.027004743782722
RKT04,2024-07-26,31.089203998107592,26.632868989842542
RKT04,2024-07-27,29.349666867675467,25.4444997814706
RKT04,2024-07-28,30.49216520048603,26.13800173624177
RKT04,2024-07-29,27.015117396372787,25.944269490747754
RKT04,2024-07-30,23.996319399605234,21.01934779388704
RKT04,2024-07-31,23.32108051092019,19.66864982077591
RKT04,2024-08-01,22.826146089374166,19.59565851116585
RKT04,2024-08-02,25.17778136845611,23.110472883893916
RKT04,2024-08-03,25.093226004947162,21.987352079020297
RKT04,2024-08-04,22.300080954622892,22.20536924802141
RKT04,2024-08-05,19.77884077723365,17.187308807741204
RKT04,2024-08-06,20.6850190440098,17.761564464812214
RKT04,2024-08-07,20.697991338762854,20.73941065769622
RKT04,2024-08-08,25.089505205470836,20.491217734617113
RKT04,2024-08-09,23.103456469196544,23.08387393410542
RKT04,2024-08-10,22.79707380389166,21.324119246280492
RKT04,2024-08-11,31.102465291740224,25.12127607605406
RKT04,2024-08-12,35.40929291006157,35.122480126599065
RKT04,2024-08-13,31.33209195229953,29.996925930224116
RKT04,2024-08-14,31.43985755631292,28.857506701732806
RKT04,2024-08-15,31.61252394054078,28.71532393329629
RKT04,2024-08-16,33.09076734365993,28.732026029768868
RKT04,2024-08-17,22.274895267331097,24.677208876754676
RKT04,2024-08-18,28.148069697241617,26.652406629047796
RKT04,2024-08-19,25.27810286741881,25.754275150988985
RKT04,2024-08-20,25.673001346084494,24.654034997075225
RKT04,2024-08-21,28.688357029556357,35.366825185645965
RKT04,2024-08-22,23.370514672901283,21.262465331581048
RKT04,2024-08-23,29.683689887582847,27.683806033803535
RKT04,2024-08-24,25.308552992957885,25.386232739528694
RKT04,2024-08-25,36.78299479102703,36.741838012292575
RKT04,2024-08-26,43.50605773975169,51.75629325218682
RKT04,2024-08-27,37.82050053146211,35.183082815098636
RKT04,2024-08-28,36.806195820609204,41.33539083151503
RKT04,2024-08-29,33.39481596844801,28.577699271205933
RKT04,2024-08-30,34.167577291853,31.027600383304527
RKT04,2024-08-31,29.746807274701812,30.161828043757446
RKT04,2024-09-01,35.69758506235334,31.498316627478577
RKT04,2024-09-02,38.68917930666461,33.437431412221
RKT04,2024-09-03,35.4375703712163,34.15320189144985
RKT04,2024-09-04,40.2314688866564,34.528701849919294
RKT04,2024-09-05,26.48702768013523,26.706523334809173
RKT04,2024-09-06,29.1200082226171,25.265534947334164
RKT04,2024-09-07,23.05316285897949,25.377804332954124
RKT04,2024-09-08,28.96636132700517,28.419723749188947
RKT04,2024-09-09,24.16439359110293,26.221110226414805
RKT04,2024-09-10,20.21234631923415,19.77197433804559
RKT04,2024-09-11,30.33227253253894,31.994638145846515
RKT04,2024-09-12,26.615944205180202,31.889739307628655
RKT04,2024-09-13,30.10879280550524,27.01720295795488
RKT04,2024-09-14,27.72192366912948,23.10516429921702
RKT04,2024-09-15,28.084541197616645,27.178526175018394
RKT04,2024-09-16,26.661966531184802,26.289468806384335
RKT04,2024-09-17,27.458275708670573,28.657595441084528
RKT04,2024-09-18,35.54514200049713,36.38525041302504
RKT04,2024-09-19,40.555306750362,48.576790165626534
RKT04,2024-09-20,25.378838838489663,23.92399841648078
RKT04,2024-09-21,24.315299495542547,25.228411027855774
RKT04,2024-09-22,39.687496065662344,40.27255683215293
RKT04,2024-09-23,42.48963089368583,38.017619424790176
RKT04,2024-09-24,39.25101464089735,42.3603820184853
RKT04,2024-09-25,35.7160885850086,36.98791266830898
RKT04,2024-09-26,39.21234982009334,39.97407135901485
RKT04,2024-09-27,29.756358111762534,30.860256858213027
RKT04,2024-09-28,27.627395186025915,27.531201347514678
RKT04,2024-09-29,48.346738408708234,55.48740244094372
RKT04,2024-09-30,39.92546029266629,39.764094687578705
RKT05,2023-01-01,55.31096779756214,
RKT05,2023-01-02,50.42906658192862,
RKT05,2023-01-03,34.08117285922709,
RKT05,2023-01-04,33.32685213602717,
RKT05,2023-01-05,42.68086173827529,
RKT05,2023-01-06,73.60969426693063,
RKT05,2023-01-07,97.75238306890523,
RKT05,2023-01-08,83.11201076318426,
RKT05,2023-01-09,66.52919708696457,
RKT05,2023-01-10,43.24634855490288,
RKT05,2023-01-11,57.95914021556679,
RKT05,2023-01-12,59.39035313903696,
RKT05,2023-01-13,77.26395840649414,
RKT05,2023-01-14,68.21399856039824,
RKT05,2023-01-15,50.58168765852099,
RKT05,2023-01-16,36.12249494859592,
RKT05,2023-01-17,39.37141258716447,
RKT05,2023-01-18,34.068638441254784,
RKT05,2023-01-19,37.87976099677089,
RKT05,2023-01-20,53.01441317784801,
RKT05,2023-01-21,83.2335991286471,
RKT05,2023-01-22,117.96630506793691,
RKT05,2023-01-23,115.94261992818159,
RKT05,2023-01-24,78.87401046349459,
RKT05,2023-01-25,31.774405023194202,
RKT05,2023-01-26,36.68144836109023,
RKT05,2023-01-27,78.96786784121673,
RKT05,2023-01-28,100.68962247450973,
RKT05,2023-01-29,76.49014842325778,
RKT05,2023-01-30,108.11161066246945,
RKT05,2023-01-31,72.3571517707475,
RKT05,2023-02-01,63.65940491550269,
RKT05,2023-02-02,70.45258087275319,
RKT05,2023-02-03,113.55575727011805,
RKT05,2023-02-04,138.0808288779659,
RKT05,2023-02-05,145.4776926651631,
RKT05,2023-02-06,115.80942044207106,
RKT05,2023-02-07,69.23395864319228,
RKT05,2023-02-08,83.64855038884708,
RKT05,2023-02-09,107.74738464236304,
RKT05,2023-02-10,132.27916527723355,
RKT05,2023-02-11,121.06474057251266,
RKT05,2023-02-12,152.9619228606043,
RKT05,2023-02-13,149.71860199473767,
RKT05,2023-02-14,116.02390585194176,
RKT05,2023-02-15,125.67136031400354,
RKT05,2023-02-16,130.35646121513884,
RKT05,2023-02-17,140.82062098697207,
RKT05,2023-02-18,120.76874264223886,
RKT05,2023-02-19,166.1489554956389,
RKT05,2023-02-20,175.93168880645584,
RKT05,2023-02-21,158.6949799166226,
RKT05,2023-02-22,163.20750123254905,
RKT05,2023-02-23,160.6950845713107,
RKT05,2023-02-24,159.08503535018855,
RKT05,2023-02-25,133.89048958606196,
RKT05,2023-02-26,147.5657370379586,
RKT05,2023-02-27,171.89696835291113,
RKT05,2023-02-28,178.15945400066792,
RKT05,2023-03-01,113.48582830156984,
RKT05,2023-03-02,81.99036392418134,
RKT05,2023-03-03,93.65574822544703,
RKT05,2023-03-04,112.15942271897384,
RKT05,2023-03-05,93.9135920343974,
RKT05,2023-03-06,85.07221498401695,
RKT05,2023-03-07,42.71075228541324,
RKT05,2023-03-08,42.09143151661085,
RKT05,2023-03-09,38.649742160189184,
RKT05,2023-03-10,86.74345586174233,
RKT05,2023-03-11,112.1574103665715,
RKT05,2023-03-12,76.8630591524156,
RKT05,2023-03-13,52.81272873715339,
RKT05,2023-03-14,45.49728814024574,
RKT05,2023-03-15,46.83495166505536,
RKT05,2023-03-16,52.96591700927127,
RKT05,2023-03-17,103.09766079011115,
RKT05,2023-03-18,122.27871360166564,
RKT05,2023-03-19,94.37738678838306,
RKT05,2023-03-20,55.06001074555645,
RKT05,2023-03-21,55.59160031265202,
RKT05,2023-03-22,44.79672557020153,
RKT05,2023-03-23,49.127861163996684,
RKT05,2023-03-24,93.61796653562617,
RKT05,2023-03-25,124.63986219923954,
RKT05,2023-03-26,115.333674515237,
RKT05,2023-03-27,66.23561423891293,
RKT05,2023-03-28,50.257430273369344,
RKT05,2023-03-29,56.64839835332579,
RKT05,2023-03-30,93.85462530676783,
RKT05,2023-03-31,111.31924294322823,
RKT05,2023-04-01,122.18083810009577,
RKT05,2023-04-02,88.38768991175499,
RKT05,2023-04-03,65.07286460839445,
RKT05,2023-04-04,60.86586450542506,
RKT05,2023-04-05,49.79896268466361,
RKT05,2023-04-06,37.997472097843,
RKT05,2023-04-07,104.76319064247731,
RKT05,2023-04-08,122.6351133014998,
RKT05,2023-04-09,87.37607309293732,
RKT05,2023-04-10,57.277505136846194,
RKT05,2023-04-11,56.31861941951205,
RKT05,2023-04-12,62.76434895616963,
RKT05,2023-04-13,55.52650779312638,
RKT05,2023-04-14,120.25606070216443,
RKT05,2023-04-15,126.2876161606386,
RKT05,2023-04-16,99.0,
RKT05,2023-04-17,90.43511092796865,
RKT05,2023-04-18,59.913566687016846,
RKT05,2023-04-19,51.91657288149081,
RKT05,2023-04-20,66.71831982284253,
RKT05,2023-04-21,117.13522610960585,
RKT05,2023-04-22,109.94046057497206,
RKT05,2023-04-23,118.02966662129505,
RKT05,2023-04-24,100.25527349338898,
RKT05,2023-04-25,57.487317865784135,
RKT05,2023-04-26,50.27026662704696,
RKT05,2023-04-27,79.36105517069868,
RKT05,2023-04-28,102.79744321821974,
RKT05,2023-04-29,121.51998392913498,
RKT05,2023-04-30,139.3590131811676,
RKT05,2023-05-01,90.95626518709918,
RKT05,2023-05-02,60.02432294295685,
RKT05,2023-05-03,43.03264013039939,
RKT05,2023-05-04,94.54817648401568,
RKT05,2023-05-05,129.16380821564215,
RKT05,2023-05-06,101.0537623117644,
RKT05,2023-05-07,106.27808166719558,
RKT05,2023-05-08,72.31845225520735,
RKT05,2023-05-09,62.07236651972647,
RKT05,2023-05-10,45.93050091987455,
RKT05,2023-05-11,50.81843917893469,
RKT05,2023-05-12,109.30761743259369,
RKT05,2023-05-13,124.70827903064247,
RKT05,2023-05-14,115.2718681145346,
RKT05,2023-05-15,68.67534049391597,
RKT05,2023-05-16,48.12802063960472,
RKT05,2023-05-17,57.843629707640865,
RKT05,2023-05-18,62.2781806638695,
RKT05,2023-05-19,108.08182122290889,
RKT05,2023-05-20,103.54264108171519,
RKT05,2023-05-21,104.63307713748102,
RKT05,2023-05-22,91.76931730002455,
RKT05,2023-05-23,63.16361088819095,
RKT05,2023-05-24,66.29660342168684,
RKT05,2023-05-25,67.37213448867598,
RKT05,2023-05-26,113.09318536557784,
RKT05,2023-05-27,118.64315905364992,
RKT05,2023-05-28,100.52261860490574,
RKT05,2023-05-29,92.01221855644964,
RKT05,2023-05-30,53.871102052315344,
RKT05,2023-05-31,67.97475700610842,
RKT05,2023-06-01,52.943729349158026,
RKT05,2023-06-02,92.93980833641311,
RKT05,2023-06-03,110.68472700967403,
RKT05,2023-06-04,124.5805096999045,
RKT05,2023-06-05,123.73378322485624,
RKT05,2023-06-06,77.40229143715892,
RKT05,2023-06-07,61.49403764802679,
RKT05,2023-06-08,66.56492375298794,
RKT05,2023-06-09,111.10697612263922,
RKT05,2023-06-10,109.47908857544246,
RKT05,2023-06-11,132.7507254573273,
RKT05,2023-06-12,100.71044662812055,
RKT05,2023-06-13,92.12649024786222,
RKT05,2023-06-14,70.79894840466028,
RKT05,2023-06-15,70.6341004763603,
RKT05,2023-06-16,115.46329164594395,
RKT05,2023-06-17,116.14995878965799,
RKT05,2023-06-18,99.14917300545653,
RKT05,2023-06-19,86.28537485858406,
RKT05,2023-06-20,75.20145334816945,
RKT05,2023-06-21,57.810024590037045,
RKT05,2023-06-22,84.17929048626358,
RKT05,2023-06-23,127.0402489150243,
RKT05,2023-06-24,126.61199503986394,
RKT05,2023-06-25,122.02862402353904,
RKT05,2023-06-26,110.24403902408375,
RKT05,2023-06-27,100.28390229241238,
RKT05,2023-06-28,91.22113522830715,
RKT05,2023-06-29,83.36634659452993,
RKT05,2023-06-30,117.25661130167897,
RKT05,2023-07-01,105.74488375636629,
RKT05,2023-07-02,97.05962139567953,
RKT05,2023-07-03,88.37939181634528,
RKT05,2023-07-04,87.64923175029477,
RKT05,2023-07-05,80.71139073469222,
RKT05,2023-07-06,81.12112011409715,
RKT05,2023-07-07,104.71418505758498,
RKT05,2023-07-08,114.71873194963759,
RKT05,2023-07-09,116.87051497119671,
RKT05,2023-07-10,119.97978417701835,
RKT05,2023-07-11,112.31967034453729,
RKT05,2023-07-12,98.60653572957247,
RKT05,2023-07-13,111.93668007515417,
RKT05,2023-07-14,82.07698190137545,
RKT05,2023-07-15,84.02360615874001,
RKT05,2023-07-16,73.03671596244686,
RKT05,2023-07-17,65.93259682742656,
RKT05,2023-07-18,62.07449268330717,
RKT05,2023-07-19,67.94998743990074,
RKT05,2023-07-20,91.34955318979988,
RKT05,2023-07-21,102.37635650329905,
RKT05,2023-07-22,78.572128763121,
RKT05,2023-07-23,71.29307176570467,
RKT05,2023-07-24,67.7527200950185,
RKT05,2023-07-25,65.89047816953423,
RKT05,2023-07-26,78.60436464575315,
RKT05,2023-07-27,87.17274438163305,
RKT05,2023-07-28,90.89319939996224,
RKT05,2023-07-29,88.81605339908897,
RKT05,2023-07-30,93.61701141355049,
RKT05,2023-07-31,104.17185416763934,
RKT05,2023-08-01,88.8821087988219,
RKT05,2023-08-02,90.38949735667076,
RKT05,2023-08-03,89.87809178751141,
RKT05,2023-08-04,100.86776320491848,
RKT05,2023-08-05,90.39930097777012,
RKT05,2023-08-06,88.18658583697113,
RKT05,2023-08-07,85.71693650249524,
RKT05,2023-08-08,57.31254045829996,
RKT05,2023-08-09,52.34193893912572,
RKT05,2023-08-10,53.86276518833109,
RKT05,2023-08-11,80.63888826238363,
RKT05,2023-08-12,101.57119275953423,
RKT05,2023-08-13,121.47182867630283,
RKT05,2023-08-14,110.13344472554668,
RKT05,2023-08-15,102.74841332013715,
RKT05,2023-08-16,108.14749790479802,
RKT05,2023-08-17,101.48048185916592,
RKT05,2023-08-18,110.73121010630476,
RKT05,2023-08-19,88.77164113319743,
RKT05,2023-08-20,95.7234682055343,
RKT05,2023-08-21,90.85701690054545,
RKT05,2023-08-22,78.6570743927335,
RKT05,2023-08-23,75.20687563614989,
RKT05,2023-08-24,85.04968078127801,
RKT05,2023-08-25,99.5089150345041,
RKT05,2023-08-26,86.62889941472386,
RKT05,2023-08-27,130.46222932623368,
RKT05,2023-08-28,135.49980974599418,
RKT05,2023-08-29,96.53692959771156,
RKT05,2023-08-30,91.13015547211508,
RKT05,2023-08-31,106.41551067145971,
RKT05,2023-09-01,115.73743452766915,
RKT05,2023-09-02,119.14084535686544,
RKT05,2023-09-03,116.34999173236277,
RKT05,2023-09-04,103.06734217874579,
RKT05,2023-09-05,72.67629868189466,
RKT05,2023-09-06,65.17023986719896,
RKT05,2023-09-07,77.91245472094297,
RKT05,2023-09-08,106.67923050960924,
RKT05,2023-09-09,112.13021334387628,
RKT05,2023-09-10,109.53065728950855,
RKT05,2023-09-11,90.65526003033025,
RKT05,2023-09-12,62.87939740841179,
RKT05,2023-09-13,46.15071970621217,
RKT05,2023-09-14,71.11273799695105,
RKT05,2023-09-15,81.11494392826064,
RKT05,2023-09-16,82.57824738948732,
RKT05,2023-09-17,82.32734411382181,
RKT05,2023-09-18,78.98519331560179,
RKT05,2023-09-19,67.94276263366208,
RKT05,2023-09-20,46.61402831256463,
RKT05,2023-09-21,66.22041825027229,
RKT05,2023-09-22,104.5346608010198,
RKT05,2023-09-23,105.46029203041223,
RKT05,2023-09-24,86.61436704594342,
RKT05,2023-09-25,56.08835396454317,
RKT05,2023-09-26,47.526143141041175,
RKT05,2023-09-27,81.4685809605292,
RKT05,2023-09-28,105.0816558673524,
RKT05,2023-09-29,113.23463659459563,
RKT05,2023-09-30,103.32388362280841,
RKT05,2023-10-01,44.73118994662888,
RKT05,2023-10-02,144.37620582240902,
RKT05,2023-10-03,83.31694266887654,
RKT05,2023-10-04,62.50609790468605,
RKT05,2023-10-05,68.92504104724539,
RKT05,2023-10-06,90.70728204398638,
RKT05,2023-10-07,104.23788574104009,
RKT05,2023-10-08,102.38842015748563,
RKT05,2023-10-09,87.61496044714767,
RKT05,2023-10-10,77.75754051551198,
RKT05,2023-10-11,60.79157325675997,
RKT05,2023-10-12,75.12697899004527,
RKT05,2023-10-13,107.12135829019813,
RKT05,2023-10-14,121.15639283680883,
RKT05,2023-10-15,105.00041304476777,
RKT05,2023-10-16,109.73876424440263,
RKT05,2023-10-17,109.02272256465264,
RKT05,2023-10-18,105.19664803792885,
RKT05,2023-10-19,103.7533208369809,
RKT05,2023-10-20,122.40326550483147,
RKT05,2023-10-21,118.45241564164277,
RKT05,2023-10-22,125.48780387321132,
RKT05,2023-10-23,136.491924233895,
RKT05,2023-10-24,114.01777938341527,
RKT05,2023-10-25,110.8597668644986,
RKT05,2023-10-26,131.20946447288307,
RKT05,2023-10-27,112.3115683580586,
RKT05,2023-10-28,113.67166730804577,
RKT05,2023-10-29,103.38096423343495,
RKT05,2023-10-30,97.17957480652198,
RKT05,2023-10-31,101.85359925321038,
RKT05,2023-11-01,91.10010837392694,
RKT05,2023-11-02,106.17393653211245,
RKT05,2023-11-03,128.7355989453309,
RKT05,2023-11-04,109.45379015770177,
RKT05,2023-11-05,100.68918626367329,
RKT05,2023-11-06,119.21210688770209,
RKT05,2023-11-07,81.0513152707931,
RKT05,2023-11-08,87.64693648926267,
RKT05,2023-11-09,80.82937045872825,
RKT05,2023-11-10,99.79273201345099,
RKT05,2023-11-11,113.96762479831925,
RKT05,2023-11-12,116.64973209368733,
RKT05,2023-11-13,97.72198096599676,
RKT05,2023-11-14,47.37009037185626,
RKT05,2023-11-15,63.669094265776614,
RKT05,2023-11-16,83.00683929238481,
RKT05,2023-11-17,117.24920209937976,
RKT05,2023-11-18,110.3401199374225,
RKT05,2023-11-19,95.35646626104631,
RKT05,2023-11-20,72.38893581074345,
RKT05,2023-11-21,57.32697929664295,
RKT05,2023-11-22,52.729440560939594,
RKT05,2023-11-23,67.73359976306993,
RKT05,2023-11-24,102.59308926133964,
RKT05,2023-11-25,105.36223959437321,
RKT05,2023-11-26,91.45866924120702,
RKT05,2023-11-27,88.80446626118437,
RKT05,2023-11-28,56.30536296492412,
RKT05,2023-11-29,47.95374798018499,
RKT05,2023-11-30,54.48515416721481,
RKT05,2023-12-01,106.94729572567778,
RKT05,2023-12-02,102.26765335753049,
RKT05,2023-12-03,98.62725181627474,
RKT05,2023-12-04,67.0825183520615,
RKT05,2023-12-05,66.00817608722075,
RKT05,2023-12-06,45.950925949308484,
RKT05,2023-12-07,55.45971777907702,
RKT05,2023-12-08,92.10300292047748,
RKT05,2023-12-09,111.343075657664,
RKT05,2023-12-10,105.85683246986373,
RKT05,2023-12-11,73.22103841060034,
RKT05,2023-12-12,49.7808939293657,
RKT05,2023-12-13,54.21892625920461,
RKT05,2023-12-14,64.68820292143413,
RKT05,2023-12-15,103.1478943191208,
RKT05,2023-12-16,107.46184289697203,
RKT05,2023-12-17,91.04839672394077,
RKT05,2023-12-18,62.11995624438518,
RKT05,2023-12-19,60.85544018483311,
RKT05,2023-12-20,45.297398651414575,
RKT05,2023-12-21,68.51693654348011,
RKT05,2023-12-22,104.48155983601765,
RKT05,2023-12-23,86.91872213550535,
RKT05,2023-12-24,90.19970797881277,
RKT05,2023-12-25,61.38075646558347,
RKT05,2023-12-26,59.55325463990172,
RKT05,2023-12-27,59.24477854213732,
RKT05,2023-12-28,67.42777573789564,
RKT05,2023-12-29,84.1159491463434,
RKT05,2023-12-30,94.15445190136593,
RKT05,2023-12-31,92.86661839714812,
RKT05,2024-01-01,67.18159895012386,
RKT05,2024-01-02,46.67672025616365,
RKT05,2024-01-03,40.906804499777046,
RKT05,2024-01-04,38.10385194182134,
RKT05,2024-01-05,74.17217336535083,
RKT05,2024-01-06,89.282330714909,
RKT05,2024-01-07,99.92570448196658,
RKT05,2024-01-08,100.99920743272831,
RKT05,2024-01-09,77.91438951845362,
RKT05,2024-01-10,60.24099782493816,
RKT05,2024-01-11,97.98354377143917,
RKT05,2024-01-12,101.97244139995591,
RKT05,2024-01-13,105.13222422087135,
RKT05,2024-01-14,122.11582300926693,
RKT05,2024-01-15,122.03468142931467,
RKT05,2024-01-16,96.04009191191491,
RKT05,2024-01-17,72.47675505172583,
RKT05,2024-01-18,68.1311340128982,
RKT05,2024-01-19,115.54135574543213,
RKT05,2024-01-20,107.74094028941239,
RKT05,2024-01-21,115.74034183680283,
RKT05,2024-01-22,95.8662064938018,
RKT05,2024-01-23,69.61079606748298,
RKT05,2024-01-24,61.18688717023029,
RKT05,2024-01-25,80.50350749669504,
RKT05,2024-01-26,110.77646692397991,
RKT05,2024-01-27,109.8150826784097,
RKT05,2024-01-28,118.51992404685676,
RKT05,2024-01-29,96.98849377478119,
RKT05,2024-01-30,60.86868334452172,
RKT05,2024-01-31,56.05161518052879,
RKT05,2024-02-01,52.940980913026216,
RKT05,2024-02-02,103.82826169186417,
RKT05,2024-02-03,104.16750700029947,
RKT05,2024-02-04,81.67278207208092,
RKT05,2024-02-05,73.93389925270787,
RKT05,2024-02-06,39.83381016846147,
RKT05,2024-02-07,41.529516730274,
RKT05,2024-02-08,93.85009266835502,
RKT05,2024-02-09,103.98881172911614,
RKT05,2024-02-10,114.38835532191601,
RKT05,2024-02-11,118.50729181658082,
RKT05,2024-02-12,128.78448463525726,
RKT05,2024-02-13,79.22696258519862,
RKT05,2024-02-14,66.90554752711688,
RKT05,2024-02-15,60.67774465021379,
RKT05,2024-02-16,94.4419461744155,
RKT05,2024-02-17,113.1178880011735,
RKT05,2024-02-18,118.94513752589305,
RKT05,2024-02-19,99.68737610329462,
RKT05,2024-02-20,73.02472921041614,
RKT05,2024-02-21,53.21209201274717,
RKT05,2024-02-22,76.25505897275596,
RKT05,2024-02-23,105.69275927135439,
RKT05,2024-02-24,112.69246452529336,
RKT05,2024-02-25,141.57054563796095,
RKT05,2024-02-26,164.67486732734716,
RKT05,2024-02-27,143.6179208907121,
RKT05,2024-02-28,144.55764395903375,
RKT05,2024-02-29,120.91104758441607,
RKT05,2024-03-01,121.17346702053204,
RKT05,2024-03-02,100.63080431353337,
RKT05,2024-03-03,72.91873090065545,
RKT05,2024-03-04,72.26846236516688,
RKT05,2024-03-05,17.33371803917876,
RKT05,2024-03-06,39.4178592505969,
RKT05,2024-03-07,38.52286621093479,
RKT05,2024-03-08,53.889044683096074,
RKT05,2024-03-09,103.52689859096672,
RKT05,2024-03-10,78.56094665687786,
RKT05,2024-03-11,67.61816759452432,
RKT05,2024-03-12,29.162940932892766,
RKT05,2024-03-13,25.813565312365636,
RKT05,2024-03-14,29.11340243556258,
RKT05,2024-03-15,64.39917676415355,
RKT05,2024-03-16,109.13897025226075,
RKT05,2024-03-17,84.76029359745662,
RKT05,2024-03-18,52.06500306861633,
RKT05,2024-03-19,49.48025031870357,
RKT05,2024-03-20,44.56238499581731,
RKT05,2024-03-21,49.31216091304272,
RKT05,2024-03-22,89.68569824004906,
RKT05,2024-03-23,119.73465634134725,
RKT05,2024-03-24,92.08248449921133,
RKT05,2024-03-25,58.175595599442694,
RKT05,2024-03-26,44.47866474577704,
RKT05,2024-03-27,39.18906324395719,
RKT05,2024-03-28,47.35302588973339,
RKT05,2024-03-29,98.70312407677842,
RKT05,2024-03-30,104.85502731678173,
RKT05,2024-03-31,110.18768616230659,
RKT05,2024-04-01,68.5025536282776,
RKT05,2024-04-02,62.468506811068956,
RKT05,2024-04-03,46.8979309256632,
RKT05,2024-04-04,65.2625173705952,
RKT05,2024-04-05,101.820013016307,
RKT05,2024-04-06,110.2221885834568,
RKT05,2024-04-07,123.4083510527713,
RKT05,2024-04-08,109.53416074820458,
RKT05,2024-04-09,122.44663168545515,
RKT05,2024-04-10,126.60810322837746,
RKT05,2024-04-11,117.21537000614465,
RKT05,2024-04-12,110.66059302252197,
RKT05,2024-04-13,106.79568229273895,
RKT05,2024-04-14,113.25802336406073,
RKT05,2024-04-15,92.84317519322323,
RKT05,2024-04-16,73.4391751104768,
RKT05,2024-04-17,56.391446821753505,
RKT05,2024-04-18,69.9895029210977,
RKT05,2024-04-19,107.42441009041757,
RKT05,2024-04-20,100.49714882438114,
RKT05,2024-04-21,113.33160149622297,
RKT05,2024-04-22,95.57858161505071,
RKT05,2024-04-23,57.40354840987126,
RKT05,2024-04-24,62.870778804043304,
RKT05,2024-04-25,65.12937442828571,
RKT05,2024-04-26,102.5116637635955,
RKT05,2024-04-27,117.80715178697562,
RKT05,2024-04-28,129.79750594704242,
RKT05,2024-04-29,99.29957361107627,
RKT05,2024-04-30,100.54146126763953,
RKT05,2024-05-01,94.65103236553071,
RKT05,2024-05-02,93.66196921855212,
RKT05,2024-05-03,88.19174816090599,
RKT05,2024-05-04,134.52569202354633,
RKT05,2024-05-05,130.8481952818762,
RKT05,2024-05-06,83.3275428714555,
RKT05,2024-05-07,52.12676763775083,
RKT05,2024-05-08,54.08504740251331,
RKT05,2024-05-09,60.13404479487537,
RKT05,2024-05-10,78.86360115421422,
RKT05,2024-05-11,99.90166273745349,
RKT05,2024-05-12,102.85816021783386,
RKT05,2024-05-13,76.00597772443231,
RKT05,2024-05-14,101.73785349698589,
RKT05,2024-05-15,114.45087357551212,
RKT05,2024-05-16,97.34673724800469,
RKT05,2024-05-17,84.33363506132363,
RKT05,2024-05-18,111.54364680894469,
RKT05,2024-05-19,113.59521545207959,
RKT05,2024-05-20,78.95765607627091,
RKT05,2024-05-21,50.58438690304886,
RKT05,2024-05-22,52.91705982861149,
RKT05,2024-05-23,66.49653757909371,
RKT05,2024-05-24,124.78957531669325,
RKT05,2024-05-25,123.42223120544278,
RKT05,2024-05-26,123.35343606982741,
RKT05,2024-05-27,72.04669445742738,
RKT05,2024-05-28,66.46423930525894,
RKT05,2024-05-29,95.9971282697565,
RKT05,2024-05-30,96.82533928060187,
RKT05,2024-05-31,129.19163321334156,
RKT05,2024-06-01,112.68425866576827,
RKT05,2024-06-02,75.26963797502617,
RKT05,2024-06-03,59.880697451062005,
RKT05,2024-06-04,42.75805353413271,
RKT05,2024-06-05,110.0460555089859,
RKT05,2024-06-06,141.97699128302153,
RKT05,2024-06-07,150.39696252559412,
RKT05,2024-06-08,121.30835477456866,
RKT05,2024-06-09,101.14029944086984,79.82060072067611
RKT05,2024-06-10,77.19645645961258,66.04884540408713
RKT05,2024-06-11,65.41030059708315,64.18030974121844
RKT05,2024-06-12,72.06751292962458,79.1499922496157
RKT05,2024-06-13,80.35647294758677,98.45395231132767
RKT05,2024-06-14,111.47368287462088,118.37742215455533
RKT05,2024-06-15,118.70701612446219,116.89958577271874
RKT05,2024-06-16,132.95896541605296,140.41344318078927
RKT05,2024-06-17,102.30854443557423,110.4551983925568
RKT05,2024-06-18,85.621099431296,87.84981164594433
RKT05,2024-06-19,68.91045406185212,74.65945099737036
RKT05,2024-06-20,73.51225847618767,67.9991476229036
RKT05,2024-06-21,122.57890397929329,119.25351840805439
RKT05,2024-06-22,122.81832061489857,124.67650212196476
RKT05,2024-06-23,123.63241054034998,117.90167300977227
RKT05,2024-06-24,107.26867542901272,100.56972897331829
RKT05,2024-06-25,93.88386277222824,102.97331066923194
RKT05,2024-06-26,70.93594276638497,81.49495702695039
RKT05,2024-06-27,85.77134299645067,105.56457111663434
RKT05,2024-06-28,114.92241736025767,114.55711768022253
RKT05,2024-06-29,112.83253371784794,112.77558284153986
RKT05,2024-06-30,107.36441360619726,103.69016956394705
RKT05,2024-07-01,81.84335703814955,66.97950488616128
RKT05,2024-07-02,72.5255806272972,90.36582686250614
RKT05,2024-07-03,64.05864655656744,54.81441950223152
RKT05,2024-07-04,58.44263289486997,64.78211944891514
RKT05,2024-07-05,95.01351433213453,93.63205827436097
RKT05,2024-07-06,110.9579010458362,113.63320421922909
RKT05,2024-07-07,100.18588557520829,112.4837002637396
RKT05,2024-07-08,83.22772498101038,89.39310116510568
RKT05,2024-07-09,70.80069762562802,79.6754844628297
RKT05,2024-07-10,78.72166869823899,82.9724876945644
RKT05,2024-07-11,91.43680795846446,99.18457786384462
RKT05,2024-07-12,107.74309769270354,101.90005617930382
RKT05,2024-07-13,113.62270042465052,113.19286311343669
RKT05,2024-07-14,127.03397164469533,122.42906276100072
RKT05,2024-07-15,121.07970507127455,114.73146224853319
RKT05,2024-07-16,84.02435392094937,96.97134346506074
RKT05,2024-07-17,90.2290426652258,90.88646952021756
RKT05,2024-07-18,91.93759353948423,91.79719151011756
RKT05,2024-07-19,104.64984666452482,94.14654504653646
RKT05,2024-07-20,91.15137988910385,92.08969263673232
RKT05,2024-07-21,91.95615118876555,83.02134184234549
RKT05,2024-07-22,82.24918820441611,75.59328231718075
RKT05,2024-07-23,90.40274489012279,81.11523328984555
RKT05,2024-07-24,98.67231718287435,101.79955219086875
RKT05,2024-07-25,104.68164096355795,97.70351168595087
RKT05,2024-07-26,119.779747632888,113.03756528308787
RKT05,2024-07-27,107.42779106442664,102.40426706728846
RKT05,2024-07-28,93.72004378104661,79.66761850082307
RKT05,2024-07-29,93.66603370265072,76.96354229904576
RKT05,2024-07-30,92.29510602838468,86.05028037680195
RKT05,2024-07-31,93.62758538928865,81.92631043380139
RKT05,2024-08-01,92.390229550938,91.75009681592024
RKT05,2024-08-02,97.10693926907416,95.6584723542231
RKT05,2024-08-03,96.89434448663879,92.45654555636973
RKT05,2024-08-04,92.96425938142065,81.31213493460479
RKT05,2024-08-05,90.48385928759193,84.33026223599532
RKT05,2024-08-06,68.34190029512152,65.84866242822599
RKT05,2024-08-07,68.4688396555999,63.56033810104228
RKT05,2024-08-08,73.68595402026966,71.99617017147145
RKT05,2024-08-09,90.01490414686948,84.46887947438559
RKT05,2024-08-10,91.3716361276096,94.77552156758782
RKT05,2024-08-11,102.39400284284025,94.86363189352078
RKT05,2024-08-12,108.42544933489292,101.6961434520076
RKT05,2024-08-13,108.37485322181448,111.368929755118
RKT05,2024-08-14,108.95681202688773,102.1389033619461
RKT05,2024-08-15,119.07934757763199,114.685594186018
RKT05,2024-08-16,125.40178929802212,128.82635505757315
RKT05,2024-08-17,89.58679324924195,90.68454811982632
RKT05,2024-08-18,104.63523075246377,88.00921043319345
RKT05,2024-08-19,98.42032754164279,84.64569530984984
RKT05,2024-08-20,80.43236669107452,78.62109144169268
RKT05,2024-08-21,73.68470412414517,62.58905126094636
RKT05,2024-08-22,83.14956815100295,85.74044269536141
RKT05,2024-08-23,107.90287196526843,104.07341492020774
RKT05,2024-08-24,84.19189479540937,86.81550801540004
RKT05,2024-08-25,118.38546947835817,108.91469833470008
RKT05,2024-08-26,113.69962462895381,109.2543492689858
RKT05,2024-08-27,106.3860897564557,104.15188399925007
RKT05,2024-08-28,97.31167306566215,93.72123530645227
RKT05,2024-08-29,90.22737860176917,103.95396337848882
RKT05,2024-08-30,110.83578389354757,113.90556442749762
RKT05,2024-08-31,106.1739160197881,106.61696515278967
RKT05,2024-09-01,100.58758106619919,90.76889762978078
RKT05,2024-09-02,73.8205404777065,57.132588016661586
RKT05,2024-09-03,52.865714491072026,51.35795682913675
RKT05,2024-09-04,47.37482846321167,48.605803287893835
RKT05,2024-09-05,84.62354766603457,97.92085228355654
RKT05,2024-09-06,87.80506018275973,96.95371593221891
RKT05,2024-09-07,104.65127513789555,101.41926724545235
RKT05,2024-09-08,77.99918852263431,87.09355570470026
RKT05,2024-09-09,55.021873193669514,60.2085343031629
RKT05,2024-09-10,31.277252820197003,35.317067743049584
RKT05,2024-09-11,36.985771118903955,32.929669529917746
RKT05,2024-09-12,36.86675794098965,39.537752568988545
RKT05,2024-09-13,80.49792856890173,73.98053897998437
RKT05,2024-09-14,95.71809355396798,97.52464584690351
RKT05,2024-09-15,110.0064052469211,114.36284511534433
RKT05,2024-09-16,108.76404995621095,111.16993222361275
RKT05,2024-09-17,85.15904498503292,88.78240769853402
RKT05,2024-09-18,91.16333123783431,99.45348720473069
RKT05,2024-09-19,92.59227397487935,81.85156168037241
RKT05,2024-09-20,90.75298854584773,88.36604773565486
RKT05,2024-09-21,76.89475087478606,69.53133909389308
RKT05,2024-09-22,92.8171398048206,81.94399721546871
RKT05,2024-09-23,84.9237543665217,75.85576199572193
RKT05,2024-09-24,65.73536108707441,62.48852100195239
RKT05,2024-09-25,58.51183183881121,64.70016216724618
RKT05,2024-09-26,71.19956934491921,81.69435962534463
RKT05,2024-09-27,101.21399345475477,95.57748620690148
RKT05,2024-09-28,108.23555562388044,98.12801304432314
RKT05,2024-09-29,113.73166677547495,98.52610365799724
RKT05,2024-09-30,89.61735856530932,95.99634131837259
RKT07,2023-01-01,66.71903949416662,
RKT07,2023-01-02,49.535447435050166,
RKT07,2023-01-03,43.190194698462776,
RKT07,2023-01-04,44.09371645623276,
RKT07,2023-01-05,63.169601149095605,
RKT07,2023-01-06,93.47664606985592,
RKT07,2023-01-07,99.17681570982424,
RKT07,2023-01-08,116.35618969460356,
RKT07,2023-01-09,154.48705285208698,
RKT07,2023-01-10,167.48335824431007,
RKT07,2023-01-11,158.54183556816125,
RKT07,2023-01-12,148.8854382457336,
RKT07,2023-01-13,127.22253195489206,
RKT07,2023-01-14,96.27950415956307,
RKT07,2023-01-15,113.45064097932134,
RKT07,2023-01-16,111.19362515145453,
RKT07,2023-01-17,108.46368801929411,
RKT07,2023-01-18,80.32049774536355,
RKT07,2023-01-19,60.65103884306572,
RKT07,2023-01-20,83.58182031846486,
RKT07,2023-01-21,106.68857625207802,
RKT07,2023-01-22,130.8319364985941,
RKT07,2023-01-23,127.92654343680978,
RKT07,2023-01-24,144.86120893078746,
RKT07,2023-01-25,110.812176368136,
RKT07,2023-01-26,103.75255582582052,
RKT07,2023-01-27,108.71156854786601,
RKT07,2023-01-28,82.29520044688799,
RKT07,2023-01-29,130.00482893986708,
RKT07,2023-01-30,161.26700665360076,
RKT07,2023-01-31,163.36109291855388,
RKT07,2023-02-01,147.25054359083208,
RKT07,2023-02-02,146.6124240385647,
RKT07,2023-02-03,145.73344544399902,
RKT07,2023-02-04,138.5988039844751,
RKT07,2023-02-05,174.74626122541866,
RKT07,2023-02-06,179.36597769280206,
RKT07,2023-02-07,156.93600605567863,
RKT07,2023-02-08,157.2576812015818,
RKT07,2023-02-09,190.167885350363,
RKT07,2023-02-10,151.11485803868086,
RKT07,2023-02-11,157.7450007618226,
RKT07,2023-02-12,178.81363272758614,
RKT07,2023-02-13,173.63937403376562,
RKT07,2023-02-14,151.18489288062764,
RKT07,2023-02-15,177.34882499408351,
RKT07,2023-02-16,176.68482541197616,
RKT07,2023-02-17,156.01189714868704,
RKT07,2023-02-18,150.1746097658281,
RKT07,2023-02-19,180.03933141442363,
RKT07,2023-02-20,184.73641864895464,
RKT07,2023-02-21,147.55505875758064,
RKT07,2023-02-22,167.21450576219976,
RKT07,2023-02-23,192.8331141758107,
RKT07,2023-02-24,152.08351005852538,
RKT07,2023-02-25,151.4672571645591,
RKT07,2023-02-26,197.02507319441247,
RKT07,2023-02-27,172.30882696538887,
RKT07,2023-02-28,107.60538531313648,
RKT07,2023-03-01,115.31669243023404,
RKT07,2023-03-02,111.43313040333622,
RKT07,2023-03-03,110.22688732178275,
RKT07,2023-03-04,82.3873402625629,
RKT07,2023-03-05,94.32464185811168,
RKT07,2023-03-06,98.734594268457,
RKT07,2023-03-07,106.26178660691991,
RKT07,2023-03-08,94.25806062135797,
RKT07,2023-03-09,110.60979490123441,
RKT07,2023-03-10,100.67921926998068,
RKT07,2023-03-11,96.26547126828048,
RKT07,2023-03-12,106.63004231841515,
RKT07,2023-03-13,94.63931427556903,
RKT07,2023-03-14,101.2601168748472,
RKT07,2023-03-15,96.98381856610104,
RKT07,2023-03-16,120.25517233693975,
RKT07,2023-03-17,145.16034245574983,
RKT07,2023-03-18,127.00005855957014,
RKT07,2023-03-19,144.0031752100543,
RKT07,2023-03-20,134.70027220195504,
RKT07,2023-03-21,114.86156110366463,
RKT07,2023-03-22,114.13858098800144,
RKT07,2023-03-23,137.84973446827885,
RKT07,2023-03-24,118.58432957896822,
RKT07,2023-03-25,121.98482791339994,
RKT07,2023-03-26,178.52176221200722,
RKT07,2023-03-27,168.76417669356456,
RKT07,2023-03-28,132.92760164098397,
RKT07,2023-03-29,149.74677638225438,
RKT07,2023-03-30,167.35837880547874,
RKT07,2023-03-31,161.38255133959737,
RKT07,2023-04-01,136.06773625964036,
RKT07,2023-04-02,137.09290517489092,
RKT07,2023-04-03,102.22593826571328,
RKT07,2023-04-04,87.72500444801452,
RKT07,2023-04-05,96.75659154217112,
RKT07,2023-04-06,94.17483356150967,
RKT07,2023-04-07,107.46453366212873,
RKT07,2023-04-08,126.10872479734533,
RKT07,2023-04-09,142.44271327344276,
RKT07,2023-04-10,124.84356612601101,
RKT07,2023-04-11,90.1691586260654,
RKT07,2023-04-12,100.39365865075894,
RKT07,2023-04-13,152.90618951675927,
RKT07,2023-04-14,145.99174392316846,
RKT07,2023-04-15,133.94971024335257,
RKT07,2023-04-16,136.8307164961307,
RKT07,2023-04-17,152.62942382011659,
RKT07,2023-04-18,152.98343533442167,
RKT07,2023-04-19,147.113390444527,
RKT07,2023-04-20,167.84444688564326,
RKT07,2023-04-21,139.1785144028502,
RKT07,2023-04-22,123.43439426962101,
RKT07,2023-04-23,124.35738809576209,
RKT07,2023-04-24,140.2105137654257,
RKT07,2023-04-25,181.06022439151639,
RKT07,2023-04-26,182.88785763801633,
RKT07,2023-04-27,177.0,
RKT07,2023-04-28,149.45601547678595,
RKT07,2023-04-29,157.4256809726992,
RKT07,2023-04-30,180.55430895588833,
RKT07,2023-05-01,162.38652007012405,
RKT07,2023-05-02,135.5533057807833,
RKT07,2023-05-03,139.24117244919208,
RKT07,2023-05-04,140.61920075338895,
RKT07,2023-05-05,98.20824431645441,
RKT07,2023-05-06,97.50950741906236,
RKT07,2023-05-07,107.05379737834917,
RKT07,2023-05-08,114.76347023654705,
RKT07,2023-05-09,113.17909134876072,
RKT07,2023-05-10,111.31539145720446,
RKT07,2023-05-11,162.14906764328964,
RKT07,2023-05-12,129.20509034816249,
RKT07,2023-05-13,123.75806453930238,
RKT07,2023-05-14,153.75184111467894,
RKT07,2023-05-15,150.8251864977885,
RKT07,2023-05-16,133.15266479666113,
RKT07,2023-05-17,136.58888439421838,
RKT07,2023-05-18,171.2583872504688,
RKT07,2023-05-19,131.4836507936064,
RKT07,2023-05-20,117.28790157535637,
RKT07,2023-05-21,168.18352580352771,
RKT07,2023-05-22,153.71000184272813,
RKT07,2023-05-23,151.15838106310645,
RKT07,2023-05-24,125.64325707337595,
RKT07,2023-05-25,105.12641540582645,
RKT07,2023-05-26,127.49073787774073,
RKT07,2023-05-27,136.58931123024274,
RKT07,2023-05-28,155.101963072827,
RKT07,2023-05-29,189.7033413999034,
RKT07,2023-05-30,183.79281515735946,
RKT07,2023-05-31,145.53455897145588,
RKT07,2023-06-01,169.1519383692251,
RKT07,2023-06-02,136.09812629796173,
RKT07,2023-06-03,130.40708408622,
RKT07,2023-06-04,148.3496622826129,
RKT07,2023-06-05,151.20907745793696,
RKT07,2023-06-06,163.011530243841,
RKT07,2023-06-07,177.25853782439856,
RKT07,2023-06-08,174.1920278701409,
RKT07,2023-06-09,123.7385574193525,
RKT07,2023-06-10,119.50413811965375,
RKT07,2023-06-11,125.32671111868994,
RKT07,2023-06-12,130.45278070903663,
RKT07,2023-06-13,131.08473955135705,
RKT07,2023-06-14,139.972627612194,
RKT07,2023-06-15,163.5957853129551,
RKT07,2023-06-16,132.9407806200095,
RKT07,2023-06-17,129.81217363484458,
RKT07,2023-06-18,148.26032328332005,
RKT07,2023-06-19,142.3131134133482,
RKT07,2023-06-20,142.03539191085855,
RKT07,2023-06-21,157.20158146047552,
RKT07,2023-06-22,144.55794906017243,
RKT07,2023-06-23,127.44218599254503,
RKT07,2023-06-24,126.56692224334283,
RKT07,2023-06-25,141.69273915580985,
RKT07,2023-06-26,147.46522670947854,
RKT07,2023-06-27,148.40128327785973,
RKT07,2023-06-28,166.5460866181962,
RKT07,2023-06-29,169.9737572786183,
RKT07,2023-06-30,95.12983059048128,
RKT07,2023-07-01,89.02306831342283,
RKT07,2023-07-02,117.7066035669392,
RKT07,2023-07-03,136.72721575019582,
RKT07,2023-07-04,126.16853523331137,
RKT07,2023-07-05,136.5312329835505,
RKT07,2023-07-06,128.22154053657042,
RKT07,2023-07-07,112.08068123686004,
RKT07,2023-07-08,95.11516917678624,
RKT07,2023-07-09,141.7219093126412,
RKT07,2023-07-10,163.68176796943,
RKT07,2023-07-11,173.31909850235533,
RKT07,2023-07-12,164.21609786180912,
RKT07,2023-07-13,146.8824583094339,
RKT07,2023-07-14,93.14779800594276,
RKT07,2023-07-15,45.86408961489522,
RKT07,2023-07-16,62.159456585014816,
RKT07,2023-07-17,87.76417205519323,
RKT07,2023-07-18,91.48467205311525,
RKT07,2023-07-19,100.1171906371057,
RKT07,2023-07-20,122.32789798703807,
RKT07,2023-07-21,135.54961875459415,
RKT07,2023-07-22,107.66312157000816,
RKT07,2023-07-23,93.42896494066822,
RKT07,2023-07-24,95.36087284095386,
RKT07,2023-07-25,103.98621473956656,
RKT07,2023-07-26,109.26319738378005,
RKT07,2023-07-27,110.56491050922497,
RKT07,2023-07-28,110.06667595976373,
RKT07,2023-07-29,104.80114101759442,
RKT07,2023-07-30,107.90877709803483,
RKT07,2023-07-31,107.08030008015807,
RKT07,2023-08-01,108.7603123830755,
RKT07,2023-08-02,107.45031299547504,
RKT07,2023-08-03,107.90827162423719,
RKT07,2023-08-04,115.12972507623746,
RKT07,2023-08-05,114.30602059526117,
RKT07,2023-08-06,87.46577134103215,
RKT07,2023-08-07,85.05511118884039,
RKT07,2023-08-08,80.82680276887706,
RKT07,2023-08-09,93.09364390546318,
RKT07,2023-08-10,93.41168745654718,
RKT07,2023-08-11,101.53587236372412,
RKT07,2023-08-12,118.70034860228739,
RKT07,2023-08-13,127.9466863848226,
RKT07,2023-08-14,139.3732951916152,
RKT07,2023-08-15,134.18700567658615,
RKT07,2023-08-16,152.54602859580123,
RKT07,2023-08-17,141.49533222439,
RKT07,2023-08-18,90.28109410178172,
RKT07,2023-08-19,96.40082289219147,
RKT07,2023-08-20,110.4611096127934,
RKT07,2023-08-21,114.69656785658461,
RKT07,2023-08-22,96.02673013085122,
RKT07,2023-08-23,84.49026357509953,
RKT07,2023-08-24,77.44070155170401,
RKT07,2023-08-25,64.33291844997102,
RKT07,2023-08-26,58.16516579059422,
RKT07,2023-08-27,146.21362851650264,
RKT07,2023-08-28,154.34878210587425,
RKT07,2023-08-29,130.78541535063712,
RKT07,2023-08-30,110.69365915866048,
RKT07,2023-08-31,102.9712344963869,
RKT07,2023-09-01,52.224800169273884,
RKT07,2023-09-02,57.48169104401309,
RKT07,2023-09-03,87.97727891689048,
RKT07,2023-09-04,106.94670524730189,
RKT07,2023-09-05,110.49984104607981,
RKT07,2023-09-06,84.19400314749943,
RKT07,2023-09-07,98.06188314416349,
RKT07,2023-09-08,91.24807977205039,
RKT07,2023-09-09,70.98581357580325,
RKT07,2023-09-10,108.14409825785079,
RKT07,2023-09-11,104.71964909760915,
RKT07,2023-09-12,111.46746819603516,
RKT07,2023-09-13,107.90334471160504,
RKT07,2023-09-14,97.20479519966962,
RKT07,2023-09-15,87.70829304354956,
RKT07,2023-09-16,80.32565225227845,
RKT07,2023-09-17,72.80019865292178,
RKT07,2023-09-18,68.16650086621522,
RKT07,2023-09-19,58.80193210673755,
RKT07,2023-09-20,53.55019570243021,
RKT07,2023-09-21,51.14876927293317,
RKT07,2023-09-22,48.46231719414509,
RKT07,2023-09-23,48.8688801294891,
RKT07,2023-09-24,54.10019021109377,
RKT07,2023-09-25,51.59325929989198,
RKT07,2023-09-26,36.00513439777714,
RKT07,2023-09-27,52.847143035430186,
RKT07,2023-09-28,72.38382556434716,
RKT07,2023-09-29,106.30848796157522,
RKT07,2023-09-30,116.39768800809384,
RKT07,2023-10-01,122.00435139212877,
RKT07,2023-10-02,90.8989992421242,
RKT07,2023-10-03,81.07336364025348,
RKT07,2023-10-04,63.023445402793534,
RKT07,2023-10-05,84.15606855968754,
RKT07,2023-10-06,87.68553808074391,
RKT07,2023-10-07,103.31534600096813,
RKT07,2023-10-08,94.65773370250801,
RKT07,2023-10-09,91.3829299319881,
RKT07,2023-10-10,73.71141299490353,
RKT07,2023-10-11,84.87686527432665,
RKT07,2023-10-12,94.34574720732581,
RKT07,2023-10-13,81.21233863801815,
RKT07,2023-10-14,74.76361996513616,
RKT07,2023-10-15,91.62736614254591,
RKT07,2023-10-16,122.70385312711738,
RKT07,2023-10-17,127.93830071430018,
RKT07,2023-10-18,114.42348738156946,
RKT07,2023-10-19,125.59973776416454,
RKT07,2023-10-20,99.48838612161104,
RKT07,2023-10-21,99.4904544183114,
RKT07,2023-10-22,91.85766817402256,
RKT07,2023-10-23,119.03691008935245,
RKT07,2023-10-24,127.53277292301573,
RKT07,2023-10-25,110.55559443906546,
RKT07,2023-10-26,113.19362141149176,
RKT07,2023-10-27,105.62490234374289,
RKT07,2023-10-28,83.05900044460486,
RKT07,2023-10-29,109.36763608938317,
RKT07,2023-10-30,110.16069493723154,
RKT07,2023-10-31,100.82230856216141,
RKT07,2023-11-01,90.77942075361912,
RKT07,2023-11-02,115.00701935538581,
RKT07,2023-11-03,90.91012208066927,
RKT07,2023-11-04,76.26511066918754,
RKT07,2023-11-05,101.38316742209685,
RKT07,2023-11-06,86.98154949580885,
RKT07,2023-11-07,87.39698965938511,
RKT07,2023-11-08,92.75545205780085,
RKT07,2023-11-09,91.98126693758549,
RKT07,2023-11-10,86.86011741797479,
RKT07,2023-11-11,87.14463980975432,
RKT07,2023-11-12,115.64932233110623,
RKT07,2023-11-13,102.52180206527787,
RKT07,2023-11-14,88.47951435381567,
RKT07,2023-11-15,114.0266404643512,
RKT07,2023-11-16,115.67186310230015,
RKT07,2023-11-17,109.42929234913227,
RKT07,2023-11-18,100.36390879875863,
RKT07,2023-11-19,97.90968130523636,
RKT07,2023-11-20,98.47337674439501,
RKT07,2023-11-21,107.77317594226787,
RKT07,2023-11-22,107.78644371335344,
RKT07,2023-11-23,105.66327367759828,
RKT07,2023-11-24,78.42364171104776,
RKT07,2023-11-25,85.7917451637615,
RKT07,2023-11-26,95.56434110695642,
RKT07,2023-11-27,89.54328834610894,
RKT07,2023-11-28,92.94469936049312,
RKT07,2023-11-29,96.04001938016127,
RKT07,2023-11-30,101.00532286617221,
RKT07,2023-12-01,94.86629863339999,
RKT07,2023-12-02,96.6050087920194,
RKT07,2023-12-03,93.1431464086661,
RKT07,2023-12-04,95.41712754768577,
RKT07,2023-12-05,76.98254096385507,
RKT07,2023-12-06,79.44730027910745,
RKT07,2023-12-07,74.33009251931863,
RKT07,2023-12-08,89.61496374826753,
RKT07,2023-12-09,87.10307145726077,
RKT07,2023-12-10,111.44924487066014,
RKT07,2023-12-11,96.32712107856301,
RKT07,2023-12-12,90.06417271765906,
RKT07,2023-12-13,92.99161117022689,
RKT07,2023-12-14,103.63668579909677,
RKT07,2023-12-15,106.86640355822614,
RKT07,2023-12-16,88.2648170437787,
RKT07,2023-12-17,103.67884266016867,
RKT07,2023-12-18,107.75691990220025,
RKT07,2023-12-19,99.3566536446813,
RKT07,2023-12-20,76.17154055940412,
RKT07,2023-12-21,66.56660572612442,
RKT07,2023-12-22,57.551248648464,
RKT07,2023-12-23,73.99137638652932,
RKT07,2023-12-24,111.55029254015682,
RKT07,2023-12-25,83.8926016713402,
RKT07,2023-12-26,66.97571559570538,
RKT07,2023-12-27,54.778696005047465,
RKT07,2023-12-28,66.31602827246832,
RKT07,2023-12-29,92.30645701504194,
RKT07,2023-12-30,115.70088812491844,
RKT07,2023-12-31,123.28292928124944,
RKT07,2024-01-01,74.94893997159552,
RKT07,2024-01-02,47.16473227102846,
RKT07,2024-01-03,32.564073510280735,
RKT07,2024-01-04,39.60474185055263,
RKT07,2024-01-05,50.5442277819663,
RKT07,2024-01-06,55.07723976653621,
RKT07,2024-01-07,98.95299639221102,
RKT07,2024-01-08,156.55250489775662,
RKT07,2024-01-09,130.00617963692451,
RKT07,2024-01-10,117.71869083557682,
RKT07,2024-01-11,134.52333840762134,
RKT07,2024-01-12,164.13297842714329,
RKT07,2024-01-13,153.49589655945852,
RKT07,2024-01-14,188.35904772663366,
RKT07,2024-01-15,195.29286119428218,
RKT07,2024-01-16,182.08250204604408,
RKT07,2024-01-17,182.32888675883913,
RKT07,2024-01-18,195.45389557586867,
RKT07,2024-01-19,160.30645991202863,
RKT07,2024-01-20,154.87002524469088,
RKT07,2024-01-21,183.18504768063147,
RKT07,2024-01-22,218.5796904345253,
RKT07,2024-01-23,216.56566116744182,
RKT07,2024-01-24,187.00310675451294,
RKT07,2024-01-25,146.37542974173996,
RKT07,2024-01-26,110.67711758310635,
RKT07,2024-01-27,106.86250240916237,
RKT07,2024-01-28,135.94743304336004,
RKT07,2024-01-29,209.0729736145037,
RKT07,2024-01-30,207.81876341579442,
RKT07,2024-01-31,109.77228665843887,
RKT07,2024-02-01,101.35993152528094,
RKT07,2024-02-02,91.8746344830827,
RKT07,2024-02-03,80.5267218940985,
RKT07,2024-02-04,134.12998371664673,
RKT07,2024-02-05,142.9403721164318,
RKT07,2024-02-06,129.3468978690449,
RKT07,2024-02-07,102.448750015026,
RKT07,2024-02-08,121.48259554286146,
RKT07,2024-02-09,91.36304292091144,
RKT07,2024-02-10,102.09065423796072,
RKT07,2024-02-11,123.06493389747787,
RKT07,2024-02-12,169.78886414960272,
RKT07,2024-02-13,158.33035071177306,
RKT07,2024-02-14,167.52942690008584,
RKT07,2024-02-15,157.62732024004453,
RKT07,2024-02-16,146.0131685603398,
RKT07,2024-02-17,165.89799273079205,
RKT07,2024-02-18,191.91868109851666,
RKT07,2024-02-19,181.9229337279476,
RKT07,2024-02-20,164.5750702291122,
RKT07,2024-02-21,175.1393726000035,
RKT07,2024-02-22,170.50345890917492,
RKT07,2024-02-23,115.18646146911439,
RKT07,2024-02-24,116.45881785554984,
RKT07,2024-02-25,198.82711762235022,
RKT07,2024-02-26,218.8576974870716,
RKT07,2024-02-27,205.63201527801888,
RKT07,2024-02-28,214.67729436642287,
RKT07,2024-02-29,215.3126749117316,
RKT07,2024-03-01,148.11419525934812,
RKT07,2024-03-02,91.27341160617651,
RKT07,2024-03-03,79.67687008319471,
RKT07,2024-03-04,103.29681722385519,
RKT07,2024-03-05,103.89130439889806,
RKT07,2024-03-06,102.89364298968705,
RKT07,2024-03-07,108.55979086604228,
RKT07,2024-03-08,102.63031205630017,
RKT07,2024-03-09,70.60446439302056,
RKT07,2024-03-10,107.26569496722948,
RKT07,2024-03-11,129.2178237058554,
RKT07,2024-03-12,98.96218110823386,
RKT07,2024-03-13,109.43733525006547,
RKT07,2024-03-14,177.87281909753887,
RKT07,2024-03-15,172.32500094903497,
RKT07,2024-03-16,100.33631696123224,
RKT07,2024-03-17,96.75855890257054,
RKT07,2024-03-18,133.2459867298476,
RKT07,2024-03-19,151.60148180331487,
RKT07,2024-03-20,146.91600095314084,
RKT07,2024-03-21,128.3104609135952,
RKT07,2024-03-22,118.83074222948943,
RKT07,2024-03-23,126.69206620658446,
RKT07,2024-03-24,167.4430163763743,
RKT07,2024-03-25,206.22672625137494,
RKT07,2024-03-26,169.3125179340717,
RKT07,2024-03-27,209.53365288429188,
RKT07,2024-03-28,213.47619242600155,
RKT07,2024-03-29,139.87238508696407,
RKT07,2024-03-30,127.9470797744241,
RKT07,2024-03-31,159.4590647215957,
RKT07,2024-04-01,201.83361461400978,
RKT07,2024-04-02,181.0429196925029,
RKT07,2024-04-03,206.2384611889192,
RKT07,2024-04-04,196.52486190838607,
RKT07,2024-04-05,116.10521574816697,
RKT07,2024-04-06,147.8835255923767,
RKT07,2024-04-07,203.8930345101551,
RKT07,2024-04-08,192.46893286540998,
RKT07,2024-04-09,195.490806125309,
RKT07,2024-04-10,209.52896986236442,
RKT07,2024-04-11,217.9440428008295,
RKT07,2024-04-12,169.95320364662211,
RKT07,2024-04-13,138.3801167099818,
RKT07,2024-04-14,165.41643266888678,
RKT07,2024-04-15,149.829099742534,
RKT07,2024-04-16,152.07176863627123,
RKT07,2024-04-17,172.7975359068075,
RKT07,2024-04-18,177.4896774409149,
RKT07,2024-04-19,129.26072839230181,
RKT07,2024-04-20,108.42189082980026,
RKT07,2024-04-21,128.53332847795568,
RKT07,2024-04-22,117.5928453016457,
RKT07,2024-04-23,132.54686899350946,
RKT07,2024-04-24,170.2728090535362,
RKT07,2024-04-25,190.3675113820876,
RKT07,2024-04-26,153.3587197295779,
RKT07,2024-04-27,142.62055346639508,
RKT07,2024-04-28,189.88561445446834,
RKT07,2024-04-29,164.58188898242827,
RKT07,2024-04-30,120.62635008948496,
RKT07,2024-05-01,177.61189010591835,
RKT07,2024-05-02,182.6463274471701,
RKT07,2024-05-03,137.05298189727657,
RKT07,2024-05-04,127.52040118085372,
RKT07,2024-05-05,138.60080357217743,
RKT07,2024-05-06,130.69697547742126,
RKT07,2024-05-07,108.02085346900795,
RKT07,2024-05-08,102.0268816656368,
RKT07,2024-05-09,189.82019623385213,
RKT07,2024-05-10,176.18540814807685,
RKT07,2024-05-11,94.22318198992583,
RKT07,2024-05-12,176.70530715251718,
RKT07,2024-05-13,202.03521225373962,
RKT07,2024-05-14,175.87667691935022,
RKT07,2024-05-15,174.66448577055792,
RKT07,2024-05-16,205.97813513388772,
RKT07,2024-05-17,171.37509485837174,
RKT07,2024-05-18,106.72494966372145,
RKT07,2024-05-19,162.19815839989815,
RKT07,2024-05-20,184.15958886590766,
RKT07,2024-05-21,169.1282684494503,
RKT07,2024-05-22,193.80660580688868,
RKT07,2024-05-23,198.36267965072963,
RKT07,2024-05-24,133.30882371609113,
RKT07,2024-05-25,134.2971339067767,
RKT07,2024-05-26,138.95419130240435,
RKT07,2024-05-27,144.44905675967706,
RKT07,2024-05-28,164.20278199809454,
RKT07,2024-05-29,191.4344634557948,
RKT07,2024-05-30,172.09540829086635,
RKT07,2024-05-31,103.94316666232675,
RKT07,2024-06-01,103.03409860303759,
RKT07,2024-06-02,132.4442908707298,
RKT07,2024-06-03,180.77286891085558,
RKT07,2024-06-04,145.02868956364102,
RKT07,2024-06-05,138.67684133003988,
RKT07,2024-06-06,126.4090969795019,
RKT07,2024-06-07,125.07347558045245,
RKT07,2024-06-08,110.89323425433723,
RKT07,2024-06-09,120.3084584295677,116.56980812943053
RKT07,2024-06-10,165.48202589334258,152.4620215237589
RKT07,2024-06-11,169.67637153362213,181.38677476893048
RKT07,2024-06-12,133.54863374188528,138.0360193017963
RKT07,2024-06-13,166.75997626896643,163.0416454719582
RKT07,2024-06-14,112.53943229527813,133.28911359959847
RKT07,2024-06-15,107.89641235615723,122.26312415374633
RKT07,2024-06-16,141.32175823761662,136.30362059250447
RKT07,2024-06-17,160.64687331643657,180.28582506912008
RKT07,2024-06-18,128.06992046542715,141.4719845827634
RKT07,2024-06-19,159.93848514820846,159.80657179549743
RKT07,2024-06-20,165.91131825704957,174.69006824543845
RKT07,2024-06-21,73.86947424697543,101.22579869438331
RKT07,2024-06-22,81.45248727127016,80.71154782069384
RKT07,2024-06-23,130.26425530418837,139.90364184155442
RKT07,2024-06-24,131.6607571616508,144.73603075552333
RKT07,2024-06-25,161.67667708673386,170.21587827579265
RKT07,2024-06-26,160.32031399392085,173.6079518587296
RKT07,2024-06-27,161.69514668118757,168.76591645850203
RKT07,2024-06-28,97.22578122851601,126.85609934374749
RKT07,2024-06-29,85.1975434936378,85.80834316599994
RKT07,2024-06-30,89.50056095530941,100.71401156900566
RKT07,2024-07-01,134.56717766775517,120.5396736545986
RKT07,2024-07-02,143.50839638746808,149.16401970454837
RKT07,2024-07-03,160.11165901111684,165.73831205583676
RKT07,2024-07-04,169.4300894990389,173.96208723087474
RKT07,2024-07-05,129.83932006662118,158.41088868106135
RKT07,2024-07-06,111.02348772863074,117.19494527152176
RKT07,2024-07-07,147.1361280289525,155.02475149601764
RKT07,2024-07-08,146.18162400142177,151.1504341929356
RKT07,2024-07-09,149.04172454374088,159.77947646330423
RKT07,2024-07-10,114.05325576165573,113.8963742246136
RKT07,2024-07-11,147.08075787499988,145.14122088362112
RKT07,2024-07-12,97.08330188876452,118.68805053355376
RKT07,2024-07-13,101.34865484202749,107.74219214196994
RKT07,2024-07-14,156.0881424070635,157.37202983411214
RKT07,2024-07-15,169.9486209231121,186.74933593521476
RKT07,2024-07-16,179.29794976062496,188.14005493085457
RKT07,2024-07-17,153.4937675176328,169.49495362478567
RKT07,2024-07-18,160.6790311357412,154.41586803122988
RKT07,2024-07-19,142.05797815866316,146.5261932120988
RKT07,2024-07-20,106.60068140266529,113.67984547396408
RKT07,2024-07-21,137.91513359959347,134.32070996053392
RKT07,2024-07-22,166.05045179509867,155.59195381651546
RKT07,2024-07-23,151.7403935348265,155.66945471162904
RKT07,2024-07-24,158.1594348631931,156.35454338023374
RKT07,2024-07-25,164.551035031752,162.4342081681137
RKT07,2024-07-26,163.24871353565922,161.08141784740667
RKT07,2024-07-27,121.02344125706247,122.66765727414304
RKT07,2024-07-28,113.87284239756099,110.08126951916243
RKT07,2024-07-29,116.41628216210351,109.05874357139636
RKT07,2024-07-30,117.70625027283822,115.1028225612813
RKT07,2024-07-31,120.58497093442746,118.36502776698347
RKT07,2024-08-01,124.40697478021521,120.75162087661718
RKT07,2024-08-02,124.03046080779286,120.35301504961507
RKT07,2024-08-03,119.66245867051303,114.43564787458972
RKT07,2024-08-04,111.65521057193901,114.44838429186368
RKT07,2024-08-05,116.94341183860124,106.5285189148091
RKT07,2024-08-06,122.58407737196708,121.0530810291387
RKT07,2024-08-07,118.0119834295015,119.14135296897653
RKT07,2024-08-08,118.19976189049284,118.71866883809408
RKT07,2024-08-09,126.62011155155632,133.50416651129584
RKT07,2024-08-10,119.78491191203686,111.67951730378054
RKT07,2024-08-11,145.29101848930773,143.28770141194735
RKT07,2024-08-12,158.99150477533206,153.35970683702408
RKT07,2024-08-13,151.87738451422422,151.49700692660153
RKT07,2024-08-14,150.1142554309418,147.10658160827612
RKT07,2024-08-15,154.09075585879123,152.2775181600463
RKT07,2024-08-16,154.43998601500272,152.8782482799424
RKT07,2024-08-17,143.3268869414342,141.72264919054578
RKT07,2024-08-18,135.87347394999838,144.7986406194669
RKT07,2024-08-19,135.66578716992504,117.94926970851638
RKT07,2024-08-20,137.42410590743464,128.2777433303809
RKT07,2024-08-21,128.64178698933026,123.28829389425496
RKT07,2024-08-22,124.43160336924734,122.83325951871961
RKT07,2024-08-23,128.02670279295788,129.53857260909209
RKT07,2024-08-24,88.4411129602837,101.35698424750547
RKT07,2024-08-25,182.14700226148793,157.64232029461772
RKT07,2024-08-26,208.23236985887087,198.78828657015356
RKT07,2024-08-27,218.3854585962632,225.6571986055861
RKT07,2024-08-28,220.28519035791427,222.44633805982127
RKT07,2024-08-29,202.61494216879515,193.0732360076726
RKT07,2024-08-30,159.6190605348819,169.60852320071731
RKT07,2024-08-31,125.49675727850573,123.92737238221225
RKT07,2024-09-01,149.90343288029962,130.09838384527097
RKT07,2024-09-02,182.24777903143618,146.28974120938557
RKT07,2024-09-03,182.24490366600145,166.7036352364501
RKT07,2024-09-04,173.19110467029114,177.95370420575526
RKT07,2024-09-05,171.13730560546205,163.55888568995695
RKT07,2024-09-06,125.47084614789964,139.46398297558068
RKT07,2024-09-07,94.93551142888269,101.75002509861645
RKT07,2024-09-08,93.35467665208009,84.91849113053807
RKT07,2024-09-09,160.75221133150734,129.2714384659923
RKT07,2024-09-10,155.3853767417686,177.3004401680735
RKT07,2024-09-11,51.30696016316547,81.36809995041996
RKT07,2024-09-12,65.20512306408682,51.140140358988106
RKT07,2024-09-13,137.0196484664846,134.66034463594463
RKT07,2024-09-14,102.91907621659328,90.35833480269197
RKT07,2024-09-15,125.22600524937901,124.75889257090755
RKT07,2024-09-16,109.47940683060138,124.74266656950293
RKT07,2024-09-17,86.32641964095693,119.99431289868751
RKT07,2024-09-18,129.2625878606298,145.65081588947493
RKT07,2024-09-19,144.80881797480157,187.03596827036463
RKT07,2024-09-20,106.17603289356781,116.51197988167634
RKT07,2024-09-21,64.25627446450095,92.55196515206352
RKT07,2024-09-22,96.13359280374536,119.4881002082464
RKT07,2024-09-23,132.37967306737616,156.3873445813695
RKT07,2024-09-24,146.3000837626674,200.87754170110244
RKT07,2024-09-25,186.9705830472412,166.4983514965061
RKT07,2024-09-26,196.26202223967334,191.65770357310504
RKT07,2024-09-27,117.71226158811686,148.52481479426717
RKT07,2024-09-28,116.898844766481,135.40407213568645
RKT07,2024-09-29,166.68805486443102,173.09967173115191
RKT07,2024-09-30,179.00880853220863,199.5396473701511
RKT08,2023-01-01,29.63539202455828,
RKT08,2023-01-02,21.135470422263968,
RKT08,2023-01-03,19.349804468592996,
RKT08,2023-01-04,38.13647145871166,
RKT08,2023-01-05,63.49710100083892,
RKT08,2023-01-06,32.4593129571428,
RKT08,2023-01-07,53.55044293821191,
RKT08,2023-01-08,34.33949051175094,
RKT08,2023-01-09,66.64033582027304,
RKT08,2023-01-10,79.39972823336839,
RKT08,2023-01-11,59.1696815431968,
RKT08,2023-01-12,81.75720708434294,
RKT08,2023-01-13,35.356152459768744,
RKT08,2023-01-14,48.07350454170246,
RKT08,2023-01-15,85.50519914153453,
RKT08,2023-01-16,21.536524291623444,
RKT08,2023-01-17,21.834840516505928,
RKT08,2023-01-18,30.423777087077557,
RKT08,2023-01-19,34.13738908413546,
RKT08,2023-01-20,28.241980364214417,
RKT08,2023-01-21,58.451106369975236,
RKT08,2023-01-22,94.56527002226335,
RKT08,2023-01-23,77.90904652624734,
RKT08,2023-01-24,36.08180416605312,
RKT08,2023-01-25,20.347532771733555,
RKT08,2023-01-26,32.72687813869654,
RKT08,2023-01-27,27.2078495556334,
RKT08,2023-01-28,37.6814775324443,
RKT08,2023-01-29,53.46628417653328,
RKT08,2023-01-30,45.88418888820071,
RKT08,2023-01-31,17.273695253774733,
RKT08,2023-02-01,51.59796857141904,
RKT08,2023-02-02,66.7769018665152,
RKT08,2023-02-03,46.932154765028855,
RKT08,2023-02-04,66.66900869699238,
RKT08,2023-02-05,63.801946607485974,
RKT08,2023-02-06,48.762911816666566,
RKT08,2023-02-07,50.92375495972999,
RKT08,2023-02-08,41.39637091368886,
RKT08,2023-02-09,76.92485392915863,
RKT08,2023-02-10,65.96972881881145,
RKT08,2023-02-11,85.09272726852166,
RKT08,2023-02-12,66.82979076196631,
RKT08,2023-02-13,62.20817541473977,
RKT08,2023-02-14,34.01709661423773,
RKT08,2023-02-15,43.28246482951644,
RKT08,2023-02-16,48.306816995224374,
RKT08,2023-02-17,63.89318054561192,
RKT08,2023-02-18,89.80499538392877,
RKT08,2023-02-19,74.24684365471104,
RKT08,2023-02-20,47.60798614090286,
RKT08,2023-02-21,46.24560700010864,
RKT08,2023-02-22,57.04751827968694,
RKT08,2023-02-23,88.36517235386734,
RKT08,2023-02-24,80.1728250873622,
RKT08,2023-02-25,85.46871991547773,
RKT08,2023-02-26,98.37986984284613,
RKT08,2023-02-27,99.66386586912486,
RKT08,2023-02-28,68.61504580621394,
RKT08,2023-03-01,66.70890301751098,
RKT08,2023-03-02,35.09409854337881,
RKT08,2023-03-03,42.666382031858895,
RKT08,2023-03-04,53.126801356189866,
RKT08,2023-03-05,63.663693243753066,
RKT08,2023-03-06,124.61962798410433,
RKT08,2023-03-07,137.9230080303828,
RKT08,2023-03-08,118.60805085869916,
RKT08,2023-03-09,116.54892468378863,
RKT08,2023-03-10,63.104197805293026,
RKT08,2023-03-11,57.275267042036354,
RKT08,2023-03-12,50.57276817831087,
RKT08,2023-03-13,25.121720015333786,
RKT08,2023-03-14,29.165334860983748,
RKT08,2023-03-15,31.415913494932695,
RKT08,2023-03-16,33.95202439205771,
RKT08,2023-03-17,71.63671221955545,
RKT08,2023-03-18,63.51063349518313,
RKT08,2023-03-19,51.15818269981104,
RKT08,2023-03-20,48.01710248996608,
RKT08,2023-03-21,24.52301400654828,
RKT08,2023-03-22,25.794197764143465,
RKT08,2023-03-23,62.88239668538499,
RKT08,2023-03-24,121.95244258805972,
RKT08,2023-03-25,84.62365511149544,
RKT08,2023-03-26,71.02701940118264,
RKT08,2023-03-27,64.80617455079177,
RKT08,2023-03-28,39.43843822795407,
RKT08,2023-03-29,56.92757790718592,
RKT08,2023-03-30,56.37469616382647,
RKT08,2023-03-31,100.09336010818586,
RKT08,2023-04-01,81.37975523508801,
RKT08,2023-04-02,65.11209422227448,
RKT08,2023-04-03,35.0593849124945,
RKT08,2023-04-04,60.10745291839302,
RKT08,2023-04-05,52.97625068641517,
RKT08,2023-04-06,92.91496339803331,
RKT08,2023-04-07,98.53737095567756,
RKT08,2023-04-08,81.59456252390231,
RKT08,2023-04-09,60.825490711346944,
RKT08,2023-04-10,81.16504137717487,
RKT08,2023-04-11,43.75567083281606,
RKT08,2023-04-12,42.82250715973639,
RKT08,2023-04-13,44.98792933121607,
RKT08,2023-04-14,106.9638616476713,
RKT08,2023-04-15,82.9674559872049,
RKT08,2023-04-16,61.17075626780693,
RKT08,2023-04-17,47.31339337436526,
RKT08,2023-04-18,43.80568390147587,
RKT08,2023-04-19,57.4798537809323,
RKT08,2023-04-20,89.42993354048302,
RKT08,2023-04-21,84.30082523695522,
RKT08,2023-04-22,79.39077829624038,
RKT08,2023-04-23,62.28457323584936,
RKT08,2023-04-24,73.5137910449035,
RKT08,2023-04-25,31.017833250241317,
RKT08,2023-04-26,46.83124913980039,
RKT08,2023-04-27,98.44102411119161,
RKT08,2023-04-28,92.17503950737918,
RKT08,2023-04-29,84.10869702121408,
RKT08,2023-04-30,118.96177940087809,
RKT08,2023-05-01,65.96831963083162,
RKT08,2023-05-02,137.46069583303472,
RKT08,2023-05-03,140.63898578888043,
RKT08,2023-05-04,80.60689174122517,
RKT08,2023-05-05,80.04776337621144,
RKT08,2023-05-06,82.39855158276237,
RKT08,2023-05-07,50.1644200939819,
RKT08,2023-05-08,42.23385969110193,
RKT08,2023-05-09,133.8056501563644,
RKT08,2023-05-10,26.218261682561664,
RKT08,2023-05-11,35.08265747650017,
RKT08,2023-05-12,52.78579375469152,
RKT08,2023-05-13,87.52565661243673,
RKT08,2023-05-14,42.90222095964835,
RKT08,2023-05-15,59.958631013541336,
RKT08,2023-05-16,72.36759697986338,
RKT08,2023-05-17,77.874292551334,
RKT08,2023-05-18,111.6109801773164,
RKT08,2023-05-19,99.39248375819602,
RKT08,2023-05-20,84.30967896114478,
RKT08,2023-05-21,52.94892207982073,
RKT08,2023-05-22,86.95550885730327,
RKT08,2023-05-23,57.156381490877784,
RKT08,2023-05-24,69.40219783678215,
RKT08,2023-05-25,108.59177986530614,
RKT08,2023-05-26,81.89536960429128,
RKT08,2023-05-27,86.9508041872842,
RKT08,2023-05-28,91.52581557045369,
RKT08,2023-05-29,59.39192399416474,
RKT08,2023-05-30,34.74115573089353,
RKT08,2023-05-31,37.756683164086006,
RKT08,2023-06-01,94.3667294369896,
RKT08,2023-06-02,54.33394798695238,
RKT08,2023-06-03,78.19577534550709,
RKT08,2023-06-04,123.90461035139035,
RKT08,2023-06-05,113.82703351204927,
RKT08,2023-06-06,60.64036634503092,
RKT08,2023-06-07,20.784129522978187,
RKT08,2023-06-08,107.08507161186415,
RKT08,2023-06-09,98.21967391641081,
RKT08,2023-06-10,71.38342359634946,
RKT08,2023-06-11,64.44264957083716,
RKT08,2023-06-12,41.34469612061489,
RKT08,2023-06-13,41.65707773925252,
RKT08,2023-06-14,33.458512742436746,
RKT08,2023-06-15,103.36484621209497,
RKT08,2023-06-16,91.21275386520998,
RKT08,2023-06-17,81.51094834263,
RKT08,2023-06-18,51.297579489369674,
RKT08,2023-06-19,36.09264487690643,
RKT08,2023-06-20,35.26532966162975,
RKT08,2023-06-21,27.315291535266784,
RKT08,2023-06-22,53.594143349751306,
RKT08,2023-06-23,89.98745549340161,
RKT08,2023-06-24,82.59188148969665,
RKT08,2023-06-25,61.35299173949764,
RKT08,2023-06-26,75.54864664331717,
RKT08,2023-06-27,64.47776769403035,
RKT08,2023-06-28,78.79803962045796,
RKT08,2023-06-29,130.9386497806044,
RKT08,2023-06-30,96.1455521535809,
RKT08,2023-07-01,74.14664893570256,
RKT08,2023-07-02,71.51895750720907,
RKT08,2023-07-03,41.93517191290601,
RKT08,2023-07-04,65.64900890059751,
RKT08,2023-07-05,107.86629964754073,
RKT08,2023-07-06,100.13446459908896,
RKT08,2023-07-07,60.71887040818045,
RKT08,2023-07-08,88.34477428278865,
RKT08,2023-07-09,61.64845038427231,
RKT08,2023-07-10,55.20159611814118,
RKT08,2023-07-11,50.64231863026137,
RKT08,2023-07-12,94.33243677919067,
RKT08,2023-07-13,90.58726778988631,
RKT08,2023-07-14,71.70842608745167,
RKT08,2023-07-15,61.00281465944231,
RKT08,2023-07-16,38.28212664828637,
RKT08,2023-07-17,45.421991858329065,
RKT08,2023-07-18,44.479264650546966,
RKT08,2023-07-19,47.735358848949666,
RKT08,2023-07-20,75.41850865557416,
RKT08,2023-07-21,88.42422799031608,
RKT08,2023-07-22,59.71170687354556,
RKT08,2023-07-23,28.791600594885526,
RKT08,2023-07-24,42.28791802337322,
RKT08,2023-07-25,42.04952274705638,
RKT08,2023-07-26,53.233893238410644,
RKT08,2023-07-27,54.682153045679655,
RKT08,2023-07-28,67.72058244504814,
RKT08,2023-07-29,66.32408257717297,
RKT08,2023-07-30,66.23546188906032,
RKT08,2023-07-31,58.04558981222248,
RKT08,2023-08-01,63.54504897970928,
RKT08,2023-08-02,67.95135757749019,
RKT08,2023-08-03,67.80977867026988,
RKT08,2023-08-04,66.06877648648349,
RKT08,2023-08-05,63.89144854954687,
RKT08,2023-08-06,55.70162752557516,
RKT08,2023-08-07,63.16288778799038,
RKT08,2023-08-08,44.423499563402196,
RKT08,2023-08-09,26.18280066600304,
RKT08,2023-08-10,20.873365364001017,
RKT08,2023-08-11,52.9392551303557,
RKT08,2023-08-12,67.89724603328592,
RKT08,2023-08-13,79.71532559284964,
RKT08,2023-08-14,81.0154947333531,
RKT08,2023-08-15,73.74678242272978,
RKT08,2023-08-16,64.33052698340595,
RKT08,2023-08-17,59.12431422967382,
RKT08,2023-08-18,86.91805893331151,
RKT08,2023-08-19,70.17663278869055,
RKT08,2023-08-20,71.31525321004487,
RKT08,2023-08-21,58.32363752458123,
RKT08,2023-08-22,53.35796130074806,
RKT08,2023-08-23,30.943697874302796,
RKT08,2023-08-24,96.82508589947919,
RKT08,2023-08-25,78.42175593633183,
RKT08,2023-08-26,66.37021249003031,
RKT08,2023-08-27,75.28917603858517,
RKT08,2023-08-28,96.03985070060139,
RKT08,2023-08-29,63.58481167456826,
RKT08,2023-08-30,19.807734002107463,
RKT08,2023-08-31,106.97272022006618,
RKT08,2023-09-01,67.25763136014432,
RKT08,2023-09-02,83.22774505133546,
RKT08,2023-09-03,48.489543571228154,
RKT08,2023-09-04,59.37583159690469,
RKT08,2023-09-05,52.83680145463115,
RKT08,2023-09-06,64.39927051767224,
RKT08,2023-09-07,110.77458079535968,
RKT08,2023-09-08,45.21155024121847,
RKT08,2023-09-09,80.79574434102946,
RKT08,2023-09-10,62.253251677118705,
RKT08,2023-09-11,33.95449669438586,
RKT08,2023-09-12,43.89076855356777,
RKT08,2023-09-13,32.81784652245463,
RKT08,2023-09-14,43.51042030049744,
RKT08,2023-09-15,73.8471955776993,
RKT08,2023-09-16,68.71561240063018,
RKT08,2023-09-17,38.49963153424159,
RKT08,2023-09-18,35.3789850425358,
RKT08,2023-09-19,78.7006364633361,
RKT08,2023-09-20,78.5501176449079,
RKT08,2023-09-21,72.39295983311227,
RKT08,2023-09-22,48.750434526542946,
RKT08,2023-09-23,66.92849756932043,
RKT08,2023-09-24,36.60175581893317,
RKT08,2023-09-25,19.69657846258463,
RKT08,2023-09-26,29.47573609236104,
RKT08,2023-09-27,32.23806008555543,
RKT08,2023-09-28,77.53053014484576,
RKT08,2023-09-29,77.94476856935772,
RKT08,2023-09-30,75.8782546824637,
RKT08,2023-10-01,87.95061982082908,
RKT08,2023-10-02,93.0561694518652,
RKT08,2023-10-03,46.68416898937629,
RKT08,2023-10-04,42.285587330945894,
RKT08,2023-10-05,66.41911571210878,
RKT08,2023-10-06,46.28321123785047,
RKT08,2023-10-07,80.06398213757414,
RKT08,2023-10-08,80.34917057825471,
RKT08,2023-10-09,44.27853229471607,
RKT08,2023-10-10,114.07343632176641,
RKT08,2023-10-11,81.88998763465126,
RKT08,2023-10-12,112.36667891849511,
RKT08,2023-10-13,55.66590405087565,
RKT08,2023-10-14,75.26762945157,
RKT08,2023-10-15,60.741628559352385,
RKT08,2023-10-16,114.77808697864685,
RKT08,2023-10-17,42.2269270279677,
RKT08,2023-10-18,132.8046098169114,
RKT08,2023-10-19,97.50608133713504,
RKT08,2023-10-20,67.82653902669024,
RKT08,2023-10-21,79.36895474198975,
RKT08,2023-10-22,53.29207009179449,
RKT08,2023-10-23,57.01554891222202,
RKT08,2023-10-24,48.13500778872612,
RKT08,2023-10-25,143.76845534647688,
RKT08,2023-10-26,132.85335978341698,
RKT08,2023-10-27,82.33224779755118,
RKT08,2023-10-28,77.9418886855732,
RKT08,2023-10-29,71.32555006876946,
RKT08,2023-10-30,45.78122437639698,
RKT08,2023-10-31,37.248334259746976,
RKT08,2023-11-01,67.63855961410506,
RKT08,2023-11-02,133.94268587975603,
RKT08,2023-11-03,88.22791854551598,
RKT08,2023-11-04,92.8127075338894,
RKT08,2023-11-05,66.35747795018285,
RKT08,2023-11-06,120.0185853388339,
RKT08,2023-11-07,105.00793816447185,
RKT08,2023-11-08,27.736589416607696,
RKT08,2023-11-09,152.41288785732624,
RKT08,2023-11-10,102.99893353065781,
RKT08,2023-11-11,86.05961467172052,
RKT08,2023-11-12,35.400032311094265,
RKT08,2023-11-13,59.64780792640115,
RKT08,2023-11-14,40.01949637088254,
RKT08,2023-11-15,42.53136179131045,
RKT08,2023-11-16,126.70439228564395,
RKT08,2023-11-17,82.04728968434218,
RKT08,2023-11-18,80.26532986925108,
RKT08,2023-11-19,63.37229747023046,
RKT08,2023-11-20,80.34522702459924,
RKT08,2023-11-21,20.083858702847664,
RKT08,2023-11-22,26.480909002701242,
RKT08,2023-11-23,74.20285860586192,
RKT08,2023-11-24,73.81690409014443,
RKT08,2023-11-25,75.24202574898719,
RKT08,2023-11-26,40.35825049022787,
RKT08,2023-11-27,31.681309616161663,
RKT08,2023-11-28,33.683900769841095,
RKT08,2023-11-29,29.59926708858742,
RKT08,2023-11-30,62.97900620028392,
RKT08,2023-12-01,62.03644731883559,
RKT08,2023-12-02,62.09795383506088,
RKT08,2023-12-03,47.28884574494558,
RKT08,2023-12-04,38.62925776781682,
RKT08,2023-12-05,27.55034161639666,
RKT08,2023-12-06,35.97650964128518,
RKT08,2023-12-07,74.88789175250903,
RKT08,2023-12-08,61.240750283637574,
RKT08,2023-12-09,78.34633770347735,
RKT08,2023-12-10,39.91267655349596,
RKT08,2023-12-11,26.897469161666432,
RKT08,2023-12-12,41.01740485542549,
RKT08,2023-12-13,34.31232768841606,
RKT08,2023-12-14,71.30355661970471,
RKT08,2023-12-15,50.180555452927486,
RKT08,2023-12-16,82.6542164990236,
RKT08,2023-12-17,47.691276342167434,
RKT08,2023-12-18,30.476815009292952,
RKT08,2023-12-19,24.613615120458686,
RKT08,2023-12-20,50.93671822410856,
RKT08,2023-12-21,37.72036809241015,
RKT08,2023-12-22,46.94215567978973,
RKT08,2023-12-23,68.24475186549859,
RKT08,2023-12-24,63.325468254319034,
RKT08,2023-12-25,25.98495429798154,
RKT08,2023-12-26,23.545291799161756,
RKT08,2023-12-27,16.66593375155901,
RKT08,2023-12-28,23.62585407270294,
RKT08,2023-12-29,42.13412444117374,
RKT08,2023-12-30,57.24404863560941,
RKT08,2023-12-31,62.275574807691314,
RKT08,2024-01-01,31.711712445381085,
RKT08,2024-01-02,15.899216369644828,
RKT08,2024-01-03,76.99961698001165,
RKT08,2024-01-04,53.41008022907529,
RKT08,2024-01-05,29.81220017716272,
RKT08,2024-01-06,38.79259658828353,
RKT08,2024-01-07,47.101673150661654,
RKT08,2024-01-08,41.62987152298037,
RKT08,2024-01-09,38.57889763255648,
RKT08,2024-01-10,38.543729315362555,
RKT08,2024-01-11,39.96315513890975,
RKT08,2024-01-12,70.34149406729453,
RKT08,2024-01-13,74.70032837862976,
RKT08,2024-01-14,54.62601385117552,
RKT08,2024-01-15,34.77824849250889,
RKT08,2024-01-16,38.28434599960242,
RKT08,2024-01-17,43.35148399258437,
RKT08,2024-01-18,55.769129816705146,
RKT08,2024-01-19,79.55570137629226,
RKT08,2024-01-20,74.38546506075906,
RKT08,2024-01-21,61.88447728852537,
RKT08,2024-01-22,34.91700178921009,
RKT08,2024-01-23,32.94167393440261,
RKT08,2024-01-24,50.00958468701337,
RKT08,2024-01-25,32.148154456347086,
RKT08,2024-01-26,53.69927353439283,
RKT08,2024-01-27,73.52433640062353,
RKT08,2024-01-28,63.87525794396688,
RKT08,2024-01-29,87.09819620120079,
RKT08,2024-01-30,47.40180666563771,
RKT08,2024-01-31,31.097029147884797,
RKT08,2024-02-01,78.46772931279777,
RKT08,2024-02-02,37.20647948703291,
RKT08,2024-02-03,56.59561926193517,
RKT08,2024-02-04,36.725466227364464,
RKT08,2024-02-05,22.491530044082968,
RKT08,2024-02-06,20.765036192067083,
RKT08,2024-02-07,26.374321933972777,
RKT08,2024-02-08,39.1524801460377,
RKT08,2024-02-09,73.06138696609418,
RKT08,2024-02-10,78.53681235850262,
RKT08,2024-02-11,89.62220912823594,
RKT08,2024-02-12,46.425027452839565,
RKT08,2024-02-13,41.17729980771672,
RKT08,2024-02-14,30.26622108510642,
RKT08,2024-02-15,77.59500332629939,
RKT08,2024-02-16,93.23174402089577,
RKT08,2024-02-17,70.44497418447537,
RKT08,2024-02-18,58.569258444875096,
RKT08,2024-02-19,96.14020590783448,
RKT08,2024-02-20,97.32343194346241,
RKT08,2024-02-21,111.13305764860847,
RKT08,2024-02-22,71.33273710600179,
RKT08,2024-02-23,75.93495817341653,
RKT08,2024-02-24,71.24536241806229,
RKT08,2024-02-25,95.53411906686274,
RKT08,2024-02-26,96.56387021200204,
RKT08,2024-02-27,100.06737871236194,
RKT08,2024-02-28,89.9397852618162,
RKT08,2024-02-29,107.91216525191138,
RKT08,2024-03-01,85.0595621615561,
RKT08,2024-03-02,68.51933836211938,
RKT08,2024-03-03,49.466835035735585,
RKT08,2024-03-04,24.669177350132127,
RKT08,2024-03-05,39.46228900436182,
RKT08,2024-03-06,36.31983229637034,
RKT08,2024-03-07,118.12381064595863,
RKT08,2024-03-08,91.2556638013125,
RKT08,2024-03-09,42.193416841458664,
RKT08,2024-03-10,34.46129829291451,
RKT08,2024-03-11,110.34693560598832,
RKT08,2024-03-12,95.98186530488006,
RKT08,2024-03-13,96.15301302045913,
RKT08,2024-03-14,63.40510946358428,
RKT08,2024-03-15,88.06646759570093,
RKT08,2024-03-16,73.58087109524955,
RKT08,2024-03-17,67.21461126026993,
RKT08,2024-03-18,39.669859038296856,
RKT08,2024-03-19,42.51627819707886,
RKT08,2024-03-20,35.304326599539316,
RKT08,2024-03-21,75.45334975866028,
RKT08,2024-03-22,83.0737802013644,
RKT08,2024-03-23,57.417152548688186,
RKT08,2024-03-24,43.711759983156725,
RKT08,2024-03-25,34.54961435435988,
RKT08,2024-03-26,26.443110592534616,
RKT08,2024-03-27,35.503283589586985,
RKT08,2024-03-28,80.27064581398089,
RKT08,2024-03-29,83.66254424926345,
RKT08,2024-03-30,70.8948061532397,
RKT08,2024-03-31,51.48546066545534,
RKT08,2024-04-01,23.496628476802798,
RKT08,2024-04-02,21.618354088608818,
RKT08,2024-04-03,15.70060861841577,
RKT08,2024-04-04,45.62000357987143,
RKT08,2024-04-05,86.78934798981372,
RKT08,2024-04-06,80.87917573439432,
RKT08,2024-04-07,69.32882493596242,
RKT08,2024-04-08,56.23935330477285,
RKT08,2024-04-09,60.37571488664536,
RKT08,2024-04-10,42.62653654900252,
RKT08,2024-04-11,114.57545097413836,
RKT08,2024-04-12,83.4029299083108,
RKT08,2024-04-13,82.62255242300408,
RKT08,2024-04-14,49.81462568253477,
RKT08,2024-04-15,41.803803758872995,
RKT08,2024-04-16,40.73612072971776,
RKT08,2024-04-17,43.01416909780839,
RKT08,2024-04-18,55.212999244937926,
RKT08,2024-04-19,84.74195753662518,
RKT08,2024-04-20,76.31977480546304,
RKT08,2024-04-21,183.48993872832983,
RKT08,2024-04-22,56.630644812772026,
RKT08,2024-04-23,38.90865404264276,
RKT08,2024-04-24,27.814969152906336,
RKT08,2024-04-25,120.9925378887166,
RKT08,2024-04-26,63.4219336130163,
RKT08,2024-04-27,84.29859276159634,
RKT08,2024-04-28,32.47873174973457,
RKT08,2024-04-29,39.15844080511968,
RKT08,2024-04-30,52.6613923365388,
RKT08,2024-05-01,96.33507160680409,
RKT08,2024-05-02,63.545149611560674,
RKT08,2024-05-03,86.80913933319448,
RKT08,2024-05-04,71.62457752848545,
RKT08,2024-05-05,75.9382558449736,
RKT08,2024-05-06,50.62426772911633,
RKT08,2024-05-07,45.10676834578377,
RKT08,2024-05-08,64.49732292803677,
RKT08,2024-05-09,114.0005355748134,
RKT08,2024-05-10,66.36361153173863,
RKT08,2024-05-11,92.90237794809401,
RKT08,2024-05-12,50.747652850124716,
RKT08,2024-05-13,95.76425028820586,
RKT08,2024-05-14,62.42943516813514,
RKT08,2024-05-15,51.208019742319,
RKT08,2024-05-16,76.73687962848027,
RKT08,2024-05-17,68.61075445947999,
RKT08,2024-05-18,81.30386855147017,
RKT08,2024-05-19,53.496036969736515,
RKT08,2024-05-20,119.1258648556615,
RKT08,2024-05-21,33.008349033288745,
RKT08,2024-05-22,40.547419688717376,
RKT08,2024-05-23,68.4762055158547,
RKT08,2024-05-24,93.67588622450072,
RKT08,2024-05-25,82.0830553934973,
RKT08,2024-05-26,61.37476844464968,
RKT08,2024-05-27,35.1369111383628,
RKT08,2024-05-28,36.36501708823619,
RKT08,2024-05-29,113.93453332401795,
RKT08,2024-05-30,97.14112889185273,
RKT08,2024-05-31,154.40443695976177,
RKT08,2024-06-01,91.36211405202532,
RKT08,2024-06-02,46.35388055928865,
RKT08,2024-06-03,75.39616748120329,
RKT08,2024-06-04,37.64852299173394,
RKT08,2024-06-05,61.46099676353274,
RKT08,2024-06-06,96.62755839758806,
RKT08,2024-06-07,104.5147316220269,
RKT08,2024-06-08,85.38222226822161,
RKT08,2024-06-09,53.183753907872145,63.026647353192175
RKT08,2024-06-10,81.97930325680447,74.74393844880467
RKT08,2024-06-11,41.70303027228272,36.36574411404864
RKT08,2024-06-12,113.55269582768439,93.95699824248902
RKT08,2024-06-13,112.93770382228561,118.18497814749503
RKT08,2024-06-14,99.85638721142888,86.14374244595292
RKT08,2024-06-15,83.33088736248173,79.91883441774249
RKT08,2024-06-16,51.29633224468973,57.872139655196705
RKT08,2024-06-17,147.9954819459629,115.86174741968081
RKT08,2024-06-18,130.88417891519552,111.05009063771217
RKT08,2024-06-19,111.91505176871492,106.29327633595841
RKT08,2024-06-20,72.78540729107311,74.15013278723129
RKT08,2024-06-21,63.727522395235276,55.78061217476836
RKT08,2024-06-22,89.53588343390501,75.16139088934015
RKT08,2024-06-23,65.50310268404624,56.9931843453849
RKT08,2024-06-24,111.54828464846034,99.17984165470277
RKT08,2024-06-25,55.87939436890236,62.077243550685964
RKT08,2024-06-26,99.83681232887649,97.62718850037574
RKT08,2024-06-27,103.90394338426044,93.36317123622788
RKT08,2024-06-28,93.55043202602646,84.79634275298743
RKT08,2024-06-29,97.05800861813239,89.75193151452811
RKT08,2024-06-30,36.69243186718081,32.13953687762671
RKT08,2024-07-01,75.26803396410202,55.14623643332154
RKT08,2024-07-02,35.59625078308849,46.83064625193825
RKT08,2024-07-03,44.31969064912395,37.75175211536469
RKT08,2024-07-04,85.72799927651353,66.21904257807964
RKT08,2024-07-05,81.17090868779898,76.94348195598127
RKT08,2024-07-06,94.82912091453257,90.83347353102462
RKT08,2024-07-07,58.93204766311699,69.0504986498985
RKT08,2024-07-08,54.973416423853116,55.82921887669115
RKT08,2024-07-09,51.31916768413706,65.44734205201415
RKT08,2024-07-10,82.09453680686843,74.07743215934553
RKT08,2024-07-11,88.29720911575511,92.16006971127952
RKT08,2024-07-12,106.62021615748004,90.47933875981849
RKT08,2024-07-13,95.93058886145086,90.39359438597782
RKT08,2024-07-14,89.43815827050202,83.89768084323556
RKT08,2024-07-15,56.878655988371904,57.33498757374316
RKT08,2024-07-16,35.238262194520765,41.69064806354601
RKT08,2024-07-17,70.12249862990222,59.173024021704414
RKT08,2024-07-18,65.51172770084443,81.34825225303544
RKT08,2024-07-19,38.09589274616423,35.77384469446329
RKT08,2024-07-20,63.06359917789201,65.81214329119892
RKT08,2024-07-21,72.09830895890474,76.90300615955026
RKT08,2024-07-22,63.72161949702949,69.24910877683327
RKT08,2024-07-24,52.23858132545125,12.49690387272442
RKT08,2024-07-25,61.2248426280112,90.5634663214684
RKT08,2024-07-26,95.34793347948097,98.4102430185621
RKT08,2024-07-27,60.73290608702572,66.22663007852763
RKT08,2024-07-28,64.58306182243889,72.06666720800902
RKT08,2024-07-29,63.70126675336677,56.19077645228561
RKT08,2024-07-30,63.35886006087626,73.81888014923838
RKT08,2024-07-31,62.12455375354707,50.91030098931917
RKT08,2024-08-01,68.30837470666529,69.28166726155179
RKT08,2024-08-02,73.14106578548727,54.52154441385565
RKT08,2024-08-03,69.17647758433651,55.77638026142593
RKT08,2024-08-04,59.82092407225725,37.736222351070275
RKT08,2024-08-05,57.76753744718551,49.258262342658135
RKT08,2024-08-06,48.06171025060381,51.98731988187487
RKT08,2024-08-07,47.11498243048333,29.1035550851705
RKT08,2024-08-08,50.01202547263094,52.191189620527695
RKT08,2024-08-09,58.37448320655393,61.47840008598809
RKT08,2024-08-10,71.78320451074865,62.52066238867536
RKT08,2024-08-11,96.58454598119592,74.29550691922964
RKT08,2024-08-12,96.87998882415236,83.11788639573349
RKT08,2024-08-13,87.10167658091045,94.39965231807199
RKT08,2024-08-14,101.55067431839521,99.73143104272654
RKT08,2024-08-15,97.88220408855503,69.73994636184982
RKT08,2024-08-16,95.21751980621377,76.72458895911835
RKT08,2024-08-17,76.82595315037527,69.24635064058856
RKT08,2024-08-18,71.89435833458353,49.83714626741619
RKT08,2024-08-19,54.47877116599095,48.56635318298257
RKT08,2024-08-20,57.29430647337893,52.37679593528058
RKT08,2024-08-21,23.778628339486335,24.85551278058707
RKT08,2024-08-22,40.0248960480979,56.55314736573355
RKT08,2024-08-23,75.92977498107813,76.3301458560711
RKT08,2024-08-24,63.216176746373236,56.994729476219526
RKT08,2024-08-25,68.0533417317922,89.32253097742304
RKT08,2024-08-26,61.338990524471356,63.71932605146503
RKT08,2024-08-27,61.19720433834096,95.27792197225236
RKT08,2024-08-28,78.7221882495776,94.58249079852578
RKT08,2024-08-29,90.0358169692178,106.12540290448554
RKT08,2024-08-30,79.08147522890833,74.30954565584481
RKT08,2024-08-31,68.71111715003286,62.761671909714444
RKT08,2024-09-01,58.948621781299344,51.79758876657202
RKT08,2024-09-02,46.36430495791388,35.914617363188526
RKT08,2024-09-03,51.015822028544996,63.438727371851904
RKT08,2024-09-04,54.08755013144217,56.376694284037974
RKT08,2024-09-05,46.12614019048946,56.421607625662546
RKT08,2024-09-06,40.284712493323845,38.86096892494846
RKT08,2024-09-07,68.25841977513939,65.45055671764239
RKT08,2024-09-08,51.668062475783046,75.03871944177664
RKT08,2024-09-09,38.68820593051138,35.23358739618944
RKT08,2024-09-10,28.683644456381447,33.270956852120214
RKT08,2024-09-11,16.9132725441191,31.254849619089256
RKT08,2024-09-12,19.790050658656316,22.17987853683675
RKT08,2024-09-13,30.598318393972832,44.74195133415842
RKT08,2024-09-14,72.25122738945737,47.18637612500096
RKT08,2024-09-15,78.97775234414102,79.97007058321061
RKT08,2024-09-16,73.60118626997863,69.54514103980284
RKT08,2024-09-17,68.13324034819779,72.56052703199362
RKT08,2024-09-18,87.66543184163781,85.60891981688664
RKT08,2024-09-19,40.25457875073931,46.77527503730045
RKT08,2024-09-20,36.99829039151142,33.94363972528414
RKT08,2024-09-21,57.98829747237704,62.21905293305912
RKT08,2024-09-22,54.22216943683453,38.315801778946074
RKT08,2024-09-23,23.685200325926928,23.29712575748538
RKT08,2024-09-24,21.95316546751958,33.962821573590666
RKT08,2024-09-25,109.61323560518517,54.38044505170811
RKT08,2024-09-26,122.71118470191087,127.22809082288329
RKT08,2024-09-27,60.84077101537873,81.91967761360466
RKT08,2024-09-28,91.28368549240034,73.2307173831134
RKT08,2024-09-29,97.22387942068909,77.94340146344183
RKT08,2024-09-30,78.02170520947536,84.14745939470008
